lead_id,priority_score,normalized_need_score,qualification,qualification_reason,confidence_score,review_opportunity_score,profile_gap_score,website_opportunity_score,business_value_score,reachability_score,business_name,niche,google_primary_category,category_fit,category_assessment,phone,phone_e164,line_type,carrier_name,cell_status,phone_queue,potential_owner_name,owner_source_url,owner_confidence,contact_window_estimate,city,market_city,state,street,postal_code,google_rating,google_reviews,google_rank_in_source_query,source_query_result_count,source_query_median_reviews,review_gap_summary,website,website_domain,website_opportunity,website_audited,website_audit_status,website_final_url,website_http_status,website_has_mobile_viewport,website_uses_wordpress,entry_offer,core_offer,website_offer,public_demand_proxy,profile_claimed_signal,profile_gaps,generic_listing_risk,likely_chain_or_franchise,google_maps_url,primary_place_id,source_query,scraped_at,legacy_priority_rank,duplicate_listing_count,alternate_business_names,alternate_place_ids,alternate_phones,overall_rank,call_ready_rank,call_queue_rank
phone:+14806487841,85,82,Call ready,Callable local service business with a measurable review/profile/website opportunity,95,28,10,20,13,9,Cj's Landscaping,landscaper,Landscaper,Yes,Target service category,(480) 648-7841,+14806487841,mobile,"T-Mobile USA, Inc.",CELL,Mobile verified,,,Not found,Tue-Thu 8:00-9:00 AM or 3:30-5:00 PM (estimate),Tempe,Tempe,Arizona,226 E Erie Dr,85282,5,12,4,7,59,12 reviews vs 59 median in this Google result set,,,No website listed,Yes,No website,,,,,14-day review capture trial; $97/mo if retained,$499-$749/mo GBP/local visibility,"$2,500-$5,000 WordPress build",Not established,Likely claimed,description not visible; fewer than 10 images; no owner updates found,No,No,https://www.google.com/maps/search/?api=1&query=Cj's%20Landscaping&query_place_id=ChIJZUuukZEJK4cRyrmFiIobT1c,ChIJZUuukZEJK4cRyrmFiIobT1c,landscaper Tempe AZ,2026-07-10T03:40:08.608Z,0,1,,,,1,1,1
phone:+16027028700,82,77,Call ready,Callable local service business with a measurable review/profile/website opportunity,90,25,10,20,15,8,Tactical Plumbing LLC,plumber,Plumber,Yes,Target service category,(602) 702-8700,+16027028700,mobile,Verizon Wireless,CELL,Mobile verified,,,Not found,Tue-Thu 9:00-11:00 AM (estimate),,Surprise,Arizona,,,4.9,79,7,7,411,79 reviews vs 411 median in this Google result set,,,No website listed,Yes,No website,,,,,14-day review capture trial; $97/mo if retained,$499-$749/mo GBP/local visibility,"$2,500-$5,000 WordPress build",Not established,Likely claimed,hours not visible; description not visible; no owner updates found,No,No,https://www.google.com/maps/search/?api=1&query=Tactical%20Plumbing%20LLC&query_place_id=ChIJwyxYOMpFK4cRNU2-vtfEEms,ChIJwyxYOMpFK4cRNU2-vtfEEms,plumber Surprise AZ,2026-07-10T03:38:33.190Z,0,1,,,,3,3,2
phone:+16238875125,81,76,Call ready,Callable local service business with a measurable review/profile/website opportunity,100,28,10,13,15,10,Elite HVAC Repair Scottsdale,hvac contractor,HVAC contractor,Yes,Target service category,(623) 887-5125,+16238875125,mobile,"Onvoy, LLC",CELL,Mobile verified,,,Not found,Tue-Thu 8:00-9:00 AM or 3:30-5:00 PM (estimate),Scottsdale,Scottsdale,Arizona,9661 Hayden Rd,85258,5,4,3,7,371,4 reviews vs 371 median in this Google result set,https://elitehvacrepairscottsdale.com/,elitehvacrepairscottsdale.com,Technical issues found,Yes,Needs technical review,https://elitehvacrepairscottsdale.com/,200,Yes,No,14-day review capture trial; $97/mo if retained,$499-$749/mo GBP/local visibility,"$2,500-$5,000 WordPress build",Not established,Likely claimed,description not visible; fewer than 10 images; no owner updates found,No,No,https://www.google.com/maps/search/?api=1&query=Elite%20HVAC%20Repair%20Scottsdale&query_place_id=ChIJzaKS_EkJxQkRlme0KmqCVMw,ChIJzaKS_EkJxQkRlme0KmqCVMw,HVAC contractor Scottsdale AZ,2026-07-10T03:40:20.924Z,0,1,,,,4,4,3
phone:+14805098107,79,76,Call ready,Callable local service business with a measurable review/profile/website opportunity,95,26,6,20,13,9,CITY2CITY LANDSCAPING AZ LLC,landscaper,Gardener,Yes,Target service category,(480) 509-8107,+14805098107,mobile,AT&T Wireless,CELL,Mobile verified,,,Not found,Tue-Thu 8:00-9:00 AM or 3:30-5:00 PM (estimate),Glendale,Glendale,Arizona,4400 W Missouri Ave,85301,4.8,18,2,7,64,18 reviews vs 64 median in this Google result set,,,No website listed,Yes,No website,,,,,14-day review capture trial; $97/mo if retained,$499-$749/mo GBP/local visibility,"$2,500-$5,000 WordPress build",Not established,Likely claimed,description not visible; no owner updates found,No,No,https://www.google.com/maps/search/?api=1&query=CITY2CITY%20LANDSCAPING%20AZ%20LLC&query_place_id=ChIJY4De4I2XCiYRd2nXDwAN1Ho,ChIJY4De4I2XCiYRd2nXDwAN1Ho,landscaper Glendale AZ,2026-07-10T03:39:43.025Z,0,1,,,,5,5,4
phone:+14807026165,78,73,Call ready,Callable local service business with a measurable review/profile/website opportunity,95,23,6,20,15,9,Affordable Plumber AZ LLC,plumber,Plumber,Yes,Target service category,(480) 702-6165,+14807026165,mobile,Verizon Wireless,CELL,Mobile verified,,,Not found,Tue-Thu 9:00-11:00 AM (estimate),Mesa,Mesa,Arizona,127 W Juanita Ave,85210,4.8,91,6,7,351,91 reviews vs 351 median in this Google result set,,,No website listed,Yes,No website,,,,,14-day review capture trial; $97/mo if retained,$499-$749/mo GBP/local visibility,"$2,500-$5,000 WordPress build",Not established,Likely claimed,description not visible; no owner updates found,No,No,https://www.google.com/maps/search/?api=1&query=Affordable%20Plumber%20AZ%20LLC&query_place_id=ChIJAWPAAa-nK4cRAoh-FA-wuIQ,ChIJAWPAAa-nK4cRAoh-FA-wuIQ,plumber Mesa AZ,2026-07-10T03:39:17.532Z,0,1,,,,7,7,5
phone:+16023305875,76,73,Call ready,Callable local service business with a measurable review/profile/website opportunity,95,19,12,18,13,9,Thompson Landscape,landscaper,Landscaper,Yes,Target service category,(602) 330-5875,+16023305875,mobile,T-Mobile USA,CELL,Mobile verified,,,Not found,Tue-Thu 9:00-11:00 AM (estimate),,Scottsdale,Arizona,,,5,22,7,7,28,22 reviews vs 28 median in this Google result set,https://thompsonlandscapeaz.com/?utm_campaign=gmb,thompsonlandscapeaz.com,Unreachable in technical check,Yes,Unreachable,,,,,14-day review capture trial; $97/mo if retained,$499-$749/mo GBP/local visibility,"$2,500-$5,000 WordPress build",Not established,Likely claimed,hours not visible; description not visible; no owner updates found,No,No,https://www.google.com/maps/search/?api=1&query=Thompson%20Landscape&query_place_id=ChIJrzbczKoWGm0RnhIuKQayObg,ChIJrzbczKoWGm0RnhIuKQayObg,landscaper Scottsdale AZ,2026-07-10T03:39:50.756Z,0,1,,,,8,8,6
phone:+14802686260,75,72,Call ready,Callable local service business with a measurable review/profile/website opportunity,100,24,10,13,13,10,Mesa Landscaping Arizona,landscaper,Landscaper,Yes,Target service category,(480) 268-6260,+14802686260,mobile,Verizon Wireless,CELL,Mobile verified,,,Not found,Tue-Thu 9:00-11:00 AM (estimate),Mesa,Mesa,Arizona,114 S 84th Way,85207,5,9,1,7,27,9 reviews vs 27 median in this Google result set,https://mesalandscapingarizona.com/,mesalandscapingarizona.com,Technical issues found,Yes,Needs technical review,https://mesalandscapingarizona.com/,200,Yes,No,14-day review capture trial; $97/mo if retained,$499-$749/mo GBP/local visibility,"$2,500-$5,000 WordPress build",Not established,Likely claimed,description not visible; fewer than 10 images; no owner updates found,No,No,https://www.google.com/maps/search/?api=1&query=Mesa%20Landscaping%20Arizona&query_place_id=ChIJNfZV8XklKQIRp5cZG1BtfFo,ChIJNfZV8XklKQIRp5cZG1BtfFo,landscaper Mesa AZ,2026-07-10T03:40:20.197Z,0,1,,,,9,9,7
phone:+16028027019,75,72,Call ready,Callable local service business with a measurable review/profile/website opportunity,100,28,6,13,13,10,Phillip's Landscaping Services,landscaper,Landscaper,Yes,Target service category,(602) 802-7019,+16028027019,mobile,"T-Mobile USA, Inc.",CELL,Mobile verified,,,Not found,Tue-Thu 9:00-11:00 AM (estimate),Chandler,Chandler,Arizona,501 W Harrison St,85225,4.9,11,4,7,51,11 reviews vs 51 median in this Google result set,http://phillipslandscapingaz.com/,phillipslandscapingaz.com,Technical issues found,Yes,Needs technical review,https://phillipslandscapingaz.com/,200,Yes,No,14-day review capture trial; $97/mo if retained,$499-$749/mo GBP/local visibility,"$2,500-$5,000 WordPress build",Not established,Likely claimed,description not visible; no owner updates found,No,No,https://www.google.com/maps/search/?api=1&query=Phillip's%20Landscaping%20Services&query_place_id=ChIJndV88MGrK4cRiEy7077DtwA,ChIJndV88MGrK4cRiEy7077DtwA,landscaper Chandler AZ,2026-07-10T03:39:21.431Z,0,1,,,,10,10,8
phone:+15203044903,72,69,Call ready,Callable local service business with a measurable review/profile/website opportunity,100,25,6,13,13,10,Arizona Sunset Landscaping,landscaper,Landscaper,Yes,Target service category,(520) 304-4903,+15203044903,mobile,Verizon Wireless,CELL,Mobile verified,,,Not found,Tue-Thu 8:00-9:00 AM or 3:30-5:00 PM (estimate),Tucson,Tucson,Arizona,1111 E Limberlost Dr,85719,4.7,26,3,7,70,26 reviews vs 70 median in this Google result set,http://arizonasunsetlandscaping.com/,arizonasunsetlandscaping.com,Technical issues found,Yes,Needs technical review,https://arizonasunsetlandscaping.com/,200,Yes,No,14-day review capture trial; $97/mo if retained,$499-$749/mo GBP/local visibility,"$2,500-$5,000 WordPress build",Not established,Likely claimed,description not visible; no owner updates found,No,No,https://www.google.com/maps/search/?api=1&query=Arizona%20Sunset%20Landscaping&query_place_id=ChIJjTmS696ZjYERj8o8diuxqys,ChIJjTmS696ZjYERj8o8diuxqys,landscaper Tucson AZ,2026-07-10T03:39:29.487Z,0,1,,,,12,12,9
phone:+19287794543,71,66,Call ready,Callable local service business with a measurable review/profile/website opportunity,100,29,10,2,15,10,Boyer Heating & Cooling,hvac contractor,HVAC contractor,Yes,Target service category,(928) 779-4543,+19287794543,mobile,Verizon Wireless,CELL,Mobile verified,,,Not found,Tue-Thu 9:00-11:00 AM (estimate),Flagstaff,Flagstaff,Arizona,1160 W Kaibab Ln,86001,4.2,27,7,7,154,27 reviews vs 154 median in this Google result set,https://www.boyerhc.com/,boyerhc.com,Basic technical checks pass,Yes,Basic checks pass,https://boyerhc.com/,200,Yes,Yes,14-day review capture trial; $97/mo if retained,$499-$749/mo GBP/local visibility,"$2,500-$5,000 WordPress build",Not established,Likely claimed,description not visible; fewer than 10 images; no owner updates found,No,No,https://www.google.com/maps/search/?api=1&query=Boyer%20Heating%20%26%20Cooling&query_place_id=ChIJ1Szlz8-FLYcRudkjeeJrz44,ChIJ1Szlz8-FLYcRudkjeeJrz44,HVAC contractor Flagstaff AZ,2026-07-10T03:39:07.379Z,0,1,,,,14,14,10
phone:+16023390398,70,67,Call ready,Callable local service business with a measurable review/profile/website opportunity,100,21,8,13,13,10,Cornerstone Landscape,landscaper,Landscape designer,Yes,Target service category,(602) 339-0398,+16023390398,mobile,Verizon Wireless,CELL,Mobile verified,,,Not found,Tue-Thu 9:00-11:00 AM (estimate),Glendale,Glendale,Arizona,7207 N 67th Ave,85303,4.7,35,5,7,64,35 reviews vs 64 median in this Google result set,http://azcornerstone.com/,azcornerstone.com,Technical issues found,Yes,Needs technical review,http://azcornerstone.com/,202,No,No,14-day review capture trial; $97/mo if retained,$499-$749/mo GBP/local visibility,"$2,500-$5,000 WordPress build",Not established,Likely claimed,description not visible; no owner updates found,No,No,https://www.google.com/maps/search/?api=1&query=Cornerstone%20Landscape&query_place_id=ChIJKR_AHOMTK4cRQQ9mVM-cHqg,ChIJKR_AHOMTK4cRQQ9mVM-cHqg,landscaper Glendale AZ,2026-07-10T03:39:37.600Z,0,1,,,,17,17,11
phone:+14802263912,70,67,Call ready,Callable local service business with a measurable review/profile/website opportunity,95,15,8,20,13,9,Jay's Lawns LLC,landscaper,Landscaper,Yes,Target service category,(480) 226-3912,+14802263912,mobile,Verizon Wireless,CELL,Mobile verified,,,Not found,Tue-Thu 9:00-11:00 AM (estimate),Scottsdale,Scottsdale,Arizona,6565 Thomas Rd,85251,5,28,6,7,28,28 reviews vs 28 median in this Google result set,,,No website listed,Yes,No website,,,,,14-day review capture trial; $97/mo if retained,$499-$749/mo GBP/local visibility,"$2,500-$5,000 WordPress build",Not established,Likely claimed,description not visible; no owner updates found,No,No,https://www.google.com/maps/search/?api=1&query=Jay's%20Lawns%20LLC&query_place_id=ChIJJY0AYOULK4cRCwFu0iVv4w4,ChIJJY0AYOULK4cRCwFu0iVv4w4,landscaper Scottsdale AZ,2026-07-10T03:40:01.946Z,0,1,,,,18,18,12
phone:+14802859363,69,66,Call ready,Callable local service business with a measurable review/profile/website opportunity,100,20,8,13,13,10,Bobby B's Landscaping,landscaper,Landscaper,Yes,Target service category,(480) 285-9363,+14802859363,mobile,Verizon Wireless,CELL,Mobile verified,,,Not found,Tue-Thu 8:00-9:00 AM or 3:30-5:00 PM (estimate),Scottsdale,Scottsdale,Arizona,7520 E North Ln,85258,5,15,4,7,28,15 reviews vs 28 median in this Google result set,https://bobbybservices.com/,bobbybservices.com,Technical issues found,Yes,Needs technical review,https://bobbybservices.com/,202,No,No,14-day review capture trial; $97/mo if retained,$499-$749/mo GBP/local visibility,"$2,500-$5,000 WordPress build",Not established,Likely claimed,description not visible; no owner updates found,No,No,https://www.google.com/maps/search/?api=1&query=Bobby%20B's%20Landscaping&query_place_id=ChIJAXkiztR1K4cRg9BvDvXH97I,ChIJAXkiztR1K4cRg9BvDvXH97I,landscaper Scottsdale AZ,2026-07-10T03:40:01.915Z,0,1,,,,19,19,13
phone:+16023268936,69,64,Call ready,Callable local service business with a measurable review/profile/website opportunity,95,17,10,13,15,9,Grand Canyon Refrigeration,hvac contractor,Air conditioning contractor,Yes,Target service category,(602) 326-8936,+16023268936,mobile,T-Mobile USA,CELL,Mobile verified,,,Not found,Tue-Thu 9:00-11:00 AM (estimate),,Peoria,Arizona,,,5,125,1,7,206,125 reviews vs 206 median in this Google result set,https://grandcanyonref.com/,grandcanyonref.com,Technical issues found,Yes,Needs technical review,https://grandcanyonref.com/,200,Yes,Yes,14-day review capture trial; $97/mo if retained,$499-$749/mo GBP/local visibility,"$2,500-$5,000 WordPress build",Moderate lifetime review footprint,Likely claimed,hours not visible; description not visible; no owner updates found,No,No,https://www.google.com/maps/search/?api=1&query=Grand%20Canyon%20Refrigeration&query_place_id=ChIJl8M5gvxHK4cRn16zhi1yOM0,ChIJl8M5gvxHK4cRn16zhi1yOM0,HVAC contractor Peoria AZ,2026-07-10T03:39:40.196Z,0,1,,,,24,24,14
phone:+14802669495,67,64,Call ready,Callable local service business with a measurable review/profile/website opportunity,95,28,10,2,13,9,Tempe Landscaping,landscaper,Landscaper,Yes,Target service category,(480) 266-9495,+14802669495,mobile,Verizon Wireless,CELL,Mobile verified,,,Not found,Tue-Thu 9:00-11:00 AM (estimate),,Tempe,Arizona,,,5,13,6,7,59,13 reviews vs 59 median in this Google result set,http://tempelandscaping.net/,tempelandscaping.net,Basic technical checks pass,Yes,Basic checks pass,https://tempelandscaping.net/,200,Yes,No,14-day review capture trial; $97/mo if retained,$499-$749/mo GBP/local visibility,"$2,500-$5,000 WordPress build",Not established,Likely claimed,hours not visible; description not visible; no owner updates found,No,No,https://www.google.com/maps/search/?api=1&query=Tempe%20Landscaping&query_place_id=ChIJDVOeAD0JK4cRx8GhTUk4abk,ChIJDVOeAD0JK4cRx8GhTUk4abk,landscaper Tempe AZ,2026-07-10T03:40:08.450Z,0,2,Bell De Mar Landscaping,ChIJdzE4djEHK4cRS6AAc9NxMMQ,,30,30,15
phone:+14803266774,66,63,Call ready,Callable local service business with a measurable review/profile/website opportunity,100,28,8,2,13,10,"Arizona Home and Landscape, Inc.",landscaper,Landscaper,Yes,Target service category,(480) 326-6774,+14803266774,mobile,AT&T Wireless,CELL,Mobile verified,,,Not found,Tue-Thu 9:00-11:00 AM (estimate),Chandler,Chandler,Arizona,3830 S Heath Way,85248,5,12,5,7,51,12 reviews vs 51 median in this Google result set,http://azhlandscapeinc.com/,azhlandscapeinc.com,Basic technical checks pass,Yes,Basic checks pass,https://azhlandscapeinc.com/,200,Yes,No,14-day review capture trial; $97/mo if retained,$499-$749/mo GBP/local visibility,"$2,500-$5,000 WordPress build",Not established,Likely claimed,description not visible; no owner updates found,No,No,https://www.google.com/maps/search/?api=1&query=Arizona%20Home%20and%20Landscape%2C%20Inc.&query_place_id=ChIJtR33KXUAK4cRXoTSsCCvAW4,ChIJtR33KXUAK4cRXoTSsCCvAW4,landscaper Chandler AZ,2026-07-10T03:39:21.047Z,0,1,,,,32,32,16
phone:+14802286693,66,63,Call ready,Callable local service business with a measurable review/profile/website opportunity,100,19,6,13,13,10,AZNativeScapes,landscaper,Landscaper,Yes,Target service category,(480) 228-6693,+14802286693,mobile,Verizon Wireless,CELL,Mobile verified,,,Not found,Tue-Thu 9:00-11:00 AM (estimate),Chandler,Chandler,Arizona,1344 N Chandler Cir,85225,5,30,6,7,51,30 reviews vs 51 median in this Google result set,http://aznativescapes.com/,aznativescapes.com,Technical issues found,Yes,Needs technical review,https://aznativescapes.com/index.html,200,Yes,No,14-day review capture trial; $97/mo if retained,$499-$749/mo GBP/local visibility,"$2,500-$5,000 WordPress build",Not established,Likely claimed,description not visible; no owner updates found,No,No,https://www.google.com/maps/search/?api=1&query=AZNativeScapes&query_place_id=ChIJM2DHWfKpK4cR_ff9p67mkzo,ChIJM2DHWfKpK4cR_ff9p67mkzo,landscaper Chandler AZ,2026-07-10T03:39:20.731Z,0,1,,,,33,33,17
phone:+16027990864,66,61,Call ready,Callable local service business with a measurable review/profile/website opportunity,95,25,10,2,15,9,WHAT Plumbing,plumber,Plumber,Yes,Target service category,(602) 799-0864,+16027990864,mobile,Verizon Wireless,CELL,Mobile verified,,,Not found,Tue-Thu 9:00-11:00 AM (estimate),,Gilbert,Arizona,,,5,110,8,7,500,110 reviews vs 500 median in this Google result set,https://whatplumbing.com/,whatplumbing.com,Basic technical checks pass,Yes,Basic checks pass,https://whatplumbing.com/,200,Yes,Yes,14-day review capture trial; $97/mo if retained,$499-$749/mo GBP/local visibility,"$2,500-$5,000 WordPress build",Moderate lifetime review footprint,Likely claimed,hours not visible; description not visible; no owner updates found,No,No,https://www.google.com/maps/search/?api=1&query=WHAT%20Plumbing&query_place_id=ChIJfSTAClAU2QURLaOt-Od3BnM,ChIJfSTAClAU2QURLaOt-Od3BnM,plumber Gilbert AZ,2026-07-10T03:39:52.812Z,0,1,,,,35,35,18
phone:+14802721317,65,60,Call ready,Callable local service business with a measurable review/profile/website opportunity,100,27,6,2,15,10,Scottsdale AC Pros - AC Repair and AC Replacement,hvac contractor,HVAC contractor,Yes,Target service category,(480) 272-1317,+14802721317,mobile,Verizon Wireless,CELL,Mobile verified,,,Not found,Tue-Thu 9:00-11:00 AM (estimate),Scottsdale,Scottsdale,Arizona,9719 E Presidio Rd,85260,5,33,6,7,371,33 reviews vs 371 median in this Google result set,https://scottsdaleacpros.com/?utm_medium=organic&utm_source=gmb&utm_campaign=main,scottsdaleacpros.com,Basic technical checks pass,Yes,Basic checks pass,https://scottsdaleacpros.com/?utm_medium=organic&utm_source=gmb&utm_campaign=main,200,Yes,No,14-day review capture trial; $97/mo if retained,$499-$749/mo GBP/local visibility,"$2,500-$5,000 WordPress build",Not established,Likely claimed,description not visible,No,No,https://www.google.com/maps/search/?api=1&query=Scottsdale%20AC%20Pros%20-%20AC%20Repair%20and%20AC%20Replacement&query_place_id=ChIJmUmeEp8BrgAR2q1HvqjrT8A,ChIJmUmeEp8BrgAR2q1HvqjrT8A,HVAC contractor Scottsdale AZ,2026-07-10T03:40:21.362Z,0,1,,,,36,36,19
phone:+19289413112,65,60,Call ready,Callable local service business with a measurable review/profile/website opportunity,100,23,10,2,15,10,Milo's Plumbing,plumber,Plumber,Yes,Target service category,(928) 941-3112,+19289413112,mobile,Verizon Wireless,CELL,Mobile verified,,,Not found,Tue-Thu 8:00-9:00 AM or 3:30-5:00 PM (estimate),Yuma,Yuma,Arizona,11130 S Shadow Ave,85365,4.6,82,4,7,265,82 reviews vs 265 median in this Google result set,https://www.milosplumbingllc.com/,milosplumbingllc.com,Basic technical checks pass,Yes,Basic checks pass,https://www.milosplumbingllc.com/,200,Yes,No,14-day review capture trial; $97/mo if retained,$499-$749/mo GBP/local visibility,"$2,500-$5,000 WordPress build",Not established,Likely claimed,description not visible; fewer than 10 images; no owner updates found,No,No,https://www.google.com/maps/search/?api=1&query=Milo's%20Plumbing&query_place_id=ChIJVVVVVaX31oARSxOvoLFcw0Q,ChIJVVVVVaX31oARSxOvoLFcw0Q,plumber Yuma AZ,2026-07-10T03:38:45.361Z,0,1,,,,38,38,20
phone:+16234879500,65,60,Call ready,Callable local service business with a measurable review/profile/website opportunity,100,27,6,2,15,10,Sav-On Plumbing,plumber,Plumber,Yes,Target service category,(623) 487-9500,+16234879500,mobile,Verizon Wireless,CELL,Mobile verified,,,Not found,Tue-Thu 9:00-11:00 AM (estimate),Glendale,Glendale,Arizona,7110 N 45th Ave,85301,4.8,140,3,7,1121,140 reviews vs 1121 median in this Google result set,https://sav-onplumbing.com/,sav-onplumbing.com,Basic technical checks pass,Yes,Basic checks pass,https://sav-onplumbing.com/,200,Yes,Yes,14-day review capture trial; $97/mo if retained,$499-$749/mo GBP/local visibility,"$2,500-$5,000 WordPress build",Moderate lifetime review footprint,Likely claimed,description not visible; no owner updates found,No,No,https://www.google.com/maps/search/?api=1&query=Sav-On%20Plumbing&query_place_id=ChIJpR2HFbJuK4cRUWgVUMPEIDQ,ChIJpR2HFbJuK4cRUWgVUMPEIDQ,plumber Glendale AZ,2026-07-10T03:39:44.246Z,0,1,,,,39,39,21
phone:+19283100419,64,61,Call ready,Callable local service business with a measurable review/profile/website opportunity,100,26,8,2,13,10,Stix and Stones Landscaping,landscaper,Landscaper,Yes,Target service category,(928) 310-0419,+19283100419,mobile,Verizon Wireless,CELL,Mobile verified,,,Not found,Tue-Thu 9:00-11:00 AM (estimate),Flagstaff,Flagstaff,Arizona,906 W Elizabeth Dr,86001,4.7,15,5,7,48,15 reviews vs 48 median in this Google result set,http://stixandstoneslandscaping.com/,stixandstoneslandscaping.com,Basic technical checks pass,Yes,Basic checks pass,https://stixandstoneslandscaping.com/,200,Yes,Yes,14-day review capture trial; $97/mo if retained,$499-$749/mo GBP/local visibility,"$2,500-$5,000 WordPress build",Not established,Likely claimed,description not visible; no owner updates found,No,No,https://www.google.com/maps/search/?api=1&query=Stix%20and%20Stones%20Landscaping&query_place_id=ChIJ3QKCe8yPLYcRw3oKzGBJvo4,ChIJ3QKCe8yPLYcRw3oKzGBJvo4,landscaper Flagstaff AZ,2026-07-10T03:39:05.795Z,0,1,,,,41,41,22
phone:+16025290025,62,57,Call ready,Callable local service business with a measurable review/profile/website opportunity,100,24,6,2,15,10,POP Plumbing LLC - Glendale,plumber,Plumber,Yes,Target service category,(602) 529-0025,+16025290025,mobile,T-Mobile USA,CELL,Mobile verified,,,Not found,Tue-Thu 8:00-9:00 AM or 3:30-5:00 PM (estimate),Glendale,Glendale,Arizona,8355 W Midway Ave,85305,5,169,5,7,1121,169 reviews vs 1121 median in this Google result set,http://popplumbing.co/,popplumbing.co,Basic technical checks pass,Yes,Basic checks pass,https://popplumbing.co/,200,Yes,No,14-day review capture trial; $97/mo if retained,$499-$749/mo GBP/local visibility,"$2,500-$5,000 WordPress build",Moderate lifetime review footprint,Likely claimed,description not visible; no owner updates found,No,No,https://www.google.com/maps/search/?api=1&query=POP%20Plumbing%20LLC%20-%20Glendale&query_place_id=ChIJVYRFo937wokRsT7sW0w7CWA,ChIJVYRFo937wokRsT7sW0w7CWA,plumber Glendale AZ,2026-07-10T03:39:34.597Z,0,1,,,,43,43,23
phone:+15208816000,62,57,Call ready,Callable local service business with a measurable review/profile/website opportunity,100,26,4,2,15,10,Tucson Plumbing,plumber,Plumber,Yes,Target service category,(520) 881-6000,+15208816000,mobile,Onvoy,CELL,Mobile verified,,,Not found,Tue-Thu 8:00-9:00 AM or 3:30-5:00 PM (estimate),Tucson,Tucson,Arizona,3322 N Richey Blvd,85716,4.7,300,1,7,1822,300 reviews vs 1822 median in this Google result set,https://tucsonplumbing.com/?utm_source=google&utm_medium=organic&utm_campaign=GMB,tucsonplumbing.com,Basic technical checks pass,Yes,Basic checks pass,https://tucsonplumbing.com/?utm_source=google&utm_medium=organic&utm_campaign=GMB,200,Yes,Yes,14-day review capture trial; $97/mo if retained,$499-$749/mo GBP/local visibility,"$2,500-$5,000 WordPress build",Moderate lifetime review footprint,Likely claimed,description not visible,No,No,https://www.google.com/maps/search/?api=1&query=Tucson%20Plumbing&query_place_id=ChIJT4D3bvBx1oYRVN0iG9n_KVk,ChIJT4D3bvBx1oYRVN0iG9n_KVk,plumber Tucson AZ,2026-07-10T03:40:00.987Z,0,1,,,,44,44,24
phone:+16236923947,62,59,Call ready,Callable local service business with a measurable review/profile/website opportunity,95,23,10,2,13,9,Paradise Pavers and Landscaping,landscaper,Landscape designer,Yes,Target service category,(623) 692-3947,+16236923947,mobile,Verizon Wireless,CELL,Mobile verified,,,Not found,Tue-Thu 9:00-11:00 AM (estimate),,Surprise,Arizona,,,5,45,4,7,107,45 reviews vs 107 median in this Google result set,https://paradisepaversaz.com/,paradisepaversaz.com,Basic technical checks pass,Yes,Basic checks pass,https://paradisepaversaz.com/,200,Yes,Yes,14-day review capture trial; $97/mo if retained,$499-$749/mo GBP/local visibility,"$2,500-$5,000 WordPress build",Not established,Likely claimed,hours not visible; description not visible; no owner updates found,No,No,https://www.google.com/maps/search/?api=1&query=Paradise%20Pavers%20and%20Landscaping&query_place_id=ChIJ57sqWV1TBaMR2YQxAUq6zxs,ChIJ57sqWV1TBaMR2YQxAUq6zxs,landscaper Surprise AZ,2026-07-10T03:40:02.930Z,0,1,,,,46,46,25
phone:+19286079501,60,57,Call ready,Callable local service business with a measurable review/profile/website opportunity,100,24,6,2,13,10,Yilmaz Landscaping,landscaper,Landscaper,Yes,Target service category,(928) 607-9501,+19286079501,mobile,Verizon Wireless,CELL,Mobile verified,,,Not found,Tue-Thu 9:00-11:00 AM (estimate),Flagstaff,Flagstaff,Arizona,101 Historic Rte 66,86001,5,15,7,7,48,15 reviews vs 48 median in this Google result set,https://yilmazlandscaping.com/,yilmazlandscaping.com,Basic technical checks pass,Yes,Basic checks pass,https://yilmazlandscaping.com/,200,Yes,No,14-day review capture trial; $97/mo if retained,$499-$749/mo GBP/local visibility,"$2,500-$5,000 WordPress build",Not established,Likely claimed,description not visible; no owner updates found,No,No,https://www.google.com/maps/search/?api=1&query=Yilmaz%20Landscaping&query_place_id=ChIJ1aQkuZxjH2ARlQ8hCAEY_0c,ChIJ1aQkuZxjH2ARlQ8hCAEY_0c,landscaper Flagstaff AZ,2026-07-10T03:39:04.660Z,0,1,,,,49,49,26
phone:+14807869284,60,57,Call ready,Callable local service business with a measurable review/profile/website opportunity,100,15,4,13,13,10,AC Macias Landscaping LLC,landscaper,Landscaper,Yes,Target service category,(480) 786-9284,+14807869284,mobile,AT&T Wireless,CELL,Mobile verified,,,Not found,Tue-Thu 9:00-11:00 AM (estimate),Mesa,Mesa,Arizona,3915 Aspen Ave,85206,5,25,2,7,27,25 reviews vs 27 median in this Google result set,https://www.acmaciaslandscapingllc.com/,acmaciaslandscapingllc.com,Technical issues found,Yes,Needs technical review,https://www.acmaciaslandscapingllc.com/,202,No,No,14-day review capture trial; $97/mo if retained,$499-$749/mo GBP/local visibility,"$2,500-$5,000 WordPress build",Not established,Likely claimed,description not visible,No,No,https://www.google.com/maps/search/?api=1&query=AC%20Macias%20Landscaping%20LLC&query_place_id=ChIJdwySIlivK4cRH1BmwMQ5Y4s,ChIJdwySIlivK4cRH1BmwMQ5Y4s,landscaper Mesa AZ,2026-07-10T03:40:20.466Z,0,1,,,,51,51,27
phone:+16026426883,60,57,Call ready,Callable local service business with a measurable review/profile/website opportunity,100,15,4,13,13,10,Az Empire Landscaping LLC.,landscaper,Landscape designer,Yes,Target service category,(602) 642-6883,+16026426883,mobile,AT&T Wireless,CELL,Mobile verified,,,Not found,Tue-Thu 8:00-9:00 AM or 3:30-5:00 PM (estimate),Glendale,Glendale,Arizona,6225 W Corrine Dr,85304,5,64,1,7,64,64 reviews vs 64 median in this Google result set,https://www.facebook.com/share/1EhnfaHY38/?mibextid=LQQJ4d,facebook.com,Technical issues found,Yes,Needs technical review,https://www.facebook.com/azempirelandscapingllc?mibextid=LQQJ4d&rdid=vNhC2v5N1IkaYqWB&share_url=https%3A%2F%2Fwww.facebook.com%2Fshare%2F1EhnfaHY38%2F%3Fmibextid%3DLQQJ4d,200,Yes,No,14-day review capture trial; $97/mo if retained,$499-$749/mo GBP/local visibility,"$2,500-$5,000 WordPress build",Not established,Likely claimed,description not visible,No,No,https://www.google.com/maps/search/?api=1&query=Az%20Empire%20Landscaping%20LLC.&query_place_id=ChIJ68Y8VK1pK4cR4RlbDn7fm3Q,ChIJ68Y8VK1pK4cR4RlbDn7fm3Q,landscaper Glendale AZ,2026-07-10T03:39:41.490Z,0,1,,,,52,52,28
phone:+15208338982,60,55,Call ready,Callable local service business with a measurable review/profile/website opportunity,100,24,4,2,15,10,HVAC Heating & Cooling LLC,hvac contractor,Air conditioning contractor,Yes,Target service category,(520) 833-8982,+15208338982,mobile,Verizon Wireless,CELL,Mobile verified,,,Not found,Tue-Thu 9:00-11:00 AM (estimate),Tucson,Tucson,Arizona,2150 W Canada St,85746,5,199,5,7,2219,199 reviews vs 2219 median in this Google result set,http://hvacheatingandcoolingllc.com/,hvacheatingandcoolingllc.com,Basic technical checks pass,Yes,Basic checks pass,https://hvacheatingandcoolingllc.com/,200,Yes,Yes,14-day review capture trial; $97/mo if retained,$499-$749/mo GBP/local visibility,"$2,500-$5,000 WordPress build",Moderate lifetime review footprint,Likely claimed,description not visible,No,No,https://www.google.com/maps/search/?api=1&query=HVAC%20Heating%20%26%20Cooling%20LLC&query_place_id=ChIJl6C85xV51oYRyRxYNtR4Ssc,ChIJl6C85xV51oYRyRxYNtR4Ssc,HVAC contractor Tucson AZ,2026-07-10T03:40:14.717Z,0,1,,,,53,53,29
phone:+14803618458,60,55,Call ready,Callable local service business with a measurable review/profile/website opportunity,100,22,6,2,15,10,Simply The Best Heating And Cooling,hvac contractor,HVAC contractor,Yes,Target service category,(480) 361-8458,+14803618458,mobile,Verizon Wireless,CELL,Mobile verified,,,Not found,Tue-Thu 8:00-9:00 AM or 3:30-5:00 PM (estimate),Gilbert,Gilbert,Arizona,1530 E Williams Field Rd #201,85295,4.5,208,7,7,501,208 reviews vs 501 median in this Google result set,https://www.simplythebestac.com/,simplythebestac.com,Basic technical checks pass,Yes,Basic checks pass,https://simplythebestac.com/,200,Yes,Yes,14-day review capture trial; $97/mo if retained,$499-$749/mo GBP/local visibility,"$2,500-$5,000 WordPress build",Moderate lifetime review footprint,Likely claimed,description not visible; no owner updates found,No,No,https://www.google.com/maps/search/?api=1&query=Simply%20The%20Best%20Heating%20And%20Cooling&query_place_id=ChIJuaYkBwOpK4cROWxlHD0y8sE,ChIJuaYkBwOpK4cROWxlHD0y8sE,HVAC contractor Gilbert AZ,2026-07-10T03:39:52.028Z,0,1,,,,54,54,30
phone:+14803866980,60,55,Call ready,Callable local service business with a measurable review/profile/website opportunity,100,18,10,2,15,10,A/C Experts,hvac contractor,HVAC contractor,Yes,Target service category,(480) 386-6980,+14803866980,mobile,Verizon Wireless,CELL,Mobile verified,,,Not found,Tue-Thu 8:00-9:00 AM or 3:30-5:00 PM (estimate),Tempe,Tempe,Arizona,331 S River Dr #4,85288,4.7,263,4,7,449,263 reviews vs 449 median in this Google result set,http://acexpertsaz.com/,acexpertsaz.com,Basic technical checks pass,Yes,Basic checks pass,https://acexpertsaz.com/,200,Yes,Yes,14-day review capture trial; $97/mo if retained,$499-$749/mo GBP/local visibility,"$2,500-$5,000 WordPress build",Moderate lifetime review footprint,Likely claimed,description not visible; fewer than 10 images; no owner updates found,No,No,https://www.google.com/maps/search/?api=1&query=A%2FC%20Experts&query_place_id=ChIJ9wKO9G8JK4cRenRVmaAQCNI,ChIJ9wKO9G8JK4cRenRVmaAQCNI,HVAC contractor Tempe AZ,2026-07-10T03:39:43.511Z,0,1,,,,56,56,31
phone:+19285021522,59,54,Call ready,Callable local service business with a measurable review/profile/website opportunity,100,21,6,2,15,10,Advanced Plumbing Solutions LLC,plumber,Plumber,Yes,Target service category,(928) 502-1522,+19285021522,mobile,Verizon Wireless,CELL,Mobile verified,,,Not found,Tue-Thu 8:00-9:00 AM or 3:30-5:00 PM (estimate),Yuma,Yuma,Arizona,3550 W 21st St,85364,5,96,2,7,265,96 reviews vs 265 median in this Google result set,http://www.advancedplumbingyuma.com/,advancedplumbingyuma.com,Basic technical checks pass,Yes,Basic checks pass,https://advancedplumbingyuma.com/,200,Yes,No,14-day review capture trial; $97/mo if retained,$499-$749/mo GBP/local visibility,"$2,500-$5,000 WordPress build",Not established,Likely claimed,description not visible; no owner updates found,No,No,https://www.google.com/maps/search/?api=1&query=Advanced%20Plumbing%20Solutions%20LLC&query_place_id=ChIJZdduqVunEkYRpXXkHhMmz-w,ChIJZdduqVunEkYRpXXkHhMmz-w,plumber Yuma AZ,2026-07-10T03:38:46.674Z,0,1,,,,61,61,32
phone:+16026904648,59,56,Call ready,Callable local service business with a measurable review/profile/website opportunity,95,9,10,13,13,9,Rockwell Landscape Maintenance,landscaper,Landscaper,Yes,Target service category,(602) 690-4648,+16026904648,mobile,Verizon Wireless,CELL,Mobile verified,,,Not found,Tue-Thu 9:00-11:00 AM (estimate),,Glendale,Arizona,,,4.9,78,7,7,64,78 reviews vs 64 median in this Google result set,http://www.rockwelllandscapemaintenance.com/,rockwelllandscapemaintenance.com,Technical issues found,Yes,Needs technical review,http://www.rockwelllandscapemaintenance.com/,202,No,No,14-day review capture trial; $97/mo if retained,$499-$749/mo GBP/local visibility,"$2,500-$5,000 WordPress build",Not established,Likely claimed,hours not visible; description not visible; no owner updates found,No,No,https://www.google.com/maps/search/?api=1&query=Rockwell%20Landscape%20Maintenance&query_place_id=ChIJJTXL91Gs9ksRcSOcSf3iVes,ChIJJTXL91Gs9ksRcSOcSf3iVes,landscaper Glendale AZ,2026-07-10T03:39:35.569Z,0,1,,,,62,62,33
phone:+14803495386,58,53,Call ready,Callable local service business with a measurable review/profile/website opportunity,100,20,6,2,15,10,Alex & Bros Plumbing,plumber,Plumber,Yes,Target service category,(480) 349-5386,+14803495386,mobile,Verizon Wireless,CELL,Mobile verified,,,Not found,Tue-Thu 8:00-9:00 AM or 3:30-5:00 PM (estimate),Peoria,Peoria,Arizona,7162 W Rue De Lamour,85381,5,444,6,7,1531,444 reviews vs 1531 median in this Google result set,https://www.alexandbrosplumbing.com/,alexandbrosplumbing.com,Basic technical checks pass,Yes,Basic checks pass,https://www.alexandbrosplumbing.com/,200,Yes,No,14-day review capture trial; $97/mo if retained,$499-$749/mo GBP/local visibility,"$2,500-$5,000 WordPress build",Moderate lifetime review footprint,Likely claimed,description not visible; no owner updates found,No,No,https://www.google.com/maps/search/?api=1&query=Alex%20%26%20Bros%20Plumbing&query_place_id=ChIJPbONz8UwYaMRA2vcnh2INLY,ChIJPbONz8UwYaMRA2vcnh2INLY,plumber Peoria AZ,2026-07-10T03:38:20.822Z,0,1,,,,64,64,34
phone:+14802289239,58,55,Call ready,Callable local service business with a measurable review/profile/website opportunity,95,5,6,20,13,9,Lion Landscaping AZ LLC,landscaper,Landscaper,Yes,Target service category,(480) 228-9239,+14802289239,mobile,AT&T Wireless,CELL,Mobile verified,,,Not found,Tue-Thu 9:00-11:00 AM (estimate),Tempe,Tempe,Arizona,5235 S Kyrene Rd #206,85283,5,134,2,7,59,134 reviews vs 59 median in this Google result set,,,No website listed,Yes,No website,,,,,14-day review capture trial; $97/mo if retained,$499-$749/mo GBP/local visibility,"$2,500-$5,000 WordPress build",Moderate lifetime review footprint,Likely claimed,description not visible; no owner updates found,No,No,https://www.google.com/maps/search/?api=1&query=Lion%20Landscaping%20AZ%20LLC&query_place_id=ChIJe_M0cZgHK4cRNb9GowQa3KQ,ChIJe_M0cZgHK4cRNb9GowQa3KQ,landscaper Tempe AZ,2026-07-10T03:40:10.194Z,0,1,,,,65,65,35
phone:+16025797612,57,52,Call ready,Callable local service business with a measurable review/profile/website opportunity,100,21,4,2,15,10,Roadrunner Plumber,plumber,Plumber,Yes,Target service category,(602) 579-7612,+16025797612,mobile,Verizon Wireless,CELL,Mobile verified,,,Not found,Tue-Thu 8:00-9:00 AM or 3:30-5:00 PM (estimate),Surprise,Surprise,Arizona,17786 W Gambit Trail,85387,4.9,115,3,7,411,115 reviews vs 411 median in this Google result set,https://roadrunnerplumber.com/,roadrunnerplumber.com,Basic technical checks pass,Yes,Basic checks pass,https://roadrunnerplumber.com/,200,Yes,Yes,14-day review capture trial; $97/mo if retained,$499-$749/mo GBP/local visibility,"$2,500-$5,000 WordPress build",Moderate lifetime review footprint,Likely claimed,description not visible,No,No,https://www.google.com/maps/search/?api=1&query=Roadrunner%20Plumber&query_place_id=ChIJEbeh_z9oK4cRF-zwusGZrMI,ChIJEbeh_z9oK4cRF-zwusGZrMI,plumber Surprise AZ,2026-07-10T03:38:49.499Z,0,1,,,,68,68,36
phone:+14805019155,56,53,Call ready,Callable local service business with a measurable review/profile/website opportunity,95,19,8,2,13,9,Sal’s Landscape Construction,landscaper,Landscaper,Yes,Target service category,(480) 501-9155,+14805019155,mobile,AT&T Wireless,CELL,Mobile verified,,,Not found,Tue-Thu 9:00-11:00 AM (estimate),,Phoenix,Arizona,,,5,62,6,7,80,62 reviews vs 80 median in this Google result set,https://www.salslandscapeconstruction.com/,salslandscapeconstruction.com,Basic technical checks pass,Yes,Basic checks pass,https://www.salslandscapeconstruction.com/,200,Yes,No,14-day review capture trial; $97/mo if retained,$499-$749/mo GBP/local visibility,"$2,500-$5,000 WordPress build",Not established,Likely claimed,hours not visible; description not visible,No,No,https://www.google.com/maps/search/?api=1&query=Sal%E2%80%99s%20Landscape%20Construction&query_place_id=ChIJt1d0cqMRK4cR_rSnWJmZB_c,ChIJt1d0cqMRK4cR_rSnWJmZB_c,landscaper Phoenix AZ,2026-07-10T03:39:00.512Z,0,1,,,,78,78,37
phone:+19282879035,55,52,Call ready,Callable local service business with a measurable review/profile/website opportunity,100,19,6,2,13,10,Arturo's Artistic Landscaping,landscaper,Landscaper,Yes,Target service category,(928) 287-9035,+19282879035,mobile,Verizon Wireless,CELL,Mobile verified,,,Not found,Tue-Thu 9:00-11:00 AM (estimate),Yuma,Yuma,Arizona,12426 S Renee Ave,85367,5,22,3,7,39,22 reviews vs 39 median in this Google result set,https://www.arturoartisticlandscaping.com/,arturoartisticlandscaping.com,Basic technical checks pass,Yes,Basic checks pass,https://arturoartisticlandscaping.com/,200,Yes,Yes,14-day review capture trial; $97/mo if retained,$499-$749/mo GBP/local visibility,"$2,500-$5,000 WordPress build",Not established,Likely claimed,description not visible; no owner updates found,No,No,https://www.google.com/maps/search/?api=1&query=Arturo's%20Artistic%20Landscaping&query_place_id=ChIJ7a4-SpMLu0IRJ9mtcS76UE4,ChIJ7a4-SpMLu0IRJ9mtcS76UE4,landscaper Yuma AZ,2026-07-10T03:38:37.667Z,0,1,,,,79,79,38
phone:+14802898802,55,52,Call ready,Callable local service business with a measurable review/profile/website opportunity,100,15,10,2,13,10,Alpha Landscape LLC,landscaper,Landscaper,Yes,Target service category,(480) 289-8802,+14802898802,mobile,Verizon Wireless,CELL,Mobile verified,,,Not found,Tue-Thu 9:00-11:00 AM (estimate),Mesa,Mesa,Arizona,145 E Main St,85201,4.9,27,6,7,27,27 reviews vs 27 median in this Google result set,https://alphalandscapellc.com/,alphalandscapellc.com,Basic technical checks pass,Yes,Basic checks pass,https://alphalandscapellc.com/,200,Yes,No,14-day review capture trial; $97/mo if retained,$499-$749/mo GBP/local visibility,"$2,500-$5,000 WordPress build",Not established,Likely claimed,description not visible; fewer than 10 images; no owner updates found,No,No,https://www.google.com/maps/search/?api=1&query=Alpha%20Landscape%20LLC&query_place_id=ChIJxzA98gynK4cRdDMVDLDhQE0,ChIJxzA98gynK4cRdDMVDLDhQE0,landscaper Mesa AZ,2026-07-10T03:40:21.298Z,0,1,,,,80,80,39
phone:+16232044512,55,52,Call ready,Callable local service business with a measurable review/profile/website opportunity,100,19,6,2,13,10,2 Brothers Landscape LLC,landscaper,Landscaper,Yes,Target service category,(623) 204-4512,+16232044512,mobile,AT&T Wireless,CELL,Mobile verified,,,Not found,Tue-Thu 9:00-11:00 AM (estimate),Peoria,Peoria,Arizona,7101 W Country Gables Dr,85381,4.9,32,3,7,59,32 reviews vs 59 median in this Google result set,http://2brotherslandscape2.com/,2brotherslandscape2.com,Basic technical checks pass,Yes,Basic checks pass,https://2brotherslandscape2.com/,200,Yes,No,14-day review capture trial; $97/mo if retained,$499-$749/mo GBP/local visibility,"$2,500-$5,000 WordPress build",Not established,Likely claimed,description not visible; no owner updates found,No,No,https://www.google.com/maps/search/?api=1&query=2%20Brothers%20Landscape%20LLC&query_place_id=ChIJ-4xcG4ZpK4cRcII4XrQoaF4,ChIJ-4xcG4ZpK4cRcII4XrQoaF4,landscaper Peoria AZ,2026-07-10T03:38:17.342Z,0,1,,,,81,81,40
phone:+16025252606,55,52,Call ready,Callable local service business with a measurable review/profile/website opportunity,95,15,8,5,13,9,Core Landscape,landscaper,Landscaper,Yes,Target service category,(602) 525-2606,+16025252606,mobile,Verizon Wireless,CELL,Mobile verified,,,Not found,Tue-Thu 9:00-11:00 AM (estimate),,Gilbert,Arizona,,,4.7,135,7,7,135,135 reviews vs 135 median in this Google result set,http://www.corelandscapeaz.com/,corelandscapeaz.com,Automated check blocked - manual review,Yes,Blocked from automated check,https://corelandscape.com/,403,No,No,14-day review capture trial; $97/mo if retained,$499-$749/mo GBP/local visibility,"$2,500-$5,000 WordPress build",Moderate lifetime review footprint,Likely claimed,hours not visible; description not visible,No,No,https://www.google.com/maps/search/?api=1&query=Core%20Landscape&query_place_id=ChIJdfNyl3SvK4cRlzjnRAFIN4k,ChIJdfNyl3SvK4cRlzjnRAFIN4k,landscaper Gilbert AZ,2026-07-10T03:39:36.694Z,0,1,,,,85,85,41
phone:+19283442632,54,49,Call ready,Callable local service business with a measurable review/profile/website opportunity,100,18,4,2,15,10,Polar Cooling,hvac contractor,HVAC contractor,Yes,Target service category,(928) 344-2632,+19283442632,mobile,"Onvoy, LLC",CELL,Mobile verified,,,Not found,Tue-Thu 8:00-9:00 AM or 3:30-5:00 PM (estimate),Yuma,Yuma,Arizona,2734 E 14th St,85365,4.7,181,4,7,316,181 reviews vs 316 median in this Google result set,http://www.polarcooling.net/,polarcooling.net,Basic technical checks pass,Yes,Basic checks pass,https://polarcooling.net/,200,Yes,Yes,14-day review capture trial; $97/mo if retained,$499-$749/mo GBP/local visibility,"$2,500-$5,000 WordPress build",Moderate lifetime review footprint,Likely claimed,description not visible,No,No,https://www.google.com/maps/search/?api=1&query=Polar%20Cooling&query_place_id=ChIJyQ_iTEv11oARvQ9ixDVk4IE,ChIJyQ_iTEv11oARvQ9ixDVk4IE,HVAC contractor Yuma AZ,2026-07-10T03:38:40.481Z,0,1,,,,87,87,42
phone:+19283900615,54,51,Call ready,Callable local service business with a measurable review/profile/website opportunity,95,17,8,2,13,9,OSC One Stop Construction and Landscaping,landscaper,Landscape designer,Yes,Target service category,(928) 390-0615,+19283900615,mobile,Verizon Wireless,CELL,Mobile verified,,,Not found,Tue-Thu 9:00-11:00 AM (estimate),,Yuma,Arizona,,,4.7,39,4,7,39,39 reviews vs 39 median in this Google result set,https://www.oscyuma.com/,oscyuma.com,Basic technical checks pass,Yes,Basic checks pass,https://oscyuma.com/,200,Yes,No,14-day review capture trial; $97/mo if retained,$499-$749/mo GBP/local visibility,"$2,500-$5,000 WordPress build",Not established,Likely claimed,hours not visible; description not visible,No,No,https://www.google.com/maps/search/?api=1&query=OSC%20One%20Stop%20Construction%20and%20Landscaping&query_place_id=ChIJxSwsKC7vAikRXs2-GXwbXNA,ChIJxSwsKC7vAikRXs2-GXwbXNA,landscaper Yuma AZ,2026-07-10T03:38:37.633Z,0,1,,,,92,92,43
phone:+16029319494,54,51,Call ready,Callable local service business with a measurable review/profile/website opportunity,95,15,10,2,13,9,YardworkAZ,landscaper,Landscaper,Yes,Target service category,(602) 931-9494,+16029319494,mobile,Verizon Wireless,CELL,Mobile verified,,,Not found,Tue-Thu 9:00-11:00 AM (estimate),,Chandler,Arizona,,,5,51,7,7,51,51 reviews vs 51 median in this Google result set,https://yardworkaz.com/,yardworkaz.com,Basic technical checks pass,Yes,Basic checks pass,https://yardworkaz.com/,200,Yes,Yes,14-day review capture trial; $97/mo if retained,$499-$749/mo GBP/local visibility,"$2,500-$5,000 WordPress build",Not established,Likely claimed,hours not visible; description not visible; no owner updates found,No,No,https://www.google.com/maps/search/?api=1&query=YardworkAZ&query_place_id=ChIJX3kdRterK4cRHUW_HUq0cJs,ChIJX3kdRterK4cRHUW_HUq0cJs,landscaper Chandler AZ,2026-07-10T03:39:18.613Z,0,1,,,,93,93,44
phone:+14809539601,54,51,Call ready,Callable local service business with a measurable review/profile/website opportunity,95,15,10,2,13,9,G.O.A.L Landscaping LLC,landscaper,Landscaper,Yes,Target service category,(480) 953-9601,+14809539601,mobile,"T-Mobile USA, Inc.",CELL,Mobile verified,,,Not found,Tue-Thu 9:00-11:00 AM (estimate),,Peoria,Arizona,,,5,59,4,7,59,59 reviews vs 59 median in this Google result set,https://www.goallandscaping.com/,goallandscaping.com,Basic technical checks pass,Yes,Basic checks pass,https://goallandscaping.com/,200,Yes,No,14-day review capture trial; $97/mo if retained,$499-$749/mo GBP/local visibility,"$2,500-$5,000 WordPress build",Not established,Likely claimed,hours not visible; description not visible; no owner updates found,No,No,https://www.google.com/maps/search/?api=1&query=G.O.A.L%20Landscaping%20LLC&query_place_id=ChIJfVRN2wHpfioRTTaDvWJRgvU,ChIJfVRN2wHpfioRTTaDvWJRgvU,landscaper Peoria AZ,2026-07-10T03:38:17.819Z,0,1,,,,94,94,45
phone:+14805704995,54,51,Call ready,Callable local service business with a measurable review/profile/website opportunity,95,17,8,2,13,9,Landscape 20/20 LLC,landscaper,Landscaper,Yes,Target service category,(480) 570-4995,+14805704995,mobile,Verizon Wireless,CELL,Mobile verified,,,Not found,Tue-Thu 9:00-11:00 AM (estimate),,Phoenix,Arizona,,,4.8,69,7,7,80,69 reviews vs 80 median in this Google result set,https://landscape2020.com/,landscape2020.com,Basic technical checks pass,Yes,Basic checks pass,https://landscape2020.com/,200,Yes,Yes,14-day review capture trial; $97/mo if retained,$499-$749/mo GBP/local visibility,"$2,500-$5,000 WordPress build",Not established,Likely claimed,hours not visible; description not visible,No,No,https://www.google.com/maps/search/?api=1&query=Landscape%2020%2F20%20LLC&query_place_id=ChIJaQuwPAVvK4cR765hHHTZkM4,ChIJaQuwPAVvK4cR765hHHTZkM4,landscaper Phoenix AZ,2026-07-10T03:38:57.051Z,0,1,,,,95,95,46
phone:+16023992332,53,50,Call ready,Callable local service business with a measurable review/profile/website opportunity,100,17,6,2,13,10,"Reyes Lawn Service, Inc.",landscaper,Landscaper,Yes,Target service category,(602) 399-2332,+16023992332,mobile,Verizon Wireless,CELL,Mobile verified,,,Not found,Tue-Thu 9:00-11:00 AM (estimate),Glendale,Glendale,Arizona,13857 N 46th Ave,85306,4.8,62,6,7,64,62 reviews vs 64 median in this Google result set,https://reyeslawnservice.net/home,reyeslawnservice.net,Basic technical checks pass,Yes,Basic checks pass,https://reyeslawnservice.net/home,200,Yes,No,14-day review capture trial; $97/mo if retained,$499-$749/mo GBP/local visibility,"$2,500-$5,000 WordPress build",Not established,Likely claimed,description not visible; no owner updates found,No,No,https://www.google.com/maps/search/?api=1&query=Reyes%20Lawn%20Service%2C%20Inc.&query_place_id=ChIJme327qBpK4cR6C_vBqRaa8c,ChIJme327qBpK4cR6C_vBqRaa8c,landscaper Glendale AZ,2026-07-10T03:39:37.026Z,0,1,,,,97,97,47
phone:+19282596330,53,48,Call ready,Callable local service business with a measurable review/profile/website opportunity,95,12,10,2,15,9,Blue Line Air Conditioning & Refrigeration,hvac contractor,HVAC contractor,Yes,Target service category,(928) 259-6330,+19282596330,mobile,T-Mobile USA,CELL,Mobile verified,,,Not found,Tue-Thu 9:00-11:00 AM (estimate),,Yuma,Arizona,,,5,269,2,7,316,269 reviews vs 316 median in this Google result set,http://www.azblueline.com/,azblueline.com,Basic technical checks pass,Yes,Basic checks pass,https://www.azblueline.com/,200,Yes,No,14-day review capture trial; $97/mo if retained,$499-$749/mo GBP/local visibility,"$2,500-$5,000 WordPress build",Moderate lifetime review footprint,Likely claimed,hours not visible; description not visible; no owner updates found,No,No,https://www.google.com/maps/search/?api=1&query=Blue%20Line%20Air%20Conditioning%20%26%20Refrigeration&query_place_id=ChIJSwJcff9f1oARxZvxNEC4BX8,ChIJSwJcff9f1oARxZvxNEC4BX8,HVAC contractor Yuma AZ,2026-07-10T03:38:42.540Z,0,1,,,,109,109,48
phone:+16028595365,51,46,Call ready,Callable local service business with a measurable review/profile/website opportunity,95,12,8,2,15,9,Top Notch Plumbing and Drain,plumber,Plumber,Yes,Target service category,(602) 859-5365,+16028595365,mobile,Verizon Wireless,CELL,Mobile verified,,,Not found,Tue-Thu 9:00-11:00 AM (estimate),,Gilbert,Arizona,,,5,500,3,7,500,500 reviews vs 500 median in this Google result set,https://www.topnotchplumbinganddrain.com/,topnotchplumbinganddrain.com,Basic technical checks pass,Yes,Basic checks pass,https://www.topnotchplumbinganddrain.com/,200,Yes,No,14-day review capture trial; $97/mo if retained,$499-$749/mo GBP/local visibility,"$2,500-$5,000 WordPress build",Large lifetime review footprint,Likely claimed,hours not visible; description not visible,No,No,https://www.google.com/maps/search/?api=1&query=Top%20Notch%20Plumbing%20and%20Drain&query_place_id=ChIJ_Xvss-hTKocRRohlfeR9m-Q,ChIJ_Xvss-hTKocRRohlfeR9m-Q,plumber Gilbert AZ,2026-07-10T03:39:55.092Z,0,1,,,,121,121,49
phone:+16025500722,50,45,Call ready,Callable local service business with a measurable review/profile/website opportunity,100,12,6,2,15,10,Total Care Heating & Cooling LLC,hvac contractor,HVAC contractor,Yes,Target service category,(602) 550-0722,+16025500722,mobile,Verizon Wireless,CELL,Mobile verified,Sammy Sayegh,https://totalcareheatingandcoolingaz.com/about-us/,Explicit website text,Tue-Thu 9:00-11:00 AM (estimate),Peoria,Peoria,Arizona,8617 W Salter Dr,85382,5,206,6,7,206,206 reviews vs 206 median in this Google result set,http://totalcareheatingandcoolingaz.com/,totalcareheatingandcoolingaz.com,Basic technical checks pass,Yes,Basic checks pass,https://totalcareheatingandcoolingaz.com/,200,Yes,Yes,14-day review capture trial; $97/mo if retained,$499-$749/mo GBP/local visibility,"$2,500-$5,000 WordPress build",Moderate lifetime review footprint,Likely claimed,description not visible; no owner updates found,No,No,https://www.google.com/maps/search/?api=1&query=Total%20Care%20Heating%20%26%20Cooling%20LLC&query_place_id=ChIJlzvGJ1FdK4cRuDKmZ2uYPE4,ChIJlzvGJ1FdK4cRuDKmZ2uYPE4,HVAC contractor Peoria AZ,2026-07-10T03:39:39.367Z,0,1,,,,124,124,50
phone:+19282208108,50,45,Call ready,Callable local service business with a measurable review/profile/website opportunity,100,14,4,2,15,10,Quick Refrigeration,hvac contractor,Air conditioning contractor,Yes,Target service category,(928) 220-8108,+19282208108,mobile,"Onvoy, LLC",CELL,Mobile verified,,,Not found,Tue-Thu 8:00-9:00 AM or 3:30-5:00 PM (estimate),Yuma,Yuma,Arizona,190 W 10th St,85364,4.6,316,3,7,316,316 reviews vs 316 median in this Google result set,https://getcoolquick.com/,getcoolquick.com,Basic technical checks pass,Yes,Basic checks pass,https://getcoolquick.com/,200,Yes,Yes,14-day review capture trial; $97/mo if retained,$499-$749/mo GBP/local visibility,"$2,500-$5,000 WordPress build",Moderate lifetime review footprint,Likely claimed,description not visible,No,No,https://www.google.com/maps/search/?api=1&query=Quick%20Refrigeration&query_place_id=ChIJzdzpAHX21oAR0HHP88s1svA,ChIJzdzpAHX21oAR0HHP88s1svA,HVAC contractor Yuma AZ,2026-07-10T03:38:41.905Z,0,1,,,,126,126,51
phone:+16027807100,50,45,Call ready,Callable local service business with a measurable review/profile/website opportunity,100,12,6,2,15,10,AC Repair Near Me,hvac contractor,HVAC contractor,Yes,Target service category,(602) 780-7100,+16027807100,mobile,Onvoy,CELL,Mobile verified,,,Not found,Tue-Thu 8:00-9:00 AM or 3:30-5:00 PM (estimate),Chandler,Chandler,Arizona,77 W Chicago St Unit 4,85225,5,935,7,7,988,935 reviews vs 988 median in this Google result set,https://acrepairnearme.services/,acrepairnearme.services,Basic technical checks pass,Yes,Basic checks pass,https://acrepairnearme.services/,200,Yes,Yes,14-day review capture trial; $97/mo if retained,$499-$749/mo GBP/local visibility,"$2,500-$5,000 WordPress build",Large lifetime review footprint,Likely claimed,description not visible; no owner updates found,No,No,https://www.google.com/maps/search/?api=1&query=AC%20Repair%20Near%20Me&query_place_id=ChIJFQUTNbQrWm4RHN-lTVdtN4k,ChIJFQUTNbQrWm4RHN-lTVdtN4k,HVAC contractor Chandler AZ,2026-07-10T03:39:51.697Z,0,1,,,,127,127,52
phone:+14802700734,50,47,Call ready,Callable local service business with a measurable review/profile/website opportunity,95,11,10,2,13,9,Cactus Landscaping Llc,landscaper,Lawn care service,Yes,Target service category,(480) 270-0734,+14802700734,mobile,AT&T Wireless,CELL,Mobile verified,,,Not found,Tue-Thu 9:00-11:00 AM (estimate),,Mesa,Arizona,,,4.9,30,5,7,27,30 reviews vs 27 median in this Google result set,https://cactuslandscapingllc.com/,cactuslandscapingllc.com,Basic technical checks pass,Yes,Basic checks pass,https://cactuslandscapingllc.com/,200,Yes,Yes,14-day review capture trial; $97/mo if retained,$499-$749/mo GBP/local visibility,"$2,500-$5,000 WordPress build",Not established,Likely claimed,hours not visible; description not visible; no owner updates found,No,No,https://www.google.com/maps/search/?api=1&query=Cactus%20Landscaping%20Llc&query_place_id=ChIJt5cI6oArkYcR8xuKRoiSUGc,ChIJt5cI6oArkYcR8xuKRoiSUGc,landscaper Mesa AZ,2026-07-10T03:40:20.173Z,0,1,,,,128,128,53
phone:+19285263659,84,79,Call ready,Callable local service business with a measurable review/profile/website opportunity,95,25,10,20,15,9,Royal Plumbing & Rooter Services,plumber,Plumber,Yes,Target service category,(928) 526-3659,+19285263659,fixedVoip,Cablevision Lightpath,landline,VoIP - fixed,,,Not found,Tue-Thu 8:00-9:00 AM or 3:30-5:00 PM (estimate),Flagstaff,Flagstaff,Arizona,2804 N West St,86004,4.4,71,7,7,148,71 reviews vs 148 median in this Google result set,,,No website listed,Yes,No website,,,,,14-day review capture trial; $97/mo if retained,$499-$749/mo GBP/local visibility,"$2,500-$5,000 WordPress build",Not established,Likely claimed,description not visible; fewer than 10 images; no owner updates found,No,No,https://www.google.com/maps/search/?api=1&query=Royal%20Plumbing%20%26%20Rooter%20Services&query_place_id=ChIJi3JuSiqPLYcRlxkCavnSWn8,ChIJi3JuSiqPLYcRlxkCavnSWn8,plumber Flagstaff AZ,2026-07-10T03:39:50.079Z,0,1,,,,2,2,54
phone:+16238722900,78,73,Call ready,Callable local service business with a measurable review/profile/website opportunity,95,19,10,20,15,9,"Cool Blew, Inc.",hvac contractor,HVAC contractor,Yes,Target service category,(623) 872-2900,+16238722900,nonFixedVoip,"Re-Invent Telecom, LLC - AZ",voip(maybe cell),VoIP - possible mobile,,,Not found,Tue-Thu 8:00-9:00 AM or 3:30-5:00 PM (estimate),Surprise,Surprise,Arizona,15911 N 174th Ave,85388,4.1,69,3,7,136,69 reviews vs 136 median in this Google result set,,,No website listed,Yes,No website,,,,,14-day review capture trial; $97/mo if retained,$499-$749/mo GBP/local visibility,"$2,500-$5,000 WordPress build",Not established,Likely claimed,description not visible; fewer than 10 images; no owner updates found,No,No,https://www.google.com/maps/search/?api=1&query=Cool%20Blew%2C%20Inc.&query_place_id=ChIJ0begWP5PK4cRFFCPYOKQSs8,ChIJ0begWP5PK4cRFFCPYOKQSs8,HVAC contractor Surprise AZ,2026-07-10T03:40:17.167Z,0,1,,,,6,6,55
phone:+14805251624,73,70,Call ready,Callable local service business with a measurable review/profile/website opportunity,100,24,8,13,13,10,Coastal Landscaping Solutions,landscaper,Landscaper,Yes,Target service category,(480) 525-1624,+14805251624,nonFixedVoip,Twilio - SMS/MMS-SVR,voip(maybe cell),VoIP - possible mobile,,,Not found,Tue-Thu 9:00-11:00 AM (estimate),Mesa,Mesa,Arizona,153 S Mesa Dr Apt 2,85210,5,10,7,7,27,10 reviews vs 27 median in this Google result set,http://mesalandscapingcompany.com/,mesalandscapingcompany.com,Technical issues found,Yes,Needs technical review,http://mesalandscapingcompany.com/,200,Yes,No,14-day review capture trial; $97/mo if retained,$499-$749/mo GBP/local visibility,"$2,500-$5,000 WordPress build",Not established,Likely claimed,description not visible; no owner updates found,No,No,https://www.google.com/maps/search/?api=1&query=Coastal%20Landscaping%20Solutions&query_place_id=ChIJOaOBxsinK4cRJ3OnDPhTYdM,ChIJOaOBxsinK4cRJ3OnDPhTYdM,landscaper Mesa AZ,2026-07-10T03:40:19.909Z,0,1,,,,11,11,56
phone:+14809633302,72,67,Call ready,Callable local service business with a measurable review/profile/website opportunity,100,19,10,13,15,10,Roy Dossey Plumbing,plumber,Plumber,Yes,Target service category,(480) 963-3302,+14809633302,nonFixedVoip,Twilio - SMS/MMS-SVR,voip(maybe cell),VoIP - possible mobile,,,Not found,Tue-Thu 8:00-9:00 AM or 3:30-5:00 PM (estimate),Chandler,Chandler,Arizona,120 E Highland St,85225,4.6,76,6,7,151,76 reviews vs 151 median in this Google result set,http://www.roydosseyplumbing.com/,roydosseyplumbing.com,Technical issues found,Yes,Needs technical review,http://www.roydosseyplumbing.com/,200,Yes,No,14-day review capture trial; $97/mo if retained,$499-$749/mo GBP/local visibility,"$2,500-$5,000 WordPress build",Not established,Likely claimed,description not visible; fewer than 10 images; no owner updates found,No,No,https://www.google.com/maps/search/?api=1&query=Roy%20Dossey%20Plumbing&query_place_id=ChIJP0cCr-6pK4cRVY0NPskgpJY,ChIJP0cCr-6pK4cRVY0NPskgpJY,plumber Chandler AZ,2026-07-10T03:39:24.465Z,0,1,,,,13,13,57
phone:+19285977374,70,67,Call ready,Callable local service business with a measurable review/profile/website opportunity,100,19,10,13,13,10,Master Landscaping of Yuma,landscaper,Landscaper,Yes,Target service category,(928) 597-7374,+19285977374,nonFixedVoip,Twilio - SMS/MMS-SVR,voip(maybe cell),VoIP - possible mobile,,,Not found,Tue-Thu 8:00-9:00 AM or 3:30-5:00 PM (estimate),Yuma,Yuma,Arizona,1850 S Avenue B,85364,5,29,1,7,39,29 reviews vs 39 median in this Google result set,https://masterlandscapingyuma.site/,masterlandscapingyuma.site,Technical issues found,Yes,Needs technical review,https://masterlandscapingyuma.site/,200,Yes,No,14-day review capture trial; $97/mo if retained,$499-$749/mo GBP/local visibility,"$2,500-$5,000 WordPress build",Not established,Likely claimed,description not visible; fewer than 10 images; no owner updates found,No,No,https://www.google.com/maps/search/?api=1&query=Master%20Landscaping%20of%20Yuma&query_place_id=ChIJZ0eI2eGG3wER_-cD6h8s8f8,ChIJZ0eI2eGG3wER_-cD6h8s8f8,landscaper Yuma AZ,2026-07-10T03:38:39.136Z,0,1,,,,15,15,58
phone:+16028880933,70,67,Call ready,Callable local service business with a measurable review/profile/website opportunity,100,23,6,13,13,10,Phoenix Outdoor Living,landscaper,Landscaper,Yes,Target service category,(602) 888-0933,+16028880933,nonFixedVoip,Google (Grand Central) - SVR,voip(maybe cell),VoIP - possible mobile,,,Not found,Tue-Thu 9:00-11:00 AM (estimate),Surprise,Surprise,Arizona,25246 N 143rd Ln,85387,4.9,32,7,7,107,32 reviews vs 107 median in this Google result set,http://phxoutdoorliving.com/,phxoutdoorliving.com,Technical issues found,Yes,Needs technical review,https://www.phxoutdoorliving.com/,200,Yes,No,14-day review capture trial; $97/mo if retained,$499-$749/mo GBP/local visibility,"$2,500-$5,000 WordPress build",Not established,Likely claimed,description not visible; no owner updates found,No,No,https://www.google.com/maps/search/?api=1&query=Phoenix%20Outdoor%20Living&query_place_id=ChIJiWncjQBbK4cRJ1XnJu3Iq3w,ChIJiWncjQBbK4cRJ1XnJu3Iq3w,landscaper Surprise AZ,2026-07-10T03:40:02.908Z,0,1,,,,16,16,59
phone:+16027309081,69,64,Call ready,Callable local service business with a measurable review/profile/website opportunity,100,27,10,2,15,10,AZ Home Services Group AC Repair & Plumbing Services of Mesa,hvac contractor,Air conditioning contractor,Yes,Target service category,(602) 730-9081,+16027309081,nonFixedVoip,Bandwidth/15 - Bandwidth.com - SVR,voip(maybe cell),VoIP - possible mobile,,,Not found,Tue-Thu 8:00-9:00 AM or 3:30-5:00 PM (estimate),Mesa,Mesa,Arizona,3707 E Southern Ave,85206,5,30,6,7,170,30 reviews vs 170 median in this Google result set,https://azhomeservices.group/service-areas/mesa-arizona-air-conditioner-plumbing-services/,azhomeservices.group,Basic technical checks pass,Yes,Basic checks pass,https://azhomeservices.group/service-areas/mesa-arizona-air-conditioner-plumbing-services/,200,Yes,Yes,14-day review capture trial; $97/mo if retained,$499-$749/mo GBP/local visibility,"$2,500-$5,000 WordPress build",Not established,Likely claimed,description not visible; fewer than 10 images; no owner updates found,No,No,https://www.google.com/maps/search/?api=1&query=AZ%20Home%20Services%20Group%20AC%20Repair%20%26%20Plumbing%20Services%20of%20Mesa&query_place_id=ChIJK1GV4lmvK4cRiLYjp73n8qs,ChIJK1GV4lmvK4cRiLYjp73n8qs,HVAC contractor Mesa AZ,2026-07-10T03:39:25.707Z,0,1,,,,20,20,60
phone:+16029627901,69,64,Call ready,Callable local service business with a measurable review/profile/website opportunity,100,27,10,2,15,10,HVAC Mesa,hvac contractor,HVAC contractor,Yes,Target service category,(602) 962-7901,+16029627901,nonFixedVoip,Twilio - SMS/MMS-SVR,voip(maybe cell),VoIP - possible mobile,,,Not found,Tue-Thu 8:00-9:00 AM or 3:30-5:00 PM (estimate),Mesa,Mesa,Arizona,1818 E Southern Ave,85204,5,42,3,7,170,42 reviews vs 170 median in this Google result set,https://www.hvacmesa.net/,hvacmesa.net,Basic technical checks pass,Yes,Basic checks pass,https://www.hvacmesa.net/,200,Yes,No,14-day review capture trial; $97/mo if retained,$499-$749/mo GBP/local visibility,"$2,500-$5,000 WordPress build",Not established,Likely claimed,description not visible; fewer than 10 images; no owner updates found,No,No,https://www.google.com/maps/search/?api=1&query=HVAC%20Mesa&query_place_id=ChIJhUuN61-oK4cRc8rEhFH0yy8,ChIJhUuN61-oK4cRc8rEhFH0yy8,HVAC contractor Mesa AZ,2026-07-10T03:39:26.847Z,0,1,,,,21,21,61
phone:+16233434953,69,64,Call ready,Callable local service business with a measurable review/profile/website opportunity,100,20,6,13,15,10,Saguaro Plumbing And Air Of Tempe,hvac contractor,Air conditioning repair service,Yes,Target service category,(623) 343-4953,+16233434953,nonFixedVoip,Twilio - SMS/MMS-SVR,voip(maybe cell),VoIP - possible mobile,,,Not found,Tue-Thu 8:00-9:00 AM or 3:30-5:00 PM (estimate),Tempe,Tempe,Arizona,5024 S Ash Ave Unit 107,85282,5,183,7,7,449,183 reviews vs 449 median in this Google result set,https://saguaroplumbingandair.com/tempe/,saguaroplumbingandair.com,Technical issues found,Yes,Needs technical review,https://saguaroplumbingandair.com/tempe/,202,No,No,14-day review capture trial; $97/mo if retained,$499-$749/mo GBP/local visibility,"$2,500-$5,000 WordPress build",Now: Usually as busy as it gets,Likely claimed,description not visible; no owner updates found,No,No,https://www.google.com/maps/search/?api=1&query=Saguaro%20Plumbing%20And%20Air%20Of%20Tempe&query_place_id=ChIJBQwYxsYHK4cROz2-Q5eqjDU,ChIJBQwYxsYHK4cROz2-Q5eqjDU,HVAC contractor Tempe AZ,2026-07-10T03:39:43.796Z,0,1,,,,22,22,62
phone:+16234620357,69,64,Call ready,Callable local service business with a measurable review/profile/website opportunity,100,20,6,13,15,10,All Season Plumbing And Air,hvac contractor,HVAC contractor,Yes,Target service category,(623) 462-0357,+16234620357,nonFixedVoip,Twilio - SMS/MMS-SVR,voip(maybe cell),VoIP - possible mobile,,,Not found,Tue-Thu 8:00-9:00 AM or 3:30-5:00 PM (estimate),Tempe,Tempe,Arizona,405 W Southern Ave Unit 1-105,85282,5,191,5,7,449,191 reviews vs 449 median in this Google result set,https://allseasonsplumbingandair.com/tempe/?utm_source=gmb&utm_medium=tempe,allseasonsplumbingandair.com,Technical issues found,Yes,Needs technical review,https://allseasonsplumbingandair.com/tempe/?utm_source=gmb&utm_medium=tempe,202,No,No,14-day review capture trial; $97/mo if retained,$499-$749/mo GBP/local visibility,"$2,500-$5,000 WordPress build",Moderate lifetime review footprint,Likely claimed,description not visible; no owner updates found,No,No,https://www.google.com/maps/search/?api=1&query=All%20Season%20Plumbing%20And%20Air&query_place_id=ChIJ3QV-F4YJK4cRsEU-VaHc4fE,ChIJ3QV-F4YJK4cRsEU-VaHc4fE,HVAC contractor Tempe AZ,2026-07-10T03:39:43.445Z,0,1,,,,23,23,63
phone:+14808219550,67,62,Call ready,Callable local service business with a measurable review/profile/website opportunity,100,27,8,2,15,10,Mr. Plumber AZ,plumber,Plumber,Yes,Target service category,(480) 821-9550,+14808219550,nonFixedVoip,Twilio - SMS/MMS-SVR,voip(maybe cell),VoIP - possible mobile,,,Not found,Tue-Thu 8:00-9:00 AM or 3:30-5:00 PM (estimate),Chandler,Chandler,Arizona,221 E Chilton Dr,85225,5,35,7,7,151,35 reviews vs 151 median in this Google result set,https://www.mrplumberaz.com/,mrplumberaz.com,Basic technical checks pass,Yes,Basic checks pass,https://www.mrplumberaz.com/,200,Yes,No,14-day review capture trial; $97/mo if retained,$499-$749/mo GBP/local visibility,"$2,500-$5,000 WordPress build",Not established,Likely claimed,description not visible; no owner updates found,No,No,https://www.google.com/maps/search/?api=1&query=Mr.%20Plumber%20AZ&query_place_id=ChIJ54Q36VSpK4cRbqx2wJ9dQ-Y,ChIJ54Q36VSpK4cRbqx2wJ9dQ-Y,plumber Chandler AZ,2026-07-10T03:39:22.710Z,0,1,,,,25,25,64
phone:+19284405388,67,62,Call ready,Callable local service business with a measurable review/profile/website opportunity,100,25,10,2,15,10,Executive Heating & Air Conditioning,hvac contractor,HVAC contractor,Yes,Target service category,(928) 440-5388,+19284405388,nonFixedVoip,Suddenlink Communications,voip(maybe cell),VoIP - possible mobile,,,Not found,Tue-Thu 9:00-11:00 AM (estimate),Flagstaff,Flagstaff,Arizona,8215 N Springfield Dr,86004,4.4,41,2,7,154,41 reviews vs 154 median in this Google result set,http://www.executiveaz.com/,executiveaz.com,Basic technical checks pass,Yes,Basic checks pass,https://www.executiveaz.com/,200,Yes,Yes,14-day review capture trial; $97/mo if retained,$499-$749/mo GBP/local visibility,"$2,500-$5,000 WordPress build",Not established,Likely claimed,description not visible; fewer than 10 images; no owner updates found,No,No,https://www.google.com/maps/search/?api=1&query=Executive%20Heating%20%26%20Air%20Conditioning&query_place_id=ChIJJZxLvcCLLYcR_l_dW-Plm3Q,ChIJJZxLvcCLLYcR_l_dW-Plm3Q,HVAC contractor Flagstaff AZ,2026-07-10T03:39:09.817Z,0,1,,,,26,26,65
phone:+14809459583,67,62,Call ready,Callable local service business with a measurable review/profile/website opportunity,100,27,8,2,15,10,Scottsdale Plumbing Co,plumber,Plumber,Yes,Target service category,(480) 945-9583,+14809459583,nonFixedVoip,Bandwidth/13 - Bandwidth.com - Infobip,voip(maybe cell),VoIP - possible mobile,,,Not found,Tue-Thu 9:00-11:00 AM (estimate),Scottsdale,Scottsdale,Arizona,7214 E Granada Rd,85257,4,46,5,7,540,46 reviews vs 540 median in this Google result set,http://www.scottsdaleplumbing.com/?utm_campaign=gmb,scottsdaleplumbing.com,Basic technical checks pass,Yes,Basic checks pass,https://www.scottsdaleplumbing.com/?utm_campaign=gmb,200,Yes,Yes,14-day review capture trial; $97/mo if retained,$499-$749/mo GBP/local visibility,"$2,500-$5,000 WordPress build",Not established,Likely claimed,description not visible; fewer than 10 images,No,No,https://www.google.com/maps/search/?api=1&query=Scottsdale%20Plumbing%20Co&query_place_id=ChIJM1wHM8QLK4cRFaKEk8RGtbk,ChIJM1wHM8QLK4cRFaKEk8RGtbk,plumber Scottsdale AZ,2026-07-10T03:39:58.914Z,0,1,,,,27,27,66
phone:+14809413945,67,62,Call ready,Callable local service business with a measurable review/profile/website opportunity,100,27,8,2,15,10,Maricopa Air Conditioning and Heating,hvac contractor,HVAC contractor,Yes,Target service category,(480) 941-3945,+14809413945,nonFixedVoip,Twilio - SMS/MMS-SVR,voip(maybe cell),VoIP - possible mobile,,,Not found,Tue-Thu 8:00-9:00 AM or 3:30-5:00 PM (estimate),Scottsdale,Scottsdale,Arizona,3011 N 73rd St Suite 111,85251,5,48,1,7,371,48 reviews vs 371 median in this Google result set,https://www.maricopaair.com/,maricopaair.com,Basic technical checks pass,Yes,Basic checks pass,https://www.maricopaair.com/,200,Yes,No,14-day review capture trial; $97/mo if retained,$499-$749/mo GBP/local visibility,"$2,500-$5,000 WordPress build",Not established,Likely claimed,description not visible; no owner updates found,No,No,https://www.google.com/maps/search/?api=1&query=Maricopa%20Air%20Conditioning%20and%20Heating&query_place_id=ChIJmWFqjVwLK4cRLvm_A8URe9s,ChIJmWFqjVwLK4cRLvm_A8URe9s,HVAC contractor Scottsdale AZ,2026-07-10T03:40:23.001Z,0,1,,,,28,28,67
phone:+19287837062,67,62,Call ready,Callable local service business with a measurable review/profile/website opportunity,100,29,6,2,15,10,Comstock Air,hvac contractor,HVAC contractor,Yes,Target service category,(928) 783-7062,+19287837062,nonFixedVoip,"Allo Communications, LLC",voip(maybe cell),VoIP - possible mobile,,,Not found,Tue-Thu 8:00-9:00 AM or 3:30-5:00 PM (estimate),Yuma,Yuma,Arizona,1250 S 3rd Ave,85364,4.3,71,6,7,316,71 reviews vs 316 median in this Google result set,https://www.comstockairyuma.com/?utm_source=google&utm_medium=organic&utm_campaign=gbp,comstockairyuma.com,Basic technical checks pass,Yes,Basic checks pass,https://comstockairyuma.com/?utm_source=google&utm_medium=organic&utm_campaign=gbp,200,Yes,Yes,14-day review capture trial; $97/mo if retained,$499-$749/mo GBP/local visibility,"$2,500-$5,000 WordPress build",Not established,Likely claimed,description not visible; no owner updates found,No,No,https://www.google.com/maps/search/?api=1&query=Comstock%20Air&query_place_id=ChIJ4dRrEQv21oARPewLdp88Y1w,ChIJ4dRrEQv21oARPewLdp88Y1w,HVAC contractor Yuma AZ,2026-07-10T03:38:40.140Z,0,1,,,,29,29,68
phone:+16234282110,67,62,Call ready,Callable local service business with a measurable review/profile/website opportunity,95,13,12,13,15,9,Divine Heating and Cooling,hvac contractor,HVAC contractor,Yes,Target service category,(623) 428-2110,+16234282110,nonFixedVoip,Bandwidth/13 - Bandwidth.com - Infobip,voip(maybe cell),VoIP - possible mobile,,,Not found,Tue-Thu 9:00-11:00 AM (estimate),,Surprise,Arizona,,,5,136,4,7,136,136 reviews vs 136 median in this Google result set,https://divineheatingandcooling.com/,divineheatingandcooling.com,Technical issues found,Yes,Needs technical review,https://divineheatingandcooling.com/,202,No,No,14-day review capture trial; $97/mo if retained,$499-$749/mo GBP/local visibility,"$2,500-$5,000 WordPress build",Moderate lifetime review footprint,Likely claimed,hours not visible; description not visible; no owner updates found,No,No,https://www.google.com/maps/search/?api=1&query=Divine%20Heating%20and%20Cooling&query_place_id=ChIJbTxhDqpKbWgRrmqXjAQsGik,ChIJbTxhDqpKbWgRrmqXjAQsGik,HVAC contractor Surprise AZ,2026-07-10T03:40:15.173Z,0,1,,,,31,31,69
phone:+14802569344,66,63,Call ready,Callable local service business with a measurable review/profile/website opportunity,100,19,6,13,13,10,Copper State Home and Outdoor Co.,landscaper,Landscape designer,Yes,Target service category,(480) 256-9344,+14802569344,nonFixedVoip,Twilio - SMS/MMS-SVR,voip(maybe cell),VoIP - possible mobile,,,Not found,Tue-Thu 9:00-11:00 AM (estimate),Gilbert,Gilbert,Arizona,1530 E Williams Field Rd #201,85295,5,68,4,7,135,68 reviews vs 135 median in this Google result set,https://www.copperstatehomeco.com/,copperstatehomeco.com,Technical issues found,Yes,Needs technical review,https://www.copperstatehomeco.com/,200,Yes,No,14-day review capture trial; $97/mo if retained,$499-$749/mo GBP/local visibility,"$2,500-$5,000 WordPress build",Not established,Likely claimed,description not visible; no owner updates found,No,No,https://www.google.com/maps/search/?api=1&query=Copper%20State%20Home%20and%20Outdoor%20Co.&query_place_id=ChIJGUos8yetK4cRria8Fd3eoDI,ChIJGUos8yetK4cRria8Fd3eoDI,landscaper Gilbert AZ,2026-07-10T03:39:38.406Z,0,1,,,,34,34,70
phone:+17255504284,65,60,Call ready,Callable local service business with a measurable review/profile/website opportunity,100,23,10,2,15,10,Comfort Systems of Arizona LLC,hvac contractor,HVAC contractor,Yes,Target service category,(725) 550-4284,+17255504284,nonFixedVoip,Telnyx - Windstream - SVR,voip(maybe cell),VoIP - possible mobile,,,Not found,Tue-Thu 8:00-9:00 AM or 3:30-5:00 PM (estimate),Flagstaff,Flagstaff,Arizona,5311 E Empire Ave,86004,4.9,55,4,7,154,55 reviews vs 154 median in this Google result set,http://www.flagstaffcomfortsystems.com/,flagstaffcomfortsystems.com,Basic technical checks pass,Yes,Basic checks pass,https://flagstaffcomfortsystems.com/,200,Yes,Yes,14-day review capture trial; $97/mo if retained,$499-$749/mo GBP/local visibility,"$2,500-$5,000 WordPress build",Not established,Likely claimed,description not visible; fewer than 10 images; no owner updates found,No,No,https://www.google.com/maps/search/?api=1&query=Comfort%20Systems%20of%20Arizona%20LLC&query_place_id=ChIJMSCq2DiPLYcRvNiX3s9sOs4,ChIJMSCq2DiPLYcRvNiX3s9sOs4,HVAC contractor Flagstaff AZ,2026-07-10T03:39:10.442Z,0,1,,,,37,37,71
phone:+16028949141,64,61,Call ready,Callable local service business with a measurable review/profile/website opportunity,100,28,6,2,13,10,Scottsdale Landscaping,landscaper,Landscaper,Yes,Target service category,(602) 894-9141,+16028949141,nonFixedVoip,Twilio - SMS/MMS-SVR,voip(maybe cell),VoIP - possible mobile,,,Not found,Tue-Thu 9:00-11:00 AM (estimate),Scottsdale,Scottsdale,Arizona,8880 E Vía Linda #103,85258,5,4,2,7,28,4 reviews vs 28 median in this Google result set,https://scottsdalelandscaping.net/,scottsdalelandscaping.net,Basic technical checks pass,Yes,Basic checks pass,https://scottsdalelandscaping.net/,200,Yes,Yes,14-day review capture trial; $97/mo if retained,$499-$749/mo GBP/local visibility,"$2,500-$5,000 WordPress build",Not established,Likely claimed,description not visible,No,No,https://www.google.com/maps/search/?api=1&query=Scottsdale%20Landscaping&query_place_id=ChIJp5903vN1K4cRAr1nxLt6wQo,ChIJp5903vN1K4cRAr1nxLt6wQo,landscaper Scottsdale AZ,2026-07-10T03:40:01.669Z,0,1,,,,40,40,72
phone:+15203237697,64,59,Call ready,Callable local service business with a measurable review/profile/website opportunity,100,26,6,2,15,10,Curtis Plumbing,plumber,Plumber,Yes,Target service category,(520) 323-7697,+15203237697,nonFixedVoip,Bandwidth/15 - Bandwidth.com - SVR,voip(maybe cell),VoIP - possible mobile,,,Not found,Tue-Thu 8:00-9:00 AM or 3:30-5:00 PM (estimate),Tucson,Tucson,Arizona,4281 E Tennessee St,85714,4.8,222,6,7,1822,222 reviews vs 1822 median in this Google result set,https://curtisplumbing.net/,curtisplumbing.net,Basic technical checks pass,Yes,Basic checks pass,https://curtisplumbing.net/,200,Yes,Yes,14-day review capture trial; $97/mo if retained,$499-$749/mo GBP/local visibility,"$2,500-$5,000 WordPress build",Moderate lifetime review footprint,Likely claimed,description not visible; no owner updates found,No,No,https://www.google.com/maps/search/?api=1&query=Curtis%20Plumbing&query_place_id=ChIJ2Zt96TRl1oYR6F74ZcRhZBc,ChIJ2Zt96TRl1oYR6F74ZcRhZBc,plumber Tucson AZ,2026-07-10T03:39:59.664Z,0,1,,,,42,42,73
phone:+15209009010,62,57,Call ready,Callable local service business with a measurable review/profile/website opportunity,100,24,6,2,15,10,Plumber of Tucson,plumber,Plumber,Yes,Target service category,(520) 900-9010,+15209009010,nonFixedVoip,Bandwidth/13 - Bandwidth.com - Infobip,voip(maybe cell),VoIP - possible mobile,,,Not found,Tue-Thu 8:00-9:00 AM or 3:30-5:00 PM (estimate),Tucson,Tucson,Arizona,2420 W Ruthrauff Rd #100,85705,4.9,353,2,7,1822,353 reviews vs 1822 median in this Google result set,https://plumberoftucson.com/,plumberoftucson.com,Basic technical checks pass,Yes,Basic checks pass,https://plumberoftucson.com/,200,Yes,Yes,14-day review capture trial; $97/mo if retained,$499-$749/mo GBP/local visibility,"$2,500-$5,000 WordPress build",Moderate lifetime review footprint,Likely claimed,description not visible; no owner updates found,No,No,https://www.google.com/maps/search/?api=1&query=Plumber%20of%20Tucson&query_place_id=ChIJ__-Po1Fw1oYRMM9-08W0cCQ,ChIJ__-Po1Fw1oYRMM9-08W0cCQ,plumber Tucson AZ,2026-07-10T03:40:00.194Z,0,1,,,,45,45,74
phone:+16027302794,61,58,Call ready,Callable local service business with a measurable review/profile/website opportunity,100,25,6,2,13,10,"Greenheart Landscapes, LLC",landscaper,Landscape designer,Yes,Target service category,(602) 730-2794,+16027302794,nonFixedVoip,Google (Grand Central) - SVR,voip(maybe cell),VoIP - possible mobile,,,Not found,Tue-Thu 9:00-11:00 AM (estimate),Tempe,Tempe,Arizona,2535 E University Dr #6,85288,4.7,27,1,7,59,27 reviews vs 59 median in this Google result set,https://www.greenheartlandscapes.com/,greenheartlandscapes.com,Basic technical checks pass,Yes,Basic checks pass,https://greenheartlandscapes.com/,200,Yes,Yes,14-day review capture trial; $97/mo if retained,$499-$749/mo GBP/local visibility,"$2,500-$5,000 WordPress build",Not established,Likely claimed,description not visible; no owner updates found,No,No,https://www.google.com/maps/search/?api=1&query=Greenheart%20Landscapes%2C%20LLC&query_place_id=ChIJy_FQQC61mKMRST3klVPFlAo,ChIJy_FQQC61mKMRST3klVPFlAo,landscaper Tempe AZ,2026-07-10T03:40:16.121Z,0,1,,,,47,47,75
phone:+16233437600,61,56,Call ready,Callable local service business with a measurable review/profile/website opportunity,100,21,8,2,15,10,Hunter Brothers Heating & AC,hvac contractor,HVAC contractor,Yes,Target service category,(623) 343-7600,+16233437600,nonFixedVoip,Twilio - SMS/MMS-SVR,voip(maybe cell),VoIP - possible mobile,,,Not found,Tue-Thu 8:00-9:00 AM or 3:30-5:00 PM (estimate),Peoria,Peoria,Arizona,7575 W Cactus Rd,85381,4.9,88,8,7,206,88 reviews vs 206 median in this Google result set,https://hunterhvac.homes/,hunterhvac.homes,Basic technical checks pass,Yes,Basic checks pass,https://hunterhvac.homes/,200,Yes,No,14-day review capture trial; $97/mo if retained,$499-$749/mo GBP/local visibility,"$2,500-$5,000 WordPress build",Not established,Likely claimed,description not visible; no owner updates found,No,No,https://www.google.com/maps/search/?api=1&query=Hunter%20Brothers%20Heating%20%26%20AC&query_place_id=ChIJt8dIC35pK4cRdNEtd5Hdo7k,ChIJt8dIC35pK4cRdNEtd5Hdo7k,HVAC contractor Peoria AZ,2026-07-10T03:39:37.637Z,0,1,,,,48,48,76
phone:+16232928992,60,55,Call ready,Callable local service business with a measurable review/profile/website opportunity,100,24,4,2,15,10,Glendale HVAC Contractor Pro LLC,hvac contractor,HVAC contractor,Yes,Target service category,(623) 292-8992,+16232928992,nonFixedVoip,Onvoy/3 - Sinch,voip(maybe cell),VoIP - possible mobile,,,Not found,Tue-Thu 9:00-11:00 AM (estimate),Glendale,Glendale,Arizona,4817 W Cheryl Dr,85302,5,15,3,7,57,15 reviews vs 57 median in this Google result set,https://www.prohvacofglendale.com/?utm_source=google&utm_medium=organic,prohvacofglendale.com,Basic technical checks pass,Yes,Basic checks pass,https://www.prohvacofglendale.com/?utm_source=google&utm_medium=organic,200,Yes,Yes,14-day review capture trial; $97/mo if retained,$499-$749/mo GBP/local visibility,"$2,500-$5,000 WordPress build",Not established,Likely claimed,description not visible,No,No,https://www.google.com/maps/search/?api=1&query=Glendale%20HVAC%20Contractor%20Pro%20LLC&query_place_id=ChIJS9DQIXNrK4cR3mUkL6XvkIc,ChIJS9DQIXNrK4cR3mUkL6XvkIc,HVAC contractor Glendale AZ,2026-07-10T03:40:13.187Z,0,1,,,,50,50,77
phone:+14806648098,60,55,Call ready,Callable local service business with a measurable review/profile/website opportunity,100,22,6,2,15,10,Apple Plumbing Services,plumber,Plumber,Yes,Target service category,(480) 664-8098,+14806648098,nonFixedVoip,Bandwidth/13 - Bandwidth.com - Infobip,voip(maybe cell),VoIP - possible mobile,,,Not found,Tue-Thu 8:00-9:00 AM or 3:30-5:00 PM (estimate),Scottsdale,Scottsdale,Arizona,15207 N 75th St #111,85260,4.7,239,4,7,540,239 reviews vs 540 median in this Google result set,https://www.appleplumbingaz.com/,appleplumbingaz.com,Basic technical checks pass,Yes,Basic checks pass,https://appleplumbingaz.com/,200,Yes,Yes,14-day review capture trial; $97/mo if retained,$499-$749/mo GBP/local visibility,"$2,500-$5,000 WordPress build",Moderate lifetime review footprint,Likely claimed,description not visible; no owner updates found,No,No,https://www.google.com/maps/search/?api=1&query=Apple%20Plumbing%20Services&query_place_id=ChIJf1Zih6MLK4cRLQNPe7ckz2s,ChIJf1Zih6MLK4cRLQNPe7ckz2s,plumber Scottsdale AZ,2026-07-10T03:39:58.394Z,0,1,,,,55,55,78
phone:+16233037736,60,55,Call ready,Callable local service business with a measurable review/profile/website opportunity,100,24,4,2,15,10,Flow Tech Plumbing,plumber,Plumber,Yes,Target service category,(623) 303-7736,+16233037736,nonFixedVoip,Twilio - SMS/MMS-SVR,voip(maybe cell),VoIP - possible mobile,,,Not found,Tue-Thu 8:00-9:00 AM or 3:30-5:00 PM (estimate),Peoria,Peoria,Arizona,10530 W Sands Dr,85383,5,368,7,7,1531,368 reviews vs 1531 median in this Google result set,https://www.flowtechplumbingaz.com/peoria-plumbing-services,flowtechplumbingaz.com,Basic technical checks pass,Yes,Basic checks pass,https://www.flowtechplumbingaz.com/peoria-plumbing-services,200,Yes,No,14-day review capture trial; $97/mo if retained,$499-$749/mo GBP/local visibility,"$2,500-$5,000 WordPress build",Moderate lifetime review footprint,Likely claimed,description not visible,No,No,https://www.google.com/maps/search/?api=1&query=Flow%20Tech%20Plumbing&query_place_id=ChIJCYRgO4NdK4cRpouUFHqRBsQ,ChIJCYRgO4NdK4cRpouUFHqRBsQ,plumber Peoria AZ,2026-07-10T03:38:20.141Z,0,1,,,,57,57,79
phone:+15203397228,60,55,Call ready,Callable local service business with a measurable review/profile/website opportunity,100,24,4,2,15,10,City Heating and Cooling LLC,hvac contractor,HVAC contractor,Yes,Target service category,(520) 339-7228,+15203397228,nonFixedVoip,Twilio - SMS/MMS-SVR,voip(maybe cell),VoIP - possible mobile,,,Not found,Tue-Thu 8:00-9:00 AM or 3:30-5:00 PM (estimate),Tucson,Tucson,Arizona,3382 E Holladay St,85706,5,435,6,7,2219,435 reviews vs 2219 median in this Google result set,https://www.cityheatingandcooling.org/,cityheatingandcooling.org,Basic technical checks pass,Yes,Basic checks pass,https://www.cityheatingandcooling.org/,200,Yes,Yes,14-day review capture trial; $97/mo if retained,$499-$749/mo GBP/local visibility,"$2,500-$5,000 WordPress build",Moderate lifetime review footprint,Likely claimed,description not visible,No,No,https://www.google.com/maps/search/?api=1&query=City%20Heating%20and%20Cooling%20LLC&query_place_id=ChIJ_1ulZpK_HwgRLtqa0AWkBqQ,ChIJ_1ulZpK_HwgRLtqa0AWkBqQ,HVAC contractor Tucson AZ,2026-07-10T03:40:14.078Z,0,1,,,,58,58,80
phone:+15203311416,60,57,Call ready,Callable local service business with a measurable review/profile/website opportunity,95,21,10,2,13,9,Tucson Professional Landscaping,landscaper,Landscape designer,Yes,Target service category,(520) 331-1416,+15203311416,fixedVoip,Comcast,landline,VoIP - fixed,,,Not found,Tue-Thu 9:00-11:00 AM (estimate),,Tucson,Arizona,,,4.5,52,5,7,70,52 reviews vs 70 median in this Google result set,http://tucsonprofessionallandscaping.com/,tucsonprofessionallandscaping.com,Basic technical checks pass,Yes,Basic checks pass,https://tucsonprofessionallandscaping.com/,200,Yes,Yes,14-day review capture trial; $97/mo if retained,$499-$749/mo GBP/local visibility,"$2,500-$5,000 WordPress build",Not established,Likely claimed,hours not visible; description not visible; no owner updates found,No,No,https://www.google.com/maps/search/?api=1&query=Tucson%20Professional%20Landscaping&query_place_id=ChIJ5T3NrOZz1oYRN8DAqrSRPJg,ChIJ5T3NrOZz1oYRN8DAqrSRPJg,landscaper Tucson AZ,2026-07-10T03:39:16.079Z,0,1,,,,59,59,81
phone:+14805777748,59,54,Call ready,Callable local service business with a measurable review/profile/website opportunity,100,19,8,2,15,10,Rainwater Plumbing and HVAC,plumber,Plumber,Yes,Target service category,(480) 577-7748,+14805777748,nonFixedVoip,Bandwidth/15 - Bandwidth.com - SVR,voip(maybe cell),VoIP - possible mobile,,,Not found,Tue-Thu 8:00-9:00 AM or 3:30-5:00 PM (estimate),Chandler,Chandler,Arizona,1000 N Hamilton St Suite C-5,85225,4.7,88,4,7,151,88 reviews vs 151 median in this Google result set,http://www.rainwaterplumbing.com/,rainwaterplumbing.com,Basic technical checks pass,Yes,Basic checks pass,https://rainwaterplumbing.com/,200,Yes,Yes,14-day review capture trial; $97/mo if retained,$499-$749/mo GBP/local visibility,"$2,500-$5,000 WordPress build",Not established,Likely claimed,description not visible; fewer than 10 images,No,No,https://www.google.com/maps/search/?api=1&query=Rainwater%20Plumbing%20and%20HVAC&query_place_id=ChIJ0ZHrD6OpK4cRcK0SlCaSTRw,ChIJ0ZHrD6OpK4cRcK0SlCaSTRw,plumber Chandler AZ,2026-07-10T03:39:23.914Z,0,1,,,,60,60,82
phone:+19285971623,58,53,Call ready,Callable local service business with a measurable review/profile/website opportunity,100,18,8,2,15,10,PHD Plumbing,plumber,Plumber,Yes,Target service category,(928) 597-1623,+19285971623,nonFixedVoip,Twilio - SMS/MMS-SVR,voip(maybe cell),VoIP - possible mobile,,,Not found,Tue-Thu 8:00-9:00 AM or 3:30-5:00 PM (estimate),Yuma,Yuma,Arizona,4275 30th Pl,85365,4.8,207,5,7,265,207 reviews vs 265 median in this Google result set,http://www.phdyuma.com/?utm_source=gmb,phdyuma.com,Basic technical checks pass,Yes,Basic checks pass,https://phdyuma.com/?utm_source=gmb,200,Yes,Yes,14-day review capture trial; $97/mo if retained,$499-$749/mo GBP/local visibility,"$2,500-$5,000 WordPress build",Moderate lifetime review footprint,Likely claimed,description not visible; no owner updates found,No,No,https://www.google.com/maps/search/?api=1&query=PHD%20Plumbing&query_place_id=ChIJ-zEzWLtf1oAR9UtwWek5IQA,ChIJ-zEzWLtf1oAR9UtwWek5IQA,plumber Yuma AZ,2026-07-10T03:38:44.931Z,0,1,,,,63,63,83
phone:+16027370521,57,54,Call ready,Callable local service business with a measurable review/profile/website opportunity,100,23,4,2,13,10,Helix Landscape Design and Construction,landscaper,Landscape designer,Yes,Target service category,(602) 737-0521,+16027370521,nonFixedVoip,Twilio - SMS/MMS-SVR,voip(maybe cell),VoIP - possible mobile,,,Not found,Tue-Thu 9:00-11:00 AM (estimate),Gilbert,Gilbert,Arizona,1877 W Pinon Ct,85233,4.9,37,5,7,135,37 reviews vs 135 median in this Google result set,https://helixlandscaping.net/,helixlandscaping.net,Basic technical checks pass,Yes,Basic checks pass,https://helixlandscaping.net/,200,Yes,Yes,14-day review capture trial; $97/mo if retained,$499-$749/mo GBP/local visibility,"$2,500-$5,000 WordPress build",Not established,Likely claimed,description not visible,No,No,https://www.google.com/maps/search/?api=1&query=Helix%20Landscape%20Design%20and%20Construction&query_place_id=ChIJJW9wXzUyZkkRvyAvKi7F-Ys,ChIJJW9wXzUyZkkRvyAvKi7F-Ys,landscaper Gilbert AZ,2026-07-10T03:39:38.724Z,0,1,,,,66,66,84
phone:+19287743593,57,52,Call ready,Callable local service business with a measurable review/profile/website opportunity,100,17,8,2,15,10,Mountain High Plumbing Inc,plumber,Plumber,Yes,Target service category,(928) 774-3593,+19287743593,fixedVoip,"Cablevision Lightpath, Inc.",landline,VoIP - fixed,,,Not found,Tue-Thu 8:00-9:00 AM or 3:30-5:00 PM (estimate),Flagstaff,Flagstaff,Arizona,2000 E 6th Ave B,86004,4.1,100,2,7,148,100 reviews vs 148 median in this Google result set,http://www.mountainhighplumbing.net/,mountainhighplumbing.net,Basic technical checks pass,Yes,Basic checks pass,https://mountainhighplumbing.net/,200,Yes,Yes,14-day review capture trial; $97/mo if retained,$499-$749/mo GBP/local visibility,"$2,500-$5,000 WordPress build",Moderate lifetime review footprint,Likely claimed,description not visible; no owner updates found,No,No,https://www.google.com/maps/search/?api=1&query=Mountain%20High%20Plumbing%20Inc&query_place_id=ChIJH44_5xaPLYcR-SN1_oNCsYI,ChIJH44_5xaPLYcR-SN1_oNCsYI,plumber Flagstaff AZ,2026-07-10T03:40:05.831Z,0,1,,,,67,67,85
phone:+16239377532,57,52,Call ready,Callable local service business with a measurable review/profile/website opportunity,100,15,10,2,15,10,Jaycox Air Conditioning And Heating,hvac contractor,Air conditioning contractor,Yes,Target service category,(623) 937-7532,+16239377532,nonFixedVoip,Twilio - SMS/MMS-SVR,voip(maybe cell),VoIP - possible mobile,,,Not found,Tue-Thu 9:00-11:00 AM (estimate),Surprise,Surprise,Arizona,13041 W Grand Ave,85374,4.6,130,8,7,136,130 reviews vs 136 median in this Google result set,http://jaycoxac.com/,jaycoxac.com,Basic technical checks pass,Yes,Basic checks pass,https://www.jaycoxac.com/,200,Yes,No,14-day review capture trial; $97/mo if retained,$499-$749/mo GBP/local visibility,"$2,500-$5,000 WordPress build",Moderate lifetime review footprint,Likely claimed,description not visible; fewer than 10 images; no owner updates found,No,No,https://www.google.com/maps/search/?api=1&query=Jaycox%20Air%20Conditioning%20And%20Heating&query_place_id=ChIJywfty6NEK4cRT-GAXOeHHbk,ChIJywfty6NEK4cRT-GAXOeHHbk,HVAC contractor Surprise AZ,2026-07-10T03:40:09.002Z,0,1,,,,69,69,86
phone:+14805657408,57,52,Call ready,Callable local service business with a measurable review/profile/website opportunity,100,21,4,2,15,10,Sun Valley Air Conditioning & Heating,hvac contractor,Air conditioning contractor,Yes,Target service category,(480) 565-7408,+14805657408,nonFixedVoip,Twilio - SMS/MMS-SVR,voip(maybe cell),VoIP - possible mobile,,,Not found,Tue-Thu 8:00-9:00 AM or 3:30-5:00 PM (estimate),Gilbert,Gilbert,Arizona,541 E Spur Ave,85296,5,134,5,7,501,134 reviews vs 501 median in this Google result set,https://sunvalleyac.com/?utm_campaign=gmb,sunvalleyac.com,Basic technical checks pass,Yes,Basic checks pass,https://www.sunvalleyac.com/?utm_campaign=gmb,200,Yes,No,14-day review capture trial; $97/mo if retained,$499-$749/mo GBP/local visibility,"$2,500-$5,000 WordPress build",Moderate lifetime review footprint,Likely claimed,description not visible,No,No,https://www.google.com/maps/search/?api=1&query=Sun%20Valley%20Air%20Conditioning%20%26%20Heating&query_place_id=ChIJsRN5tEEh1IMRl5QmvFS24vQ,ChIJsRN5tEEh1IMRl5QmvFS24vQ,HVAC contractor Gilbert AZ,2026-07-10T03:39:53.253Z,0,1,,,,70,70,87
phone:+14804594424,56,51,Call ready,Callable local service business with a measurable review/profile/website opportunity,100,20,4,2,15,10,Water Pros Plumbing,plumber,Plumber,Yes,Target service category,(480) 459-4424,+14804594424,nonFixedVoip,Twilio - SMS/MMS-SVR,voip(maybe cell),VoIP - possible mobile,Mitch Allen. As,https://waterprosplumbing.com/about/,Explicit website text,Tue-Thu 8:00-9:00 AM or 3:30-5:00 PM (estimate),Gilbert,Gilbert,Arizona,757 N Golden Key St C,85233,5,155,5,7,500,155 reviews vs 500 median in this Google result set,https://waterprosplumbing.com/,waterprosplumbing.com,Basic technical checks pass,Yes,Basic checks pass,https://waterprosplumbing.com/,200,Yes,No,14-day review capture trial; $97/mo if retained,$499-$749/mo GBP/local visibility,"$2,500-$5,000 WordPress build",Moderate lifetime review footprint,Likely claimed,description not visible,No,No,https://www.google.com/maps/search/?api=1&query=Water%20Pros%20Plumbing&query_place_id=ChIJEd-9XWSpK4cRn5uy_NZzrLE,ChIJEd-9XWSpK4cRn5uy_NZzrLE,plumber Gilbert AZ,2026-07-10T03:39:53.581Z,0,1,,,,71,71,88
phone:+14803537267,56,51,Call ready,Callable local service business with a measurable review/profile/website opportunity,100,20,4,2,15,10,Instant Plumbing and Rooter,plumber,Plumber,Yes,Target service category,(480) 353-7267,+14803537267,nonFixedVoip,Bandwidth/15 - Bandwidth.com - SVR,voip(maybe cell),VoIP - possible mobile,,,Not found,Tue-Thu 9:00-11:00 AM (estimate),Glendale,Glendale,Arizona,4340 W Charleston Ave,85308,5,364,6,7,1121,364 reviews vs 1121 median in this Google result set,https://instant.plumbing/?utm_source=organic&utm_medium=gbp&utm_campaign=testing&utm_id=9x10&utm_term=post,instant.plumbing,Basic technical checks pass,Yes,Basic checks pass,https://instant.plumbing/?utm_source=organic&utm_medium=gbp&utm_campaign=testing&utm_id=9x10&utm_term=post,200,Yes,Yes,14-day review capture trial; $97/mo if retained,$499-$749/mo GBP/local visibility,"$2,500-$5,000 WordPress build",Moderate lifetime review footprint,Likely claimed,description not visible,No,No,https://www.google.com/maps/search/?api=1&query=Instant%20Plumbing%20and%20Rooter&query_place_id=ChIJxdvFNQxpK4cRMjZCXTBlDtA,ChIJxdvFNQxpK4cRMjZCXTBlDtA,plumber Glendale AZ,2026-07-10T03:39:35.967Z,0,1,,,,72,72,89
phone:+16026107638,56,51,Call ready,Callable local service business with a measurable review/profile/website opportunity,100,20,4,2,15,10,Superior Heating and Air Conditioning,hvac contractor,Air conditioning repair service,Yes,Target service category,(602) 610-7638,+16026107638,nonFixedVoip,Twilio - SMS/MMS-SVR,voip(maybe cell),VoIP - possible mobile,,,Not found,Tue-Thu 8:00-9:00 AM or 3:30-5:00 PM (estimate),Chandler,Chandler,Arizona,995 S Hamilton St,85225,4.9,438,2,7,988,438 reviews vs 988 median in this Google result set,https://www.shac.co/,shac.co,Basic technical checks pass,Yes,Basic checks pass,https://www.shac.co/,200,Yes,No,14-day review capture trial; $97/mo if retained,$499-$749/mo GBP/local visibility,"$2,500-$5,000 WordPress build",Now: Usually not busy,Likely claimed,description not visible,No,No,https://www.google.com/maps/search/?api=1&query=Superior%20Heating%20and%20Air%20Conditioning&query_place_id=ChIJWc7xsEiqK4cREv3B66BPxts,ChIJWc7xsEiqK4cREv3B66BPxts,HVAC contractor Chandler AZ,2026-07-10T03:39:56.798Z,0,1,,,,73,73,90
phone:+16028342160,56,51,Call ready,Callable local service business with a measurable review/profile/website opportunity,100,20,4,2,15,10,Scottsdale Air Heating & Cooling,hvac contractor,HVAC contractor,Yes,Target service category,(602) 834-2160,+16028342160,nonFixedVoip,Bandwidth/13 - Bandwidth.com - Infobip,voip(maybe cell),VoIP - possible mobile,,,Not found,Tue-Thu 9:00-11:00 AM (estimate),Phoenix,Phoenix,Arizona,4747 E Thomas Rd Ste F,85018,4.9,466,5,7,1449,466 reviews vs 1449 median in this Google result set,https://scottsdaleair.com/?utm_source=google&utm_medium=gmb&utm_campaign=SDA_ORG_EVER_A_GBP_Listing_PHOENIX,scottsdaleair.com,Basic technical checks pass,Yes,Basic checks pass,https://scottsdaleair.com/?utm_source=google&utm_medium=gmb&utm_campaign=SDA_ORG_EVER_A_GBP_Listing_PHOENIX,200,Yes,Yes,14-day review capture trial; $97/mo if retained,$499-$749/mo GBP/local visibility,"$2,500-$5,000 WordPress build",Moderate lifetime review footprint,Likely claimed,description not visible,No,No,https://www.google.com/maps/search/?api=1&query=Scottsdale%20Air%20Heating%20%26%20Cooling&query_place_id=ChIJlzlFE_cMK4cR0RUC2ynarq4,ChIJlzlFE_cMK4cR0RUC2ynarq4,HVAC contractor Phoenix AZ,2026-07-10T03:38:57.121Z,0,1,,,,74,74,91
phone:+16029320124,56,51,Call ready,Callable local service business with a measurable review/profile/website opportunity,100,16,8,2,15,10,HVAC Near Me,hvac contractor,HVAC contractor,Yes,Target service category,(602) 932-0124,+16029320124,nonFixedVoip,Bandwidth/RingCentral Messaging - Sinch,voip(maybe cell),VoIP - possible mobile,,,Not found,Tue-Thu 8:00-9:00 AM or 3:30-5:00 PM (estimate),Chandler,Chandler,Arizona,947 W Redwood Dr,85248,5,600,3,7,988,600 reviews vs 988 median in this Google result set,https://hvacnearme.today/,hvacnearme.today,Basic technical checks pass,Yes,Basic checks pass,https://hvacnearme.today/,200,Yes,Yes,14-day review capture trial; $97/mo if retained,$499-$749/mo GBP/local visibility,"$2,500-$5,000 WordPress build",Large lifetime review footprint,Likely claimed,description not visible; no owner updates found,No,No,https://www.google.com/maps/search/?api=1&query=HVAC%20Near%20Me&query_place_id=ChIJ1TvObs4nxWoRWpM1jeqgdVs,ChIJ1TvObs4nxWoRWpM1jeqgdVs,HVAC contractor Chandler AZ,2026-07-10T03:39:56.315Z,0,1,,,,75,75,92
phone:+16239365400,56,51,Call ready,Callable local service business with a measurable review/profile/website opportunity,100,18,6,2,15,10,Anthony's Plumbing,plumber,Plumber,Yes,Target service category,(623) 936-5400,+16239365400,nonFixedVoip,Bandwidth/13 - Bandwidth.com - Infobip,voip(maybe cell),VoIP - possible mobile,,,Not found,Tue-Thu 8:00-9:00 AM or 3:30-5:00 PM (estimate),Phoenix,Phoenix,Arizona,1201 N 54th Ave #127,85043,4.8,645,7,7,1124,645 reviews vs 1124 median in this Google result set,https://www.dayandnightair.com/anthonysplumbing/?utm_source=Anthony%27s%20GMB%20redirect%20to%20DNT&utm_medium=Anthony%27s%20GMB&utm_campaign=redirect%20to%20DNT%20page,dayandnightair.com,Basic technical checks pass,Yes,Basic checks pass,https://www.dayandnightair.com/anthonysplumbing/?utm_source=Anthony%27s%20GMB%20redirect%20to%20DNT&utm_medium=Anthony%27s%20GMB&utm_campaign=redirect%20to%20DNT%20page,200,Yes,Yes,14-day review capture trial; $97/mo if retained,$499-$749/mo GBP/local visibility,"$2,500-$5,000 WordPress build",Large lifetime review footprint,Likely claimed,description not visible; no owner updates found,No,No,https://www.google.com/maps/search/?api=1&query=Anthony's%20Plumbing&query_place_id=ChIJnXhcG7U_K4cR4pCZXJy6MYo,ChIJnXhcG7U_K4cR4pCZXJy6MYo,plumber Phoenix AZ,2026-07-10T03:38:57.832Z,0,1,,,,76,76,93
phone:+16028409229,56,51,Call ready,Callable local service business with a measurable review/profile/website opportunity,100,16,8,2,15,10,Benefit Air Conditioning,hvac contractor,HVAC contractor,Yes,Target service category,(602) 840-9229,+16028409229,nonFixedVoip,Twilio - SMS/MMS-SVR,voip(maybe cell),VoIP - possible mobile,Ken Dotterer,https://www.benefitair.com/,Explicit website text,Tue-Thu 8:00-9:00 AM or 3:30-5:00 PM (estimate),Phoenix,Phoenix,Arizona,1315 W Indian School Rd,85013,4.9,738,7,7,1449,738 reviews vs 1449 median in this Google result set,http://www.benefitair.com/,benefitair.com,Basic technical checks pass,Yes,Basic checks pass,https://www.benefitair.com/,200,Yes,No,14-day review capture trial; $97/mo if retained,$499-$749/mo GBP/local visibility,"$2,500-$5,000 WordPress build",Large lifetime review footprint,Likely claimed,description not visible; no owner updates found,No,No,https://www.google.com/maps/search/?api=1&query=Benefit%20Air%20Conditioning&query_place_id=ChIJT6Jz6j4MK4cRnKm9sj6lxtI,ChIJT6Jz6j4MK4cRnKm9sj6lxtI,HVAC contractor Phoenix AZ,2026-07-10T03:38:55.794Z,0,1,,,,77,77,94
phone:+16232633300,55,50,Call ready,Callable local service business with a measurable review/profile/website opportunity,100,15,8,2,15,10,ChillTek AC Repair,hvac contractor,Air conditioning repair service,Yes,Target service category,(623) 263-3300,+16232633300,nonFixedVoip,Onvoy/3 - Sinch,voip(maybe cell),VoIP - possible mobile,,,Not found,Tue-Thu 8:00-9:00 AM or 3:30-5:00 PM (estimate),Glendale,Glendale,Arizona,7155 W Campo Bello Dr #4,85308,5,57,5,7,57,57 reviews vs 57 median in this Google result set,https://www.chilltekacrepairglendale.com/,chilltekacrepairglendale.com,Basic technical checks pass,Yes,Basic checks pass,https://chilltekacrepairglendale.com/,200,Yes,Yes,14-day review capture trial; $97/mo if retained,$499-$749/mo GBP/local visibility,"$2,500-$5,000 WordPress build",Now: Usually a little busy,Likely claimed,description not visible; no owner updates found,No,No,https://www.google.com/maps/search/?api=1&query=ChillTek%20AC%20Repair&query_place_id=ChIJVVV55UdoK4cRY-pz2AxW7KQ,ChIJVVV55UdoK4cRY-pz2AxW7KQ,HVAC contractor Glendale AZ,2026-07-10T03:40:56.069Z,0,1,,,,82,82,95
phone:+14807907314,55,52,Call ready,Callable local service business with a measurable review/profile/website opportunity,100,21,4,2,13,10,Dream Retreats Landscape Design & Construction,landscaper,Landscape designer,Yes,Target service category,(480) 790-7314,+14807907314,nonFixedVoip,Twilio - SMS/MMS-SVR,voip(maybe cell),VoIP - possible mobile,,,Not found,Tue-Thu 8:00-9:00 AM or 3:30-5:00 PM (estimate),Gilbert,Gilbert,Arizona,2919 E Bonanza Rd,85297,4.8,72,2,7,135,72 reviews vs 135 median in this Google result set,https://dream-retreats.com/gilbert/?utm_source=googlebusinessprofile&utm_medium=organic&utm_campaign=Google+Business+Profile,dream-retreats.com,Basic technical checks pass,Yes,Basic checks pass,https://dream-retreats.com/gilbert/?utm_source=googlebusinessprofile&utm_medium=organic&utm_campaign=Google+Business+Profile,200,Yes,Yes,14-day review capture trial; $97/mo if retained,$499-$749/mo GBP/local visibility,"$2,500-$5,000 WordPress build",Not established,Likely claimed,description not visible,No,No,https://www.google.com/maps/search/?api=1&query=Dream%20Retreats%20Landscape%20Design%20%26%20Construction&query_place_id=ChIJt3btvvCsK4cR0LXQverdTA0,ChIJt3btvvCsK4cR0LXQverdTA0,landscaper Gilbert AZ,2026-07-10T03:39:41.021Z,0,1,,,,83,83,96
phone:+14809340407,55,50,Call ready,Callable local service business with a measurable review/profile/website opportunity,100,15,8,2,15,10,Honest Air Inc.,hvac contractor,Air conditioning contractor,Yes,Target service category,(480) 934-0407,+14809340407,nonFixedVoip,Bandwidth SMSEnabled - Bandwidth CLEC - Sinch,voip(maybe cell),VoIP - possible mobile,,,Not found,Tue-Thu 9:00-11:00 AM (estimate),Mesa,Mesa,Arizona,2942 N Greenfield Rd Ste 147,85215,4.8,147,4,7,170,147 reviews vs 170 median in this Google result set,https://honestairconditioning.net/?utm_source=google&utm_medium=organic&utm_campaign=GMBListing-Mesa-AZ,honestairconditioning.net,Basic technical checks pass,Yes,Basic checks pass,https://honestairconditioning.net/?utm_source=google&utm_medium=organic&utm_campaign=GMBListing-Mesa-AZ,200,Yes,Yes,14-day review capture trial; $97/mo if retained,$499-$749/mo GBP/local visibility,"$2,500-$5,000 WordPress build",Moderate lifetime review footprint,Likely claimed,description not visible; fewer than 10 images,No,No,https://www.google.com/maps/search/?api=1&query=Honest%20Air%20Inc.&query_place_id=ChIJ6R_870mkK4cRKyjIgpBKnvg,ChIJ6R_870mkK4cRKyjIgpBKnvg,HVAC contractor Mesa AZ,2026-07-10T03:39:27.867Z,0,1,,,,84,84,97
phone:+16024691824,54,49,Call ready,Callable local service business with a measurable review/profile/website opportunity,100,14,8,2,15,10,Alan's Air,hvac contractor,HVAC contractor,Yes,Target service category,(602) 469-1824,+16024691824,nonFixedVoip,Bandwidth/RingCentral Messaging - Sinch,voip(maybe cell),VoIP - possible mobile,,,Not found,Tue-Thu 9:00-11:00 AM (estimate),Mesa,Mesa,Arizona,2451 W Birchwood Ave #113,85202,4.8,170,7,7,170,170 reviews vs 170 median in this Google result set,https://www.alansairplumbingaz.com/,alansairplumbingaz.com,Basic technical checks pass,Yes,Basic checks pass,https://www.alansairplumbingaz.com/,200,Yes,No,14-day review capture trial; $97/mo if retained,$499-$749/mo GBP/local visibility,"$2,500-$5,000 WordPress build",Moderate lifetime review footprint,Likely claimed,description not visible; no owner updates found,No,No,https://www.google.com/maps/search/?api=1&query=Alan's%20Air&query_place_id=ChIJfzUVWdMLK4cRdmSO6iaLkW8,ChIJfzUVWdMLK4cRdmSO6iaLkW8,HVAC contractor Mesa AZ,2026-07-10T03:39:25.086Z,0,1,,,,86,86,98
phone:+14809691040,54,49,Call ready,Callable local service business with a measurable review/profile/website opportunity,100,16,6,2,15,10,Kendall Plumbing & Rooter,plumber,Plumber,Yes,Target service category,(480) 969-1040,+14809691040,fixedVoip,Comcast,landline,VoIP - fixed,,,Not found,Tue-Thu 8:00-9:00 AM or 3:30-5:00 PM (estimate),Mesa,Mesa,Arizona,123 N Centennial Way Ste 146,85201,4.9,185,7,7,351,185 reviews vs 351 median in this Google result set,http://www.kendallplumbingandrooter.com/,kendallplumbingandrooter.com,Basic technical checks pass,Yes,Basic checks pass,https://www.kendallplumbingandrooter.com/,200,Yes,No,14-day review capture trial; $97/mo if retained,$499-$749/mo GBP/local visibility,"$2,500-$5,000 WordPress build",Moderate lifetime review footprint,Likely claimed,description not visible; no owner updates found,No,No,https://www.google.com/maps/search/?api=1&query=Kendall%20Plumbing%20%26%20Rooter&query_place_id=ChIJZ_O1nsOnK4cRwn4yMSCXVAk,ChIJZ_O1nsOnK4cRwn4yMSCXVAk,plumber Mesa AZ,2026-07-10T03:39:18.561Z,0,1,,,,88,88,99
phone:+14808279111,54,49,Call ready,Callable local service business with a measurable review/profile/website opportunity,100,16,6,2,15,10,"Smith Plumbing, Heating and Cooling",plumber,Plumber,Yes,Target service category,(480) 827-9111,+14808279111,nonFixedVoip,Bandwidth/13 - Bandwidth.com - Infobip,voip(maybe cell),VoIP - possible mobile,,,Not found,Tue-Thu 8:00-9:00 AM or 3:30-5:00 PM (estimate),Mesa,Mesa,Arizona,5135 E Ingram St #8,85205,4.9,231,5,7,351,231 reviews vs 351 median in this Google result set,https://www.smithservicesaz.com/,smithservicesaz.com,Basic technical checks pass,Yes,Basic checks pass,https://smithservicesaz.com/,200,Yes,Yes,14-day review capture trial; $97/mo if retained,$499-$749/mo GBP/local visibility,"$2,500-$5,000 WordPress build",Moderate lifetime review footprint,Likely claimed,description not visible; no owner updates found,No,No,https://www.google.com/maps/search/?api=1&query=Smith%20Plumbing%2C%20Heating%20and%20Cooling&query_place_id=ChIJl5TLCgSpK4cRF3l4bjHNdmw,ChIJl5TLCgSpK4cRF3l4bjHNdmw,plumber Mesa AZ,2026-07-10T03:39:17.537Z,0,1,,,,89,89,100