lead_id,priority_score,normalized_need_score,qualification,qualification_reason,confidence_score,review_opportunity_score,profile_gap_score,website_opportunity_score,business_value_score,reachability_score,business_name,niche,google_primary_category,category_fit,category_assessment,phone,phone_e164,line_type,carrier_name,cell_status,phone_queue,potential_owner_name,owner_source_url,owner_confidence,contact_window_estimate,city,market_city,state,street,postal_code,google_rating,google_reviews,google_rank_in_source_query,source_query_result_count,source_query_median_reviews,review_gap_summary,website,website_domain,website_opportunity,website_audited,website_audit_status,website_final_url,website_http_status,website_has_mobile_viewport,website_uses_wordpress,entry_offer,core_offer,website_offer,public_demand_proxy,profile_claimed_signal,profile_gaps,generic_listing_risk,likely_chain_or_franchise,google_maps_url,primary_place_id,source_query,scraped_at,legacy_priority_rank,duplicate_listing_count,alternate_business_names,alternate_place_ids,alternate_phones,overall_rank,call_ready_rank,call_queue_rank
phone:+15205511697,91,86,Call ready,Callable local service business with a measurable review/profile/website opportunity,90,30,14,20,15,8,Affordable Pool Services,pool service,Swimming pool contractor,Yes,Target service category,(520) 551-1697,+15205511697,mobile,Verizon Wireless,CELL,Mobile verified,,,Not found,Tue-Thu 9:00-11:00 AM (estimate),Tucson,Tucson,Arizona,10426 E Marquette St,85747,4.6,11,10,9,209,11 reviews vs 209 median in this Google result set,,,No website listed,Yes,No website,,,,,14-day review capture trial; $97/mo if retained,$499-$749/mo GBP/local visibility,"$2,500-$5,000 WordPress build",Not established,Likely claimed,hours not visible; description not visible; fewer than 10 images; no owner updates found,No,No,https://www.google.com/maps/search/?api=1&query=Affordable%20Pool%20Services&query_place_id=ChIJH3lqbtBm1oYRv89gMdOSMYc,ChIJH3lqbtBm1oYRv89gMdOSMYc,pool service Tucson AZ,2026-07-08T07:28:36.881Z,19,1,,,,1,1,1
phone:+19282261721,85,82,Call ready,Callable local service business with a measurable review/profile/website opportunity,95,28,10,20,13,9,Lopez Appliance Service,appliance repair,Appliance repair service,Yes,Target service category,(928) 226-1721,+19282261721,mobile,Verizon Wireless,CELL,Mobile verified,,,Not found,Tue-Thu 9:00-11:00 AM (estimate),Flagstaff,Flagstaff,Arizona,209 S Humphreys St,86001,5,2,4,10,23.5,2 reviews vs 24 median in this Google result set,,,No website listed,Yes,No website,,,,,14-day review capture trial; $97/mo if retained,$499-$749/mo GBP/local visibility,"$2,500-$5,000 WordPress build",Not established,Likely claimed,description not visible; fewer than 10 images; no owner updates found,No,No,https://www.google.com/maps/search/?api=1&query=Lopez%20Appliance%20Service&query_place_id=ChIJ1TZIZSePLYcRFJweSXbTAPA,ChIJ1TZIZSePLYcRFJweSXbTAPA,appliance repair Flagstaff AZ,2026-07-08T07:27:09.785Z,12,1,,,,3,3,2
phone:+16028147774,85,80,Call ready,Callable local service business with a measurable review/profile/website opportunity,95,28,8,20,15,9,Lightning Sprinkler and Lighting Repair,irrigation repair,Lawn sprinkler system contractor,Yes,Target service category,(602) 814-7774,+16028147774,mobile,"T-Mobile USA, Inc.",CELL,Mobile verified,,,Not found,Tue-Thu 9:00-11:00 AM (estimate),Phoenix,Phoenix,Arizona,9509 N 2nd St,85020,5,18,13,9,102,18 reviews vs 102 median in this Google result set,,,No website listed,Yes,No website,,,,,14-day review capture trial; $97/mo if retained,$499-$749/mo GBP/local visibility,"$2,500-$5,000 WordPress build",Not established,Likely claimed,description not visible; no owner updates found,No,No,https://www.google.com/maps/search/?api=1&query=Lightning%20Sprinkler%20and%20Lighting%20Repair&query_place_id=ChIJo1GPBKBtK4cRUY6qmpw2P3w,ChIJo1GPBKBtK4cRUY6qmpw2P3w,irrigation repair Phoenix AZ,2026-07-08T07:28:21.695Z,21,1,,,,4,4,3
phone:+19285254195,84,79,Call ready,Callable local service business with a measurable review/profile/website opportunity,95,28,14,13,15,9,Good Bros. Pest Control,pest control,Pest control service,Yes,Target service category,(928) 525-4195,+19285254195,mobile,Verizon Wireless,CELL,Mobile verified,,,Not found,Tue-Thu 9:00-11:00 AM (estimate),,Flagstaff,Arizona,,,5,13,8,10,102,13 reviews vs 102 median in this Google result set,https://goodbrospest.com/,goodbrospest.com,Technical issues found,Yes,Needs technical review,https://goodbrospest.com/,200,Yes,Yes,14-day review capture trial; $97/mo if retained,$499-$749/mo GBP/local visibility,"$2,500-$5,000 WordPress build",Not established,Likely claimed,hours not visible; description not visible; fewer than 10 images; no owner updates found,No,No,https://www.google.com/maps/search/?api=1&query=Good%20Bros.%20Pest%20Control&query_place_id=ChIJVVXpJyGPLYcRV4EhO_pre64,ChIJVVXpJyGPLYcRV4EhO_pre64,pest control Flagstaff AZ,2026-07-08T07:26:57.434Z,188,1,,,,5,5,4
phone:+16028147771,84,79,Call ready,Callable local service business with a measurable review/profile/website opportunity,90,25,12,20,15,8,Zacks Irrigation Repair LLC,irrigation repair,Lawn sprinkler system contractor,Yes,Target service category,(602) 814-7771,+16028147771,mobile,"T-Mobile USA, Inc.",CELL,Mobile verified,,,Not found,Tue-Thu 9:00-11:00 AM (estimate),,Phoenix,Arizona,,,4.8,37,14,9,102,37 reviews vs 102 median in this Google result set,,,No website listed,Yes,No website,,,,,14-day review capture trial; $97/mo if retained,$499-$749/mo GBP/local visibility,"$2,500-$5,000 WordPress build",Not established,Likely claimed,hours not visible; description not visible; no owner updates found,No,No,https://www.google.com/maps/search/?api=1&query=Zacks%20Irrigation%20Repair%20LLC&query_place_id=ChIJC6apvoMTK4cRg9NYhgsCZKM,ChIJC6apvoMTK4cRg9NYhgsCZKM,irrigation repair Phoenix AZ,2026-07-08T07:28:21.575Z,59,1,,,,6,6,5
phone:+16025009706,84,79,Call ready,Callable local service business with a measurable review/profile/website opportunity,90,25,12,20,15,8,"Joe's Irrigation Repair & Installation, LLC",irrigation repair,Lawn sprinkler system contractor,Yes,Target service category,(602) 500-9706,+16025009706,mobile,T-Mobile USA,CELL,Mobile verified,,,Not found,Tue-Thu 9:00-11:00 AM (estimate),,Glendale,Arizona,,,4.4,40,9,10,100,40 reviews vs 100 median in this Google result set,,,No website listed,Yes,No website,,,,,14-day review capture trial; $97/mo if retained,$499-$749/mo GBP/local visibility,"$2,500-$5,000 WordPress build",Not established,Likely claimed,hours not visible; description not visible; no owner updates found,No,No,https://www.google.com/maps/search/?api=1&query=Joe's%20Irrigation%20Repair%20%26%20Installation%2C%20LLC&query_place_id=ChIJIfiw3gxrK4cRGbsSPG9gqtw,ChIJIfiw3gxrK4cRGbsSPG9gqtw,irrigation repair Glendale AZ,2026-07-08T07:24:41.950Z,35,1,,,,7,7,6
phone:+19282471020,83,80,Call ready,Callable local service business with a measurable review/profile/website opportunity,95,28,8,20,13,9,West Coast Garage Doors,garage door repair,Garage door supplier,Yes,Target service category,(928) 247-1020,+19282471020,mobile,AT&T Wireless,CELL,Mobile verified,,,Not found,Tue-Thu 9:00-11:00 AM (estimate),Somerton,Somerton,Arizona,397 N Bingham Ave,85350,5,2,6,10,25.5,2 reviews vs 26 median in this Google result set,,,No website listed,Yes,No website,,,,,14-day review capture trial; $97/mo if retained,$499-$749/mo GBP/local visibility,"$2,500-$5,000 WordPress build",Not established,Likely claimed,description not visible; no owner updates found,No,No,https://www.google.com/maps/search/?api=1&query=West%20Coast%20Garage%20Doors&query_place_id=ChIJLcicc9FZ1oARE0spMY9Lfzc,ChIJLcicc9FZ1oARE0spMY9Lfzc,garage door repair Yuma AZ,2026-07-08T07:27:30.010Z,14,1,,,,8,8,7
phone:+16029892944,83,80,Call ready,Callable local service business with a measurable review/profile/website opportunity,95,28,8,20,13,9,Turbo Appliance Repair,appliance repair,Appliance repair service,Yes,Target service category,(602) 989-2944,+16029892944,mobile,Verizon Wireless,CELL,Mobile verified,,,Not found,Tue-Thu 9:00-11:00 AM (estimate),Peoria,Peoria,Arizona,14100 N 83rd Ave,85381,5,16,3,10,200.5,16 reviews vs 201 median in this Google result set,,,No website listed,Yes,No website,,,,,14-day review capture trial; $97/mo if retained,$499-$749/mo GBP/local visibility,"$2,500-$5,000 WordPress build",Not established,Likely claimed,description not visible; fewer than 10 images,No,No,https://www.google.com/maps/search/?api=1&query=Turbo%20Appliance%20Repair&query_place_id=ChIJH2iBJ3VpK4cRh9-Wpm03PPo,ChIJH2iBJ3VpK4cRh9-Wpm03PPo,appliance repair Peoria AZ,2026-07-08T07:26:16.862Z,20,1,,,,9,9,8
phone:+19283040086,83,80,Call ready,Callable local service business with a measurable review/profile/website opportunity,90,24,14,20,13,8,Curiel Garage Doors,garage door repair,Garage door supplier,Yes,Target service category,(928) 304-0086,+19283040086,mobile,T-Mobile USA,CELL,Mobile verified,,,Not found,Tue-Thu 9:00-11:00 AM (estimate),,Yuma,Arizona,,,5,7,10,10,25.5,7 reviews vs 26 median in this Google result set,,,No website listed,Yes,No website,,,,,14-day review capture trial; $97/mo if retained,$499-$749/mo GBP/local visibility,"$2,500-$5,000 WordPress build",Not established,Likely claimed,hours not visible; description not visible; fewer than 10 images; no owner updates found,No,No,https://www.google.com/maps/search/?api=1&query=Curiel%20Garage%20Doors&query_place_id=ChIJFaOa4gG37y0RWSCIE_wwO6U,ChIJFaOa4gG37y0RWSCIE_wwO6U,garage door repair Yuma AZ,2026-07-08T07:27:18.252Z,16,1,,,,10,10,9
phone:+19289191637,83,80,Call ready,Callable local service business with a measurable review/profile/website opportunity,90,24,14,20,13,8,S.O.S. Garage Door Service,garage door repair,Garage door supplier,Yes,Target service category,(928) 919-1637,+19289191637,mobile,Verizon Wireless,CELL,Mobile verified,,,Not found,Tue-Thu 9:00-11:00 AM (estimate),,Yuma,Arizona,,,5,8,4,10,25.5,8 reviews vs 26 median in this Google result set,,,No website listed,Yes,No website,,,,,14-day review capture trial; $97/mo if retained,$499-$749/mo GBP/local visibility,"$2,500-$5,000 WordPress build",Not established,Likely claimed,hours not visible; description not visible; fewer than 10 images; no owner updates found,No,No,https://www.google.com/maps/search/?api=1&query=S.O.S.%20Garage%20Door%20Service&query_place_id=ChIJlYO3AqlY1oARbCFoC6psFs4,ChIJlYO3AqlY1oARbCFoC6psFs4,garage door repair Yuma AZ,2026-07-08T07:28:18.558Z,17,1,,,,11,11,10
phone:+16024127458,80,75,Call ready,Callable local service business with a measurable review/profile/website opportunity,100,29,8,13,15,10,Shelton Pool Service and Repair,pool service,Pool cleaning service,Yes,Target service category,(602) 412-7458,+16024127458,mobile,AT&T Wireless,CELL,Mobile verified,,,Not found,Tue-Thu 8:00-9:00 AM or 3:30-5:00 PM (estimate),Peoria,Peoria,Arizona,8380 W Emile Zola Ave #5463,85381,4.8,20,1,8,95.5,20 reviews vs 96 median in this Google result set,https://www.facebook.com/SheltonPoolServiceAndRepair,facebook.com,Technical issues found,Yes,Needs technical review,https://www.facebook.com/SheltonPoolServiceAndRepair,200,Yes,No,14-day review capture trial; $97/mo if retained,$499-$749/mo GBP/local visibility,"$2,500-$5,000 WordPress build",Now: Usually a little busy,Likely claimed,description not visible; no owner updates found,No,No,https://www.google.com/maps/search/?api=1&query=Shelton%20Pool%20Service%20and%20Repair&query_place_id=ChIJraY92CpDK4cRJBBlaDKkvlA,ChIJraY92CpDK4cRJBBlaDKkvlA,pool service Peoria AZ,2026-07-08T07:28:30.719Z,92,1,,,,13,13,11
phone:+19285813973,80,80,Call ready,Callable local service business with a measurable review/profile/website opportunity,95,28,10,18,10,9,Mr. Peabody's Floor Care Yuma,carpet cleaning,Carpet cleaning service,Yes,Target service category,(928) 581-3973,+19285813973,mobile,Verizon Wireless,CELL,Mobile verified,,,Not found,Tue-Thu 10:00 AM-2:00 PM (estimate),,Yuma,Arizona,,,5,7,7,10,37.5,7 reviews vs 38 median in this Google result set,http://mrpeabodysfloorcare.com/,mrpeabodysfloorcare.com,Unreachable in technical check,Yes,Unreachable,,,,,14-day review capture trial; $97/mo if retained,$399-$599/mo GBP/local visibility,"$1,500-$3,500 WordPress build",Not established,Likely claimed,hours not visible; description not visible; no owner updates found,No,No,https://www.google.com/maps/search/?api=1&query=Mr.%20Peabody's%20Floor%20Care%20Yuma&query_place_id=ChIJy6EdHh__nwYRxqQgxNag_rA,ChIJy6EdHh__nwYRxqQgxNag_rA,tile and grout cleaning Yuma AZ,2026-07-08T07:27:13.759Z,64,1,,,,14,14,12
phone:+14806941655,79,74,Call ready,Callable local service business with a measurable review/profile/website opportunity,100,28,8,13,15,10,Dave's Sprinkler Repair,irrigation repair,Lawn sprinkler system contractor,Yes,Target service category,(480) 694-1655,+14806941655,mobile,Verizon Wireless,CELL,Mobile verified,,,Not found,Tue-Thu 9:00-11:00 AM (estimate),Chandler,Chandler,Arizona,1873 W Springfield Way,85286,5,9,3,10,85,9 reviews vs 85 median in this Google result set,https://eastvalleysprinklers.com/,eastvalleysprinklers.com,Technical issues found,Yes,Needs technical review,https://eastvalleysprinklers.com/,202,No,No,14-day review capture trial; $97/mo if retained,$499-$749/mo GBP/local visibility,"$2,500-$5,000 WordPress build",Not established,Likely claimed,description not visible; no owner updates found,No,No,https://www.google.com/maps/search/?api=1&query=Dave's%20Sprinkler%20Repair&query_place_id=ChIJ73hvMuM3KocRga1gnSWPKOg,ChIJ73hvMuM3KocRga1gnSWPKOg,irrigation repair Chandler AZ,2026-07-08T07:23:54.612Z,185,1,,,,16,16,13
phone:+16232029391,78,73,Call ready,Callable local service business with a measurable review/profile/website opportunity,100,24,6,18,15,10,Protege Pool Services Glendale Location,pool service,Pool cleaning service,Yes,Target service category,(623) 202-9391,+16232029391,mobile,"T-Mobile USA, Inc.",CELL,Mobile verified,,,Not found,Tue-Thu 8:00-9:00 AM or 3:30-5:00 PM (estimate),Glendale,Glendale,Arizona,15415 N 61st Ave,85306,4,12,7,8,27,12 reviews vs 27 median in this Google result set,http://www.protegepools.webs.com/,protegepools.webs.com,Unreachable in technical check,Yes,Unreachable,,,,,14-day review capture trial; $97/mo if retained,$499-$749/mo GBP/local visibility,"$2,500-$5,000 WordPress build",Now: Usually not too busy,Likely claimed,description not visible; no owner updates found,No,No,https://www.google.com/maps/search/?api=1&query=Protege%20Pool%20Services%20Glendale%20Location&query_place_id=ChIJM2ziEiVpK4cRWLDpMukUED0,ChIJM2ziEiVpK4cRWLDpMukUED0,pool service Glendale AZ,2026-07-08T07:28:02.006Z,27,2,Protege Pool Services,ChIJVzAx4YhpK4cRMfkdqnoSsAs,,18,18,14
phone:+16232388007,78,75,Call ready,Callable local service business with a measurable review/profile/website opportunity,95,28,10,13,13,9,Sonoran Sun Appliance Repair,appliance repair,Appliance repair service,Yes,Target service category,(623) 238-8007,+16232388007,mobile,Verizon Wireless,CELL,Mobile verified,,,Not found,Tue-Thu 9:00-11:00 AM (estimate),,Surprise,Arizona,,,5,14,8,10,143.5,14 reviews vs 144 median in this Google result set,http://www.sonoransun.net/appliance-repair,sonoransun.net,Technical issues found,Yes,Needs technical review,https://sonoransun.net/appliance-repair,200,Yes,No,14-day review capture trial; $97/mo if retained,$499-$749/mo GBP/local visibility,"$2,500-$5,000 WordPress build",Not established,Likely claimed,hours not visible; description not visible; no owner updates found,No,No,https://www.google.com/maps/search/?api=1&query=Sonoran%20Sun%20Appliance%20Repair&query_place_id=ChIJa4TJKa5FK4cRRBDLBruCN_I,ChIJa4TJKa5FK4cRRBDLBruCN_I,appliance repair Surprise AZ,2026-07-08T07:26:07.139Z,53,1,,,,19,19,15
phone:+16023990787,78,75,Call ready,Callable local service business with a measurable review/profile/website opportunity,90,23,10,20,13,8,Sidewinder Garage Door Service LLC,garage door repair,Garage door supplier,Yes,Target service category,(602) 399-0787,+16023990787,mobile,Verizon Wireless,CELL,Mobile verified,,,Not found,Tue-Thu 9:00-11:00 AM (estimate),,Peoria,Arizona,,,5,26,9,10,79,26 reviews vs 79 median in this Google result set,,,No website listed,Yes,No website,,,,,14-day review capture trial; $97/mo if retained,$499-$749/mo GBP/local visibility,"$2,500-$5,000 WordPress build",Not established,Likely claimed,hours not visible; description not visible; no owner updates found,No,No,https://www.google.com/maps/search/?api=1&query=Sidewinder%20Garage%20Door%20Service%20LLC&query_place_id=ChIJ5yY2m62ef4IRZFEMsIaNqEM,ChIJ5yY2m62ef4IRZFEMsIaNqEM,garage door repair Peoria AZ,2026-07-08T07:26:10.024Z,57,1,,,,20,20,16
phone:+19285307443,77,72,Call ready,Callable local service business with a measurable review/profile/website opportunity,100,24,10,13,15,10,ASM Irrigation,irrigation repair,Repair service,Yes,Target service category,(928) 530-7443,+19285307443,mobile,"T-Mobile USA, Inc.",CELL,Mobile verified,,,Not found,Tue-Thu 9:00-11:00 AM (estimate),Surprise,Surprise,Arizona,12213 W Bell Rd #116,85378,5,10,5,8,35.5,10 reviews vs 36 median in this Google result set,https://asmirrigation2002.square.site/,asmirrigation2002.square.site,Technical issues found,Yes,Needs technical review,https://asmirrigation2002.square.site/,200,Yes,No,14-day review capture trial; $97/mo if retained,$499-$749/mo GBP/local visibility,"$2,500-$5,000 WordPress build",Not established,Likely claimed,description not visible; fewer than 10 images; no owner updates found,No,No,https://www.google.com/maps/search/?api=1&query=ASM%20Irrigation&query_place_id=ChIJLQAC4gNDK4cR72evHYFHdto,ChIJLQAC4gNDK4cR72evHYFHdto,irrigation repair Surprise AZ,2026-07-08T07:28:41.035Z,186,1,,,,21,21,17
phone:+14806358605,77,77,Call ready,Callable local service business with a measurable review/profile/website opportunity,100,29,10,13,10,10,Arizona All Star Cleaning,carpet cleaning,Carpet cleaning service,Yes,Target service category,(480) 635-8605,+14806358605,mobile,T-Mobile USA,CELL,Mobile verified,,,Not found,Tue-Thu 10:00 AM-2:00 PM (estimate),Gilbert,Gilbert,Arizona,2487 S Gilbert Rd ste106-491,85295,4.6,33,8,10,144,33 reviews vs 144 median in this Google result set,https://gilbertcarpetclean.com/,gilbertcarpetclean.com,Technical issues found,Yes,Needs technical review,https://gilbertcarpetclean.com/,200,No,No,14-day review capture trial; $97/mo if retained,$399-$599/mo GBP/local visibility,"$1,500-$3,500 WordPress build",Not established,Likely claimed,description not visible; fewer than 10 images; no owner updates found,No,No,https://www.google.com/maps/search/?api=1&query=Arizona%20All%20Star%20Cleaning&query_place_id=ChIJVwUGecCrK4cRoujl8XNdci8,ChIJVwUGecCrK4cRoujl8XNdci8,carpet cleaning Gilbert AZ,2026-07-08T07:25:54.410Z,334,1,,,,22,22,18
phone:+16028805350,77,72,Call ready,Callable local service business with a measurable review/profile/website opportunity,95,21,14,13,15,9,Rainmaker Sprinkler Pros Az,irrigation repair,Lawn sprinkler system contractor,Yes,Target service category,(602) 880-5350,+16028805350,mobile,T-Mobile USA,CELL,Mobile verified,,,Not found,Tue-Thu 9:00-11:00 AM (estimate),,Phoenix,Arizona,,,4.7,63,17,9,102,63 reviews vs 102 median in this Google result set,http://www.rainmakersprinklerprosaz.com/,rainmakersprinklerprosaz.com,Technical issues found,Yes,Needs technical review,http://www.rainmakersprinklerprosaz.com/,200,No,No,14-day review capture trial; $97/mo if retained,$499-$749/mo GBP/local visibility,"$2,500-$5,000 WordPress build",Not established,Likely claimed,hours not visible; description not visible; fewer than 10 images; no owner updates found,No,No,https://www.google.com/maps/search/?api=1&query=Rainmaker%20Sprinkler%20Pros%20Az&query_place_id=ChIJkcy-cxwTK4cRrFbFDO20Z8Q,ChIJkcy-cxwTK4cRrFbFDO20Z8Q,irrigation repair Phoenix AZ,2026-07-08T07:28:24.705Z,115,1,,,,23,23,19
phone:+16024861901,76,73,Call ready,Callable local service business with a measurable review/profile/website opportunity,100,25,10,13,13,10,Hometech Appliance Repair,appliance repair,Appliance repair service,Yes,Target service category,(602) 486-1901,+16024861901,mobile,AT&T Wireless,CELL,Mobile verified,,,Not found,Tue-Thu 9:00-11:00 AM (estimate),Chandler,Chandler,Arizona,451 W Ranch Rd,85225,4.6,21,6,10,52,21 reviews vs 52 median in this Google result set,http://hometechappliancerepair.com/,hometechappliancerepair.com,Technical issues found,Yes,Needs technical review,https://hometechappliancerepair.com/,200,Yes,Yes,14-day review capture trial; $97/mo if retained,$499-$749/mo GBP/local visibility,"$2,500-$5,000 WordPress build",Not established,Likely claimed,description not visible; fewer than 10 images; no owner updates found,No,No,https://www.google.com/maps/search/?api=1&query=Hometech%20Appliance%20Repair&query_place_id=ChIJ5fZU7GIBK4cRITRF0aso87w,ChIJ5fZU7GIBK4cRITRF0aso87w,appliance repair Chandler AZ,2026-07-08T07:22:33.925Z,94,1,,,,25,25,20
phone:+16026387678,76,71,Call ready,Callable local service business with a measurable review/profile/website opportunity,100,25,8,13,15,10,Blue Parrot Pool Care,pool service,Pool cleaning service,Yes,Target service category,(602) 638-7678,+16026387678,mobile,"T-Mobile USA, Inc.",CELL,Mobile verified,,,Not found,Tue-Thu 9:00-11:00 AM (estimate),Peoria,Peoria,Arizona,22427 N 78th Ln,85383,4.7,30,8,8,95.5,30 reviews vs 96 median in this Google result set,https://blueparrotpools.com/,blueparrotpools.com,Technical issues found,Yes,Needs technical review,https://blueparrotpools.com/,202,No,No,14-day review capture trial; $97/mo if retained,$499-$749/mo GBP/local visibility,"$2,500-$5,000 WordPress build",Not established,Likely claimed,description not visible; no owner updates found,No,No,https://www.google.com/maps/search/?api=1&query=Blue%20Parrot%20Pool%20Care&query_place_id=ChIJwf4Lf6DLvkIRaUvFI0gUUUA,ChIJwf4Lf6DLvkIRaUvFI0gUUUA,pool service Peoria AZ,2026-07-08T07:28:30.269Z,289,1,,,,26,26,21
phone:+16234145493,76,71,Call ready,Callable local service business with a measurable review/profile/website opportunity,100,27,6,13,15,10,PlantWise Botanical Pest Control,pest control,Pest control service,Yes,Target service category,(623) 414-5493,+16234145493,mobile,Verizon Wireless,CELL,Mobile verified,,,Not found,Tue-Thu 9:00-11:00 AM (estimate),Peoria,Peoria,Arizona,13120 W Lariat Ln,85383,5,35,5,10,292,35 reviews vs 292 median in this Google result set,https://plantwisepest.com/,plantwisepest.com,Technical issues found,Yes,Needs technical review,https://plantwisepest.com/,202,No,No,14-day review capture trial; $97/mo if retained,$499-$749/mo GBP/local visibility,"$2,500-$5,000 WordPress build",Not established,Likely claimed,description not visible,No,No,https://www.google.com/maps/search/?api=1&query=PlantWise%20Botanical%20Pest%20Control&query_place_id=ChIJf8pbBiucdqMRx_ANiBs5ha8,ChIJf8pbBiucdqMRx_ANiBs5ha8,pest control Peoria AZ,2026-07-08T07:26:41.630Z,294,1,,,,27,27,22
phone:+16028476278,76,71,Call ready,Callable local service business with a measurable review/profile/website opportunity,100,27,6,13,15,10,Smart Pest Defense,pest control,Pest control service,Yes,Target service category,(602) 847-6278,+16028476278,mobile,"T-Mobile USA, Inc.",CELL,Mobile verified,,,Not found,Tue-Thu 8:00-9:00 AM or 3:30-5:00 PM (estimate),Chandler,Chandler,Arizona,3130 N Arizona Ave Ste 113,85225,5,60,16,9,1136,60 reviews vs 1136 median in this Google result set,https://smartpestdefense.com/,smartpestdefense.com,Technical issues found,Yes,Needs technical review,https://smartpestdefense.com/,202,No,No,14-day review capture trial; $97/mo if retained,$499-$749/mo GBP/local visibility,"$2,500-$5,000 WordPress build",Not established,Likely claimed,description not visible,No,No,https://www.google.com/maps/search/?api=1&query=Smart%20Pest%20Defense&query_place_id=ChIJbYp-G_BifQERHrQ0nhYnhvk,ChIJbYp-G_BifQERHrQ0nhYnhvk,pest control Chandler AZ,2026-07-08T07:28:00.471Z,319,1,,,,28,28,23
phone:+19284265253,76,73,Call ready,Callable local service business with a measurable review/profile/website opportunity,95,24,12,13,13,9,Lake Appliance Repair,appliance repair,Appliance repair service,Yes,Target service category,(928) 426-5253,+19284265253,mobile,"Onvoy, LLC",CELL,Mobile verified,,,Not found,Tue-Thu 9:00-11:00 AM (estimate),,Flagstaff,Arizona,,,4.1,9,5,10,23.5,9 reviews vs 24 median in this Google result set,https://lakeappliancerepair.com/locations/az/flagstaff/,lakeappliancerepair.com,Technical issues found,Yes,Needs technical review,https://lakeappliancerepair.com/locations/az/flagstaff/,202,No,No,14-day review capture trial; $97/mo if retained,$499-$749/mo GBP/local visibility,"$2,500-$5,000 WordPress build",Not established,Likely claimed,hours not visible; description not visible; fewer than 10 images,No,No,https://www.google.com/maps/search/?api=1&query=Lake%20Appliance%20Repair&query_place_id=ChIJuZv94gMawwIRnojIM1Zr_OY,ChIJuZv94gMawwIRnojIM1Zr_OY,appliance repair Flagstaff AZ,2026-07-08T07:28:04.039Z,128,1,,,,30,30,24
phone:+16026800435,76,71,Call ready,Callable local service business with a measurable review/profile/website opportunity,95,20,14,13,15,9,Famous Pools LLC,pool service,Pool cleaning service,Yes,Target service category,(602) 680-0435,+16026800435,mobile,Verizon Wireless,CELL,Mobile verified,,,Not found,Tue-Thu 9:00-11:00 AM (estimate),Glendale,Glendale,Arizona,5845 W Libby St,85308,5,14,8,8,27,14 reviews vs 27 median in this Google result set,https://famouspoolsaz.com/,famouspoolsaz.com,Technical issues found,Yes,Needs technical review,https://www.famouspoolsaz.com/,200,Yes,No,14-day review capture trial; $97/mo if retained,$499-$749/mo GBP/local visibility,"$2,500-$5,000 WordPress build",Not established,Likely claimed,hours not visible; description not visible; fewer than 10 images; no owner updates found,No,No,https://www.google.com/maps/search/?api=1&query=Famous%20Pools%20LLC&query_place_id=ChIJd_MitPZpK4cR4zZxjLo2euY,ChIJd_MitPZpK4cR4zZxjLo2euY,pool service Glendale AZ,2026-07-08T07:27:58.347Z,190,2,Famous Pools,ChIJMYWJImhvK4cRD7A38uJhPVU,,31,31,25
phone:+14802990537,76,73,Call ready,Callable local service business with a measurable review/profile/website opportunity,95,19,10,20,13,9,My Neighbors Appliance Repair,appliance repair,Appliance repair service,Yes,Target service category,(480) 299-0537,+14802990537,mobile,Verizon Wireless,CELL,Mobile verified,,,Not found,Tue-Thu 9:00-11:00 AM (estimate),Phoenix,Phoenix,Arizona,3334 W Wilshire Dr Ste 30,85009,4.8,130,9,10,259,130 reviews vs 259 median in this Google result set,,,No website listed,Yes,No website,,,,,14-day review capture trial; $97/mo if retained,$499-$749/mo GBP/local visibility,"$2,500-$5,000 WordPress build",Moderate lifetime review footprint,Likely claimed,description not visible; fewer than 10 images; no owner updates found,No,No,https://www.google.com/maps/search/?api=1&query=My%20Neighbors%20Appliance%20Repair&query_place_id=ChIJ52xMLAMTK4cRt3gRgermqFY,ChIJ52xMLAMTK4cRt3gRgermqFY,appliance repair Phoenix AZ,2026-07-08T07:27:27.819Z,166,1,,,,32,32,26
phone:+19289759476,75,75,Call ready,Callable local service business with a measurable review/profile/website opportunity,100,28,4,18,10,10,Mon Ami Cleaning Services LLC,house cleaning,Cleaners,Yes,Target service category,(928) 975-9476,+19289759476,mobile,Verizon Wireless,CELL,Mobile verified,,,Not found,Tue-Thu 8:00-9:00 AM or 3:30-5:00 PM (estimate),Yuma,Yuma,Arizona,10320 Typhoon Ave,85365,5,6,6,10,26.5,6 reviews vs 27 median in this Google result set,https://monamicleaningservicesllc.com/,monamicleaningservicesllc.com,Unreachable in technical check,Yes,Unreachable,,,,,14-day review capture trial; $97/mo if retained,$399-$599/mo GBP/local visibility,"$1,500-$3,500 WordPress build",Now: Usually not too busy,Likely claimed,description not visible,No,No,https://www.google.com/maps/search/?api=1&query=Mon%20Ami%20Cleaning%20Services%20LLC&query_place_id=ChIJCc72F2ph1oARebgclN5FS34,ChIJCc72F2ph1oARebgclN5FS34,house cleaning Yuma AZ,2026-07-08T07:27:03.914Z,200,1,,,,33,33,27
phone:+19286006882,75,70,Call ready,Callable local service business with a measurable review/profile/website opportunity,95,21,12,13,15,9,Steller's Irrigation and Landscaping AZ ROC 343873,irrigation repair,Landscaper,Yes,Target service category,(928) 600-6882,+19286006882,mobile,T-Mobile USA,CELL,Mobile verified,,,Not found,Tue-Thu 9:00-11:00 AM (estimate),,Flagstaff,Arizona,,,4.8,30,3,3,48,30 reviews vs 48 median in this Google result set,http://stellersirrigation.com/,stellersirrigation.com,Technical issues found,Yes,Needs technical review,https://www.stellersirrigation.com/,200,Yes,No,14-day review capture trial; $97/mo if retained,$499-$749/mo GBP/local visibility,"$2,500-$5,000 WordPress build",Not established,Likely claimed,hours not visible; description not visible; no owner updates found,No,No,https://www.google.com/maps/search/?api=1&query=Steller's%20Irrigation%20and%20Landscaping%20AZ%20ROC%20343873&query_place_id=ChIJaW6AwDibLYcRiAZ-PDD-9M8,ChIJaW6AwDibLYcRiAZ-PDD-9M8,irrigation repair Flagstaff AZ,2026-07-08T07:26:56.363Z,100,1,,,,35,35,28
phone:+15208852003,74,74,Call ready,Callable local service business with a measurable review/profile/website opportunity,100,28,8,13,10,10,Lynch Bros tile and grout cleaning,tile and grout cleaning,Floor refinishing service,Yes,Target service category,(520) 885-2003,+15208852003,mobile,Verizon Wireless,CELL,Mobile verified,,,Not found,Tue-Thu 10:00 AM-2:00 PM (estimate),Tucson,Tucson,Arizona,"Tucson, AZ 85710",85710,5,10,5,9,48,10 reviews vs 48 median in this Google result set,http://dirtytilepro.com/,dirtytilepro.com,Technical issues found,Yes,Needs technical review,https://dirtytilepro.com/,200,Yes,No,14-day review capture trial; $97/mo if retained,$399-$599/mo GBP/local visibility,"$1,500-$3,500 WordPress build",Not established,Likely claimed,description not visible; no owner updates found,No,No,https://www.google.com/maps/search/?api=1&query=Lynch%20Bros%20tile%20and%20grout%20cleaning&query_place_id=ChIJn4S8ZoNv1oYRK_fh5ewq2f4,ChIJn4S8ZoNv1oYRK_fh5ewq2f4,tile and grout cleaning Tucson AZ,2026-07-08T07:28:23.668Z,67,1,,,,36,36,29
phone:+16023908844,74,74,Call ready,Callable local service business with a measurable review/profile/website opportunity,100,28,8,13,10,10,A Copesetic Cleaner,carpet cleaning,Carpet cleaning service,Yes,Target service category,(602) 390-8844,+16023908844,mobile,"T-Mobile USA, Inc.",CELL,Mobile verified,,,Not found,Tue-Thu 10:00 AM-2:00 PM (estimate),Mesa,Mesa,Arizona,239 S Wayfarer,85204,5,14,40,8,60,14 reviews vs 60 median in this Google result set,http://www.jimcope.com/,jimcope.com,Technical issues found,Yes,Needs technical review,https://www.facebook.com/azcopesetic,200,Yes,No,14-day review capture trial; $97/mo if retained,$399-$599/mo GBP/local visibility,"$1,500-$3,500 WordPress build",Not established,Likely claimed,description not visible; no owner updates found,No,No,https://www.google.com/maps/search/?api=1&query=A%20Copesetic%20Cleaner&query_place_id=ChIJUR5waUCmK4cRYz6L00sGE_U,ChIJUR5waUCmK4cRYz6L00sGE_U,tile and grout cleaning Mesa AZ,2026-07-08T07:28:41.915Z,69,1,,,,37,37,30
phone:+14802009955,74,71,Call ready,Callable local service business with a measurable review/profile/website opportunity,100,25,8,13,13,10,APPLIANCE 911 Repair Service,appliance repair,Appliance repair service,Yes,Target service category,(480) 200-9955,+14802009955,mobile,T-Mobile USA,CELL,Mobile verified,,,Not found,Tue-Thu 9:00-11:00 AM (estimate),Chandler,Chandler,Arizona,4952 W Ivanhoe Ct,85226,4.7,20,4,10,52,20 reviews vs 52 median in this Google result set,https://www.facebook.com/Appliance-911-397916027220478/,facebook.com,Technical issues found,Yes,Needs technical review,https://www.facebook.com/people/Appliance-911/100063738663049/,200,Yes,No,14-day review capture trial; $97/mo if retained,$499-$749/mo GBP/local visibility,"$2,500-$5,000 WordPress build",Not established,Likely claimed,description not visible; no owner updates found,No,No,https://www.google.com/maps/search/?api=1&query=APPLIANCE%20911%20Repair%20Service&query_place_id=ChIJBdpAU0upK4cRDyidU7ejlqY,ChIJBdpAU0upK4cRDyidU7ejlqY,appliance repair Chandler AZ,2026-07-08T07:23:19.993Z,90,1,,,,38,38,31
phone:+16024139306,74,69,Call ready,Callable local service business with a measurable review/profile/website opportunity,100,21,10,13,15,10,AAA Pool Services,pool service,Pool cleaning service,Yes,Target service category,(602) 413-9306,+16024139306,mobile,"T-Mobile USA, Inc.",CELL,Mobile verified,,,Not found,Tue-Thu 9:00-11:00 AM (estimate),Phoenix,Phoenix,Arizona,428 E Thunderbird Rd,85022,4.8,44,3,10,87,44 reviews vs 87 median in this Google result set,http://3apools.com/,3apools.com,Technical issues found,Yes,Needs technical review,http://3apools.com/,202,No,No,14-day review capture trial; $97/mo if retained,$499-$749/mo GBP/local visibility,"$2,500-$5,000 WordPress build",Not established,Likely claimed,description not visible; fewer than 10 images; no owner updates found,No,No,https://www.google.com/maps/search/?api=1&query=AAA%20Pool%20Services&query_place_id=ChIJ53UGMMBzK4cRlECQZsQkCAA,ChIJ53UGMMBzK4cRlECQZsQkCAA,pool service Phoenix AZ,2026-07-08T07:27:24.694Z,107,1,,,,39,39,32
phone:+14802516729,74,69,Call ready,Callable local service business with a measurable review/profile/website opportunity,100,25,6,13,15,10,Can You Fix My Pool LLC Heaters Pumps Filters Repair/Install/Service,pool service,Swimming pool repair service,Yes,Target service category,(480) 251-6729,+14802516729,mobile,"T-Mobile USA, Inc.",CELL,Mobile verified,,,Not found,Tue-Thu 9:00-11:00 AM (estimate),Mesa,Mesa,Arizona,2747 E University Dr #9246,85213,4.8,47,7,9,123,47 reviews vs 123 median in this Google result set,http://www.poolservicemesaaz.com/,poolservicemesaaz.com,Technical issues found,Yes,Needs technical review,http://www.poolservicemesaaz.com/,200,No,Yes,14-day review capture trial; $97/mo if retained,$499-$749/mo GBP/local visibility,"$2,500-$5,000 WordPress build",Not established,Likely claimed,description not visible; no owner updates found,No,No,https://www.google.com/maps/search/?api=1&query=Can%20You%20Fix%20My%20Pool%20LLC%20Heaters%20Pumps%20Filters%20Repair%2FInstall%2FService&query_place_id=ChIJS6I4AM-oK4cR0Uv47Zw6--w,ChIJS6I4AM-oK4cR0Uv47Zw6--w,pool service Mesa AZ,2026-07-08T07:27:45.992Z,109,1,,,,40,40,33
phone:+16023006765,74,69,Call ready,Callable local service business with a measurable review/profile/website opportunity,95,19,6,20,15,9,Pristine Pool Service and Repair LLC,pool service,Pool cleaning service,Yes,Target service category,(602) 300-6765,+16023006765,mobile,"T-Mobile USA, Inc.",CELL,Mobile verified,,,Not found,Tue-Thu 8:00-9:00 AM or 3:30-5:00 PM (estimate),Phoenix,Phoenix,Arizona,1800 E Deer Valley Dr,85024,5,47,9,10,87,47 reviews vs 87 median in this Google result set,,,No website listed,Yes,No website,,,,,14-day review capture trial; $97/mo if retained,$499-$749/mo GBP/local visibility,"$2,500-$5,000 WordPress build",Now: Usually not too busy,Likely claimed,description not visible; no owner updates found,No,No,https://www.google.com/maps/search/?api=1&query=Pristine%20Pool%20Service%20and%20Repair%20LLC&query_place_id=ChIJIypV4dOWSyoRE1gGByybVUg,ChIJIypV4dOWSyoRE1gGByybVUg,pool service Phoenix AZ,2026-07-08T07:27:23.416Z,60,1,,,,41,41,34
phone:+19289198477,73,73,Call ready,Callable local service business with a measurable review/profile/website opportunity,95,26,10,13,10,9,Shelly's Cleaning Service,house cleaning,House cleaning service,Yes,Target service category,(928) 919-8477,+19289198477,mobile,Verizon Wireless,CELL,Mobile verified,,,Not found,Tue-Thu 10:00 AM-2:00 PM (estimate),,Yuma,Arizona,,,4.6,9,7,10,26.5,9 reviews vs 27 median in this Google result set,https://www.shellyscleaningservices.com/,shellyscleaningservices.com,Technical issues found,Yes,Needs technical review,https://www.shellyscleaningservices.com/,200,Yes,No,14-day review capture trial; $97/mo if retained,$399-$599/mo GBP/local visibility,"$1,500-$3,500 WordPress build",Not established,Likely claimed,hours not visible; description not visible; no owner updates found,No,No,https://www.google.com/maps/search/?api=1&query=Shelly's%20Cleaning%20Service&query_place_id=ChIJIbgD84X31oARkQlR3AIZdLg,ChIJIbgD84X31oARkQlR3AIZdLg,house cleaning Yuma AZ,2026-07-08T07:27:05.657Z,202,1,,,,42,42,35
phone:+19288533987,73,68,Call ready,Callable local service business with a measurable review/profile/website opportunity,95,19,12,13,15,9,NAZ Precision Pest,pest control,Pest control service,Yes,Target service category,(928) 853-3987,+19288533987,mobile,AT&T Wireless,CELL,Mobile verified,,,Not found,Tue-Thu 9:00-11:00 AM (estimate),,Flagstaff,Arizona,,,5,69,10,10,102,69 reviews vs 102 median in this Google result set,https://nazprecisionpest.com/,nazprecisionpest.com,Technical issues found,Yes,Needs technical review,https://www.nazprecisionpest.com/,200,Yes,No,14-day review capture trial; $97/mo if retained,$499-$749/mo GBP/local visibility,"$2,500-$5,000 WordPress build",Not established,Likely claimed,hours not visible; description not visible; no owner updates found,No,No,https://www.google.com/maps/search/?api=1&query=NAZ%20Precision%20Pest&query_place_id=ChIJt3CKycabLYcRujZcd2AzEj4,ChIJt3CKycabLYcRujZcd2AzEj4,pest control Flagstaff AZ,2026-07-08T07:26:55.571Z,323,1,,,,43,43,36
phone:+14802285743,73,68,Call ready,Callable local service business with a measurable review/profile/website opportunity,95,21,10,13,15,9,Arizona Pool Service,pool service,Pool cleaning service,Yes,Target service category,(480) 228-5743,+14802285743,mobile,Verizon Wireless,CELL,Mobile verified,,,Not found,Tue-Thu 9:00-11:00 AM (estimate),,Flagstaff,Arizona,,,4.7,72,4,10,101,72 reviews vs 101 median in this Google result set,http://www.arizonapoolservice.com/,arizonapoolservice.com,Technical issues found,Yes,Needs technical review,https://www.arizonapoolservice.com/,200,Yes,Yes,14-day review capture trial; $97/mo if retained,$499-$749/mo GBP/local visibility,"$2,500-$5,000 WordPress build",Not established,Likely claimed,hours not visible; description not visible; no owner updates found,No,No,https://www.google.com/maps/search/?api=1&query=Arizona%20Pool%20Service&query_place_id=ChIJHY60zm1NKocRSN6p_hBEVok,ChIJHY60zm1NKocRSN6p_hBEVok,pool service Flagstaff AZ,2026-07-08T07:27:01.903Z,118,1,,,,44,44,37
phone:+19285022545,73,68,Call ready,Callable local service business with a measurable review/profile/website opportunity,90,12,14,20,15,8,ProLine Irrigation LLC,irrigation repair,Irrigation equipment supplier,Yes,Target service category,(928) 502-2545,+19285022545,mobile,Verizon Wireless,CELL,Mobile verified,,,Not found,Tue-Thu 9:00-11:00 AM (estimate),,Yuma,Arizona,,,5,9,1,9,8,9 reviews vs 8 median in this Google result set,,,No website listed,Yes,No website,,,,,14-day review capture trial; $97/mo if retained,$499-$749/mo GBP/local visibility,"$2,500-$5,000 WordPress build",Not established,Likely claimed,hours not visible; description not visible; fewer than 10 images; no owner updates found,No,No,https://www.google.com/maps/search/?api=1&query=ProLine%20Irrigation%20LLC&query_place_id=ChIJ__hsSaEd1IsRsMy8EluV2vg,ChIJ__hsSaEd1IsRsMy8EluV2vg,irrigation repair Yuma AZ,2026-07-08T07:27:11.509Z,18,1,,,,45,45,38
phone:+19287502560,73,73,Call ready,Callable local service business with a measurable review/profile/website opportunity,90,21,10,20,10,8,AquaSafe Carpet and Tile Cleaning,tile and grout cleaning,Carpet cleaning service,Yes,Target service category,(928) 750-2560,+19287502560,mobile,Verizon Wireless,CELL,Mobile verified,,,Not found,Tue-Thu 10:00 AM-2:00 PM (estimate),Yuma,Yuma,Arizona,1827 S 2nd Ave,85364,4.8,20,3,10,37.5,20 reviews vs 38 median in this Google result set,,,No website listed,Yes,No website,,,,,14-day review capture trial; $97/mo if retained,$399-$599/mo GBP/local visibility,"$1,500-$3,500 WordPress build",Not established,Likely claimed,hours not visible; description not visible; no owner updates found,No,No,https://www.google.com/maps/search/?api=1&query=AquaSafe%20Carpet%20and%20Tile%20Cleaning&query_place_id=ChIJ2TwipQf21oARTP9fp33XJ5k,ChIJ2TwipQf21oARTP9fp33XJ5k,tile and grout cleaning Yuma AZ,2026-07-08T07:27:13.191Z,78,1,,,,46,46,39
phone:+19283990097,72,67,Call ready,Callable local service business with a measurable review/profile/website opportunity,100,30,10,2,15,10,Pool Medic Llc,pool service,Swimming pool repair service,Yes,Target service category,(928) 399-0097,+19283990097,mobile,Verizon Wireless,CELL,Mobile verified,,,Not found,Tue-Thu 9:00-11:00 AM (estimate),Camp Verde,Camp Verde,Arizona,1520 Rio Verde Ln,86322,4.6,11,6,10,101,11 reviews vs 101 median in this Google result set,http://poolmedic.com/,poolmedic.com,Basic technical checks pass,Yes,Basic checks pass,https://poolmedic.com/,200,Yes,No,14-day review capture trial; $97/mo if retained,$499-$749/mo GBP/local visibility,"$2,500-$5,000 WordPress build",Not established,Likely claimed,description not visible; fewer than 10 images; no owner updates found,No,No,https://www.google.com/maps/search/?api=1&query=Pool%20Medic%20Llc&query_place_id=ChIJExUBT3X_LIcRk9paOgU2sLk,ChIJExUBT3X_LIcRk9paOgU2sLk,pool service Flagstaff AZ,2026-07-08T07:27:54.357Z,50,1,,,,48,48,40
phone:+16238242157,72,67,Call ready,Callable local service business with a measurable review/profile/website opportunity,100,19,10,13,15,10,Hall Pool Services,pool service,Pool cleaning service,Yes,Target service category,(623) 824-2157,+16238242157,mobile,Verizon Wireless,CELL,Mobile verified,,,Not found,Tue-Thu 9:00-11:00 AM (estimate),Surprise,Surprise,Arizona,17912 W Villa Chula Ln,85387,4.9,28,8,9,55,28 reviews vs 55 median in this Google result set,http://hallpoolservices.com/,hallpoolservices.com,Technical issues found,Yes,Needs technical review,https://hallpoolservices.com/,200,Yes,No,14-day review capture trial; $97/mo if retained,$499-$749/mo GBP/local visibility,"$2,500-$5,000 WordPress build",Not established,Likely claimed,description not visible; fewer than 10 images; no owner updates found,No,No,https://www.google.com/maps/search/?api=1&query=Hall%20Pool%20Services&query_place_id=ChIJrwsIj2ZnK4cRvBG0waMH27s,ChIJrwsIj2ZnK4cRvBG0waMH27s,pool service Surprise AZ,2026-07-08T07:28:26.754Z,98,1,,,,49,49,41
phone:+19283661765,72,67,Call ready,Callable local service business with a measurable review/profile/website opportunity,100,23,6,13,15,10,"Empire Pest Management, LLC",pest control,Pest control service,Yes,Target service category,(928) 366-1765,+19283661765,mobile,Verizon Wireless,CELL,Mobile verified,,,Not found,Tue-Thu 8:00-9:00 AM or 3:30-5:00 PM (estimate),Yuma,Yuma,Arizona,339 S May Ave,85364,4.9,74,4,10,232,74 reviews vs 232 median in this Google result set,http://empirepestyuma.com/,empirepestyuma.com,Technical issues found,Yes,Needs technical review,http://www.empirepestyuma.com/,200,Yes,Yes,14-day review capture trial; $97/mo if retained,$499-$749/mo GBP/local visibility,"$2,500-$5,000 WordPress build",Now: Usually a little busy,Likely claimed,description not visible; no owner updates found,No,No,https://www.google.com/maps/search/?api=1&query=Empire%20Pest%20Management%2C%20LLC&query_place_id=ChIJrRD1k_j21oARq7M5EbPhDJg,ChIJrRD1k_j21oARq7M5EbPhDJg,pest control Yuma AZ,2026-07-08T07:26:35.682Z,121,1,,,,50,50,42
phone:+16024347924,72,69,Call ready,Callable local service business with a measurable review/profile/website opportunity,95,29,14,2,13,9,Loe's Appliance and AC,appliance repair,Appliance repair service,Yes,Target service category,(602) 434-7924,+16024347924,mobile,Verizon Wireless,CELL,Mobile verified,,,Not found,Tue-Thu 9:00-11:00 AM (estimate),,Peoria,Arizona,,,4.7,24,1,10,200.5,24 reviews vs 201 median in this Google result set,https://loesapplianceandac.com/,loesapplianceandac.com,Basic technical checks pass,Yes,Basic checks pass,https://loesapplianceandac.com/,200,Yes,Yes,14-day review capture trial; $97/mo if retained,$499-$749/mo GBP/local visibility,"$2,500-$5,000 WordPress build",Not established,Likely claimed,hours not visible; description not visible; fewer than 10 images; no owner updates found,No,No,https://www.google.com/maps/search/?api=1&query=Loe's%20Appliance%20and%20AC&query_place_id=ChIJV7vtC9lpK4cRPmvWW7GRbXU,ChIJV7vtC9lpK4cRPmvWW7GRbXU,appliance repair Peoria AZ,2026-07-08T07:26:16.058Z,283,1,,,,51,51,43
phone:+16236706982,71,71,Call ready,Callable local service business with a measurable review/profile/website opportunity,100,23,10,13,10,10,Pristine Cleaning of Flagstaff,house cleaning,House cleaning service,Yes,Target service category,(623) 670-6982,+16236706982,mobile,Verizon Wireless,CELL,Mobile verified,,,Not found,Tue-Thu 10:00 AM-2:00 PM (estimate),Flagstaff,Flagstaff,Arizona,809 W Riordan Rd Ste 100-302,86001,4.9,28,7,10,57.5,28 reviews vs 58 median in this Google result set,https://pristinecleaningflagstaff.com/,pristinecleaningflagstaff.com,Technical issues found,Yes,Needs technical review,https://pristinecleaningflagstaff.com/,200,Yes,No,14-day review capture trial; $97/mo if retained,$399-$599/mo GBP/local visibility,"$1,500-$3,500 WordPress build",Not established,Likely claimed,description not visible; fewer than 10 images; no owner updates found,No,No,https://www.google.com/maps/search/?api=1&query=Pristine%20Cleaning%20of%20Flagstaff&query_place_id=ChIJ_QtMp52PLYcR4yoUnPcJXiY,ChIJ_QtMp52PLYcR4yoUnPcJXiY,tile and grout cleaning Flagstaff AZ,2026-07-08T07:26:59.894Z,331,1,,,,52,52,44
phone:+15203827600,71,66,Call ready,Callable local service business with a measurable review/profile/website opportunity,100,29,10,2,15,10,Northwest Pool Care,pool service,Pool cleaning service,Yes,Target service category,(520) 382-7600,+15203827600,mobile,"T-Mobile USA, Inc.",CELL,Mobile verified,,,Not found,Tue-Thu 9:00-11:00 AM (estimate),Tucson,Tucson,Arizona,7850 N Silverbell Rd #114-180,85743,4.7,29,8,9,209,29 reviews vs 209 median in this Google result set,http://www.northwestpoolcare.com/,northwestpoolcare.com,Basic technical checks pass,Yes,Basic checks pass,https://northwestpoolcare.com/,200,Yes,Yes,14-day review capture trial; $97/mo if retained,$499-$749/mo GBP/local visibility,"$2,500-$5,000 WordPress build",Not established,Likely claimed,description not visible; fewer than 10 images; no owner updates found,No,No,https://www.google.com/maps/search/?api=1&query=Northwest%20Pool%20Care&query_place_id=ChIJR3weKB_g1YYR7WfPjKMww-Q,ChIJR3weKB_g1YYR7WfPjKMww-Q,pool service Tucson AZ,2026-07-08T07:28:43.126Z,99,1,,,,53,53,45
phone:+14805289486,71,66,Call ready,Callable local service business with a measurable review/profile/website opportunity,95,28,12,2,15,9,Arbor Tree Feeding Experts | Tree Trimming | Tree Cutting and Tree Health Services,pest control,Arborist service,Yes,Target service category,(480) 528-9486,+14805289486,mobile,Verizon Wireless,CELL,Mobile verified,,,Not found,Tue-Thu 9:00-11:00 AM (estimate),,Phoenix,Arizona,,,5,1,30,20,1228,1 reviews vs 1228 median in this Google result set,https://lps.arbortreefeeding.com/scottsdale-tree-care-services/,lps.arbortreefeeding.com,Basic technical checks pass,Yes,Basic checks pass,https://lps.arbortreefeeding.com/scottsdale-tree-care-services/,200,Yes,No,14-day review capture trial; $97/mo if retained,$499-$749/mo GBP/local visibility,"$2,500-$5,000 WordPress build",Not established,Likely claimed,hours not visible; description not visible; no owner updates found,No,No,https://www.google.com/maps/search/?api=1&query=Arbor%20Tree%20Feeding%20Experts%20%7C%20Tree%20Trimming%20%7C%20Tree%20Cutting%20and%20Tree%20Health%20Services&query_place_id=ChIJl7saP8o5RaQRmo-L2gldxQU,ChIJl7saP8o5RaQRmo-L2gldxQU,pest control Phoenix AZ,2026-07-08T07:20:17.233Z,172,1,,,,55,55,46
phone:+19282943978,71,68,Call ready,Callable local service business with a measurable review/profile/website opportunity,95,28,14,2,13,9,Wilfredo's Garage Door Service,garage door repair,Garage door supplier,Yes,Target service category,(928) 294-3978,+19282943978,mobile,Verizon Wireless,CELL,Mobile verified,,,Not found,Tue-Thu 9:00-11:00 AM (estimate),,Yuma,Arizona,,,5,1,8,10,25.5,1 reviews vs 26 median in this Google result set,https://www.wilfredosgaragedoor.net/,wilfredosgaragedoor.net,Basic technical checks pass,Yes,Basic checks pass,https://www.wilfredosgaragedoor.com/,200,Yes,No,14-day review capture trial; $97/mo if retained,$499-$749/mo GBP/local visibility,"$2,500-$5,000 WordPress build",Not established,Likely claimed,hours not visible; description not visible; fewer than 10 images; no owner updates found,No,No,https://www.google.com/maps/search/?api=1&query=Wilfredo's%20Garage%20Door%20Service&query_place_id=ChIJ0RqFuShZ1oARDJfMiUKUWOo,ChIJ0RqFuShZ1oARDJfMiUKUWOo,garage door repair Yuma AZ,2026-07-08T07:27:17.773Z,175,1,,,,56,56,47
phone:+14804081171,71,68,Call ready,Callable local service business with a measurable review/profile/website opportunity,95,27,12,5,13,9,Arizona’s Finest Garage Doors,garage door repair,Garage door supplier,Yes,Target service category,(480) 408-1171,+14804081171,mobile,AT&T Wireless,CELL,Mobile verified,,,Not found,Tue-Thu 9:00-11:00 AM (estimate),,Glendale,Arizona,,,5,26,9,10,274,26 reviews vs 274 median in this Google result set,http://azfinestgaragedoors.com/,azfinestgaragedoors.com,Automated check blocked - manual review,Yes,Blocked from automated check,https://azfinestgaragedoors.com/,429,Yes,No,14-day review capture trial; $97/mo if retained,$499-$749/mo GBP/local visibility,"$2,500-$5,000 WordPress build",Not established,Likely claimed,hours not visible; description not visible; no owner updates found,No,No,https://www.google.com/maps/search/?api=1&query=Arizona%E2%80%99s%20Finest%20Garage%20Doors&query_place_id=ChIJhzAC80hhKkkRBTy_2qs7l4E,ChIJhzAC80hhKkkRBTy_2qs7l4E,garage door repair Glendale AZ,2026-07-08T07:24:26.900Z,97,1,,,,58,58,48
phone:+16027411059,71,66,Call ready,Callable local service business with a measurable review/profile/website opportunity,95,19,10,13,15,9,Preferred Choice Pest Control,pest control,Pest control service,Yes,Target service category,(602) 741-1059,+16027411059,mobile,Verizon Wireless,CELL,Mobile verified,Levi Becker,https://www.preferredchoicepestcontrol.com/about-us,Explicit website text,Tue-Thu 9:00-11:00 AM (estimate),,Surprise,Arizona,,,5,33,14,10,64,33 reviews vs 64 median in this Google result set,https://www.preferredchoicepestcontrol.com/,preferredchoicepestcontrol.com,Technical issues found,Yes,Needs technical review,https://www.preferredchoicepestcontrol.com/,200,Yes,No,14-day review capture trial; $97/mo if retained,$499-$749/mo GBP/local visibility,"$2,500-$5,000 WordPress build",Not established,Likely claimed,hours not visible; description not visible,No,No,https://www.google.com/maps/search/?api=1&query=Preferred%20Choice%20Pest%20Control&query_place_id=ChIJ411J7kv7OQoRk1whQUMili8,ChIJ411J7kv7OQoRk1whQUMili8,pest control Surprise AZ,2026-07-08T07:27:04.693Z,292,1,,,,59,59,49
phone:+17605054504,70,65,Call ready,Callable local service business with a measurable review/profile/website opportunity,100,28,10,2,15,10,Foothills Pool Service,pool service,Pool cleaning service,Yes,Target service category,(760) 505-4504,+17605054504,mobile,Verizon Wireless,CELL,Mobile verified,,,Not found,Tue-Thu 9:00-11:00 AM (estimate),Yuma,Yuma,Arizona,10795 Kino Way,85367,5,1,6,10,43,1 reviews vs 43 median in this Google result set,https://www.foothillpools.com/,foothillpools.com,Basic technical checks pass,Yes,Basic checks pass,https://www.foothillpools.com/,200,Yes,No,14-day review capture trial; $97/mo if retained,$499-$749/mo GBP/local visibility,"$2,500-$5,000 WordPress build",Not established,Likely claimed,description not visible; fewer than 10 images; no owner updates found,No,No,https://www.google.com/maps/search/?api=1&query=Foothills%20Pool%20Service&query_place_id=ChIJF4V8WAFh1oARkMizQ2k9o0M,ChIJF4V8WAFh1oARkMizQ2k9o0M,pool service Yuma AZ,2026-07-08T07:26:38.686Z,173,1,,,,60,60,50
phone:+16236969100,70,65,Call ready,Callable local service business with a measurable review/profile/website opportunity,100,28,10,2,15,10,A Splash Above Pool Care,pool service,Swimming pool repair service,Yes,Target service category,(623) 696-9100,+16236969100,mobile,Verizon Wireless,CELL,Mobile verified,,,Not found,Tue-Thu 9:00-11:00 AM (estimate),Surprise,Surprise,Arizona,16079 W Cameron Dr,85379,5,1,9,9,55,1 reviews vs 55 median in this Google result set,http://asplashabovepools.com/,asplashabovepools.com,Basic technical checks pass,Yes,Basic checks pass,https://asplashabovepools.com/,200,Yes,No,14-day review capture trial; $97/mo if retained,$499-$749/mo GBP/local visibility,"$2,500-$5,000 WordPress build",Not established,Likely claimed,description not visible; fewer than 10 images; no owner updates found,No,No,https://www.google.com/maps/search/?api=1&query=A%20Splash%20Above%20Pool%20Care&query_place_id=ChIJ46JnuUxFK4cRuLNn6U2AGt4,ChIJ46JnuUxFK4cRuLNn6U2AGt4,pool service Surprise AZ,2026-07-08T07:28:19.478Z,38,1,,,,61,61,51
phone:+14802840411,70,65,Call ready,Callable local service business with a measurable review/profile/website opportunity,100,19,8,13,15,10,Pool Vac Repair,pool service,Swimming pool repair service,Yes,Target service category,(480) 284-0411,+14802840411,mobile,Verizon Wireless,CELL,Mobile verified,,,Not found,Tue-Thu 9:00-11:00 AM (estimate),Tempe,Tempe,Arizona,1807 E La Vieve Ln,85284,5,39,9,10,74.5,39 reviews vs 75 median in this Google result set,http://poolvacrepair.co/,poolvacrepair.co,Technical issues found,Yes,Needs technical review,http://poolvacrepair.co/,200,No,No,14-day review capture trial; $97/mo if retained,$499-$749/mo GBP/local visibility,"$2,500-$5,000 WordPress build",Not established,Likely claimed,description not visible; no owner updates found,No,No,https://www.google.com/maps/search/?api=1&query=Pool%20Vac%20Repair&query_place_id=ChIJV07g9-MGK4cRvkM4DnTz9Ik,ChIJV07g9-MGK4cRvkM4DnTz9Ik,pool service Tempe AZ,2026-07-08T07:25:09.488Z,103,1,,,,65,65,52
phone:+19283443445,70,67,Call ready,Callable local service business with a measurable review/profile/website opportunity,95,13,10,20,13,9,"Yuma Overhead Door Co., Inc",garage door repair,Garage door supplier,Yes,Target service category,(928) 344-3445,+19283443445,mobile,"Onvoy, LLC",CELL,Mobile verified,,,Not found,Tue-Thu 9:00-11:00 AM (estimate),Yuma,Yuma,Arizona,2826 E 15th St,85365,4.3,31,2,10,25.5,31 reviews vs 26 median in this Google result set,,,No website listed,Yes,No website,,,,,14-day review capture trial; $97/mo if retained,$499-$749/mo GBP/local visibility,"$2,500-$5,000 WordPress build",Not established,Likely claimed,description not visible; fewer than 10 images; no owner updates found,No,No,https://www.google.com/maps/search/?api=1&query=Yuma%20Overhead%20Door%20Co.%2C%20Inc&query_place_id=ChIJ8-PsBI_11oARXRVUurqh54Q,ChIJ8-PsBI_11oARXRVUurqh54Q,garage door repair Yuma AZ,2026-07-08T07:27:33.452Z,34,1,,,,66,66,53
phone:+16023140981,70,70,Call ready,Callable local service business with a measurable review/profile/website opportunity,95,23,10,13,10,9,GroutKing,tile and grout cleaning,Floor refinishing service,Yes,Target service category,(602) 314-0981,+16023140981,mobile,Verizon Wireless,CELL,Mobile verified,,,Not found,Tue-Thu 10:00 AM-2:00 PM (estimate),,Phoenix,Arizona,,,5,34,14,10,107,34 reviews vs 107 median in this Google result set,https://groutking.net/,groutking.net,Technical issues found,Yes,Needs technical review,https://groutking.net/,202,No,No,14-day review capture trial; $97/mo if retained,$399-$599/mo GBP/local visibility,"$1,500-$3,500 WordPress build",Not established,Likely claimed,hours not visible; description not visible; no owner updates found,No,No,https://www.google.com/maps/search/?api=1&query=GroutKing&query_place_id=ChIJjxL419zxwUsRVKmPOdTC9qk,ChIJjxL419zxwUsRVKmPOdTC9qk,tile and grout cleaning Phoenix AZ,2026-07-08T07:27:20.132Z,336,1,,,,67,67,54
phone:+16029960292,70,70,Call ready,Callable local service business with a measurable review/profile/website opportunity,95,23,10,13,10,9,Advanced Carpet & Upholstery Cleaning,tile and grout cleaning,Carpet cleaning service,Yes,Target service category,(602) 996-0292,+16029960292,mobile,AT&T Wireless,CELL,Mobile verified,,,Not found,Tue-Thu 10:00 AM-2:00 PM (estimate),,Scottsdale,Arizona,,,5,36,10,10,103.5,36 reviews vs 104 median in this Google result set,http://advancedcleaningscottsdale.com/,advancedcleaningscottsdale.com,Technical issues found,Yes,Needs technical review,http://advancedcleaningscottsdale.com/,200,Yes,Yes,14-day review capture trial; $97/mo if retained,$399-$599/mo GBP/local visibility,"$1,500-$3,500 WordPress build",Not established,Likely claimed,hours not visible; description not visible; no owner updates found,No,No,https://www.google.com/maps/search/?api=1&query=Advanced%20Carpet%20%26%20Upholstery%20Cleaning&query_place_id=ChIJNw_NOPVzK4cRAPGU-LUaHkM,ChIJNw_NOPVzK4cRAPGU-LUaHkM,carpet cleaning Scottsdale AZ,2026-07-08T07:24:07.006Z,140,1,,,,68,68,55
phone:+14805723141,70,65,Call ready,Callable local service business with a measurable review/profile/website opportunity,95,15,6,20,15,9,Hernandez Irrigation Repairs,irrigation repair,Lawn sprinkler system contractor,Yes,Target service category,(480) 572-3141,+14805723141,mobile,"T-Mobile USA, Inc.",CELL,Mobile verified,,,Not found,Tue-Thu 9:00-11:00 AM (estimate),Chandler,Chandler,Arizona,1692 E Golden Ln,85225,4.9,70,1,10,85,70 reviews vs 85 median in this Google result set,,,No website listed,Yes,No website,,,,,14-day review capture trial; $97/mo if retained,$499-$749/mo GBP/local visibility,"$2,500-$5,000 WordPress build",Not established,Likely claimed,description not visible; no owner updates found,No,No,https://www.google.com/maps/search/?api=1&query=Hernandez%20Irrigation%20Repairs&query_place_id=ChIJD61KuFZLKocRcKjIFE-i1pQ,ChIJD61KuFZLKocRcKjIFE-i1pQ,irrigation repair Chandler AZ,2026-07-08T07:23:21.737Z,61,1,,,,69,69,56
phone:+16024631004,70,67,Call ready,Callable local service business with a measurable review/profile/website opportunity,90,17,8,20,13,8,Ibanez Appliance Solutions LLC,appliance repair,Appliance repair service,Yes,Target service category,(602) 463-1004,+16024631004,mobile,Verizon Wireless,CELL,Mobile verified,,,Not found,Tue-Thu 9:00-11:00 AM (estimate),,Surprise,Arizona,,,5,88,7,10,143.5,88 reviews vs 144 median in this Google result set,,,No website listed,Yes,No website,,,,,14-day review capture trial; $97/mo if retained,$499-$749/mo GBP/local visibility,"$2,500-$5,000 WordPress build",Not established,Likely claimed,hours not visible; description not visible,No,No,https://www.google.com/maps/search/?api=1&query=Ibanez%20Appliance%20Solutions%20LLC&query_place_id=ChIJv3gmz-tFK4cRYmM7ThoVfSE,ChIJv3gmz-tFK4cRYmM7ThoVfSE,appliance repair Surprise AZ,2026-07-08T07:26:06.033Z,164,1,,,,70,70,57
phone:+14808989111,69,69,Call ready,Callable local service business with a measurable review/profile/website opportunity,100,25,6,13,10,10,Carpet Medic,carpet cleaning,Carpet cleaning service,Yes,Target service category,(480) 898-9111,+14808989111,mobile,Verizon Wireless,CELL,Mobile verified,,,Not found,Tue-Thu 8:00-9:00 AM or 3:30-5:00 PM (estimate),Mesa,Mesa,Arizona,7255 E Hampton Ave,85209,4.6,21,11,10,80,21 reviews vs 80 median in this Google result set,http://azcarpetmedic.com/,azcarpetmedic.com,Technical issues found,Yes,Needs technical review,http://azcarpetmedic.com/,200,Yes,Yes,14-day review capture trial; $97/mo if retained,$399-$599/mo GBP/local visibility,"$1,500-$3,500 WordPress build",Now: Usually a little busy,Likely claimed,description not visible; no owner updates found,No,No,https://www.google.com/maps/search/?api=1&query=Carpet%20Medic&query_place_id=ChIJbbX3Iy2uK4cR4RolXZBI_1M,ChIJbbX3Iy2uK4cR4RolXZBI_1M,carpet cleaning Mesa AZ,2026-07-08T07:27:41.246Z,132,1,,,,71,71,58
phone:+14803520392,69,69,Call ready,Callable local service business with a measurable review/profile/website opportunity,100,27,4,13,10,10,Lazona Tile Care,tile and grout cleaning,Floor sanding and polishing service,Yes,Target service category,(480) 352-0392,+14803520392,mobile,T-Mobile USA,CELL,Mobile verified,,,Not found,Tue-Thu 10:00 AM-2:00 PM (estimate),Chandler,Chandler,Arizona,3100 W Ray Rd,85226,5,36,20,9,328,36 reviews vs 328 median in this Google result set,https://www.lazonarestorative.com/,lazonarestorative.com,Technical issues found,Yes,Needs technical review,https://www.lazonarestorative.com/,200,Yes,No,14-day review capture trial; $97/mo if retained,$399-$599/mo GBP/local visibility,"$1,500-$3,500 WordPress build",Not established,Likely claimed,description not visible,No,No,https://www.google.com/maps/search/?api=1&query=Lazona%20Tile%20Care&query_place_id=ChIJ7_koeG9zKocRh31ufFsReh4,ChIJ7_koeG9zKocRh31ufFsReh4,tile and grout cleaning Tempe AZ,2026-07-08T07:28:04.453Z,339,1,,,,72,72,59
phone:+16233309677,69,69,Call ready,Callable local service business with a measurable review/profile/website opportunity,100,25,6,13,10,10,Pyramid Carpet Cleaning,carpet cleaning,Carpet cleaning service,Yes,Target service category,(623) 330-9677,+16233309677,mobile,"T-Mobile USA, Inc.",CELL,Mobile verified,,,Not found,Tue-Thu 10:00 AM-2:00 PM (estimate),Surprise,Surprise,Arizona,"Surprise, AZ 85388",85388,5,140,7,2,1679,140 reviews vs 1679 median in this Google result set,https://www.facebook.com/PyramidCarpetUpholsteryCleaning/,facebook.com,Technical issues found,Yes,Needs technical review,https://www.facebook.com/PyramidCarpetUpholsteryCleaning/,200,Yes,No,14-day review capture trial; $97/mo if retained,$399-$599/mo GBP/local visibility,"$1,500-$3,500 WordPress build",Moderate lifetime review footprint,Likely claimed,description not visible; no owner updates found,No,No,https://www.google.com/maps/search/?api=1&query=Pyramid%20Carpet%20Cleaning&query_place_id=ChIJT3M3lnJRK4cRypBO0fLX-pk,ChIJT3M3lnJRK4cRypBO0fLX-pk,carpet cleaning Surprise AZ,2026-07-08T07:26:24.495Z,268,1,,,,74,74,60
phone:+15205265502,69,69,Call ready,Callable local service business with a measurable review/profile/website opportunity,95,19,6,20,10,9,"Platinum Elite Steam Cleaning, Inc. Tuscon AZ",tile and grout cleaning,Carpet cleaning service,Yes,Target service category,(520) 526-5502,+15205265502,mobile,Verizon Wireless,CELL,Mobile verified,,,Not found,Tue-Thu 10:00 AM-2:00 PM (estimate),Tucson,Tucson,Arizona,140 S Camino Seco #422,85710,5,34,16,9,48,34 reviews vs 48 median in this Google result set,,,No website listed,Yes,No website,,,,,14-day review capture trial; $97/mo if retained,$399-$599/mo GBP/local visibility,"$1,500-$3,500 WordPress build",Not established,Likely claimed,description not visible; no owner updates found,No,No,https://www.google.com/maps/search/?api=1&query=Platinum%20Elite%20Steam%20Cleaning%2C%20Inc.%20Tuscon%20AZ&query_place_id=ChIJYZRs8lRxAoIRyQlFBMm-Ao8,ChIJYZRs8lRxAoIRyQlFBMm-Ao8,tile and grout cleaning Tucson AZ,2026-07-08T07:28:20.276Z,80,1,,,,75,75,61
phone:+14809964009,68,65,Call ready,Callable local service business with a measurable review/profile/website opportunity,100,28,10,2,13,10,az+ garage door repair,garage door repair,Garage door supplier,Yes,Target service category,(480) 996-4009,+14809964009,mobile,AT&T Wireless,CELL,Mobile verified,,,Not found,Tue-Thu 9:00-11:00 AM (estimate),Peoria,Peoria,Arizona,8067 W Eva St,85345,5,2,11,10,79,2 reviews vs 79 median in this Google result set,https://www.azplusgarage.com/,azplusgarage.com,Basic technical checks pass,Yes,Basic checks pass,https://www.azplusgarage.com/,200,Yes,No,14-day review capture trial; $97/mo if retained,$499-$749/mo GBP/local visibility,"$2,500-$5,000 WordPress build",Not established,Likely claimed,description not visible; fewer than 10 images; no owner updates found,No,No,https://www.google.com/maps/search/?api=1&query=az%2B%20garage%20door%20repair&query_place_id=ChIJyQinW3087KQRPmWTwnBmSfM,ChIJyQinW3087KQRPmWTwnBmSfM,garage door repair Peoria AZ,2026-07-08T07:27:01.765Z,176,1,,,,76,76,62
phone:+14804559690,68,63,Call ready,Callable local service business with a measurable review/profile/website opportunity,100,19,6,13,15,10,pH Balanced Pool Service,pool service,Pool cleaning service,Yes,Target service category,(480) 455-9690,+14804559690,mobile,AT&T Wireless,CELL,Mobile verified,,,Not found,Tue-Thu 9:00-11:00 AM (estimate),Gilbert,Gilbert,Arizona,330 S Gibson St,85296,4.9,63,8,8,95,63 reviews vs 95 median in this Google result set,http://www.phbalancedpool.com/,phbalancedpool.com,Technical issues found,Yes,Needs technical review,https://phbalancedpool.com/,200,Yes,Yes,14-day review capture trial; $97/mo if retained,$499-$749/mo GBP/local visibility,"$2,500-$5,000 WordPress build",Not established,Likely claimed,description not visible; no owner updates found,No,No,https://www.google.com/maps/search/?api=1&query=pH%20Balanced%20Pool%20Service&query_place_id=ChIJ21MinDSvK4cRcOIwdn4k2Zk,ChIJ21MinDSvK4cRcOIwdn4k2Zk,pool service Gilbert AZ,2026-07-08T07:28:07.990Z,113,1,,,,78,78,63
phone:+19288992558,68,68,Call ready,Callable local service business with a measurable review/profile/website opportunity,95,28,14,2,10,9,MyColorSeal,tile and grout cleaning,Tile cleaning service,Yes,Target service category,(928) 899-2558,+19288992558,mobile,Verizon Wireless,CELL,Mobile verified,,,Not found,Tue-Thu 10:00 AM-2:00 PM (estimate),,Flagstaff,Arizona,,,5,11,8,10,57.5,11 reviews vs 58 median in this Google result set,https://mycolorseal.com/,mycolorseal.com,Basic technical checks pass,Yes,Basic checks pass,https://mycolorseal.com/,200,Yes,Yes,14-day review capture trial; $97/mo if retained,$399-$599/mo GBP/local visibility,"$1,500-$3,500 WordPress build",Not established,Likely claimed,hours not visible; description not visible; fewer than 10 images; no owner updates found,No,No,https://www.google.com/maps/search/?api=1&query=MyColorSeal&query_place_id=ChIJNTJJSQuIRI4R_aPJIp63o7I,ChIJNTJJSQuIRI4R_aPJIp63o7I,tile and grout cleaning Flagstaff AZ,2026-07-08T07:27:52.208Z,204,1,,,,80,80,64
phone:+19283266089,68,63,Call ready,Callable local service business with a measurable review/profile/website opportunity,95,23,14,2,15,9,Aspen Pest Control Northern AZ,pest control,Pest control service,Yes,Target service category,(928) 326-6089,+19283266089,mobile,Verizon Wireless,CELL,Mobile verified,,,Not found,Tue-Thu 9:00-11:00 AM (estimate),,Flagstaff,Arizona,,,5,33,4,10,102,33 reviews vs 102 median in this Google result set,http://www.aspenpests.com/,aspenpests.com,Basic technical checks pass,Yes,Basic checks pass,https://aspenpests.com/,200,Yes,No,14-day review capture trial; $97/mo if retained,$499-$749/mo GBP/local visibility,"$2,500-$5,000 WordPress build",Not established,Likely claimed,hours not visible; description not visible; fewer than 10 images; no owner updates found,No,No,https://www.google.com/maps/search/?api=1&query=Aspen%20Pest%20Control%20Northern%20AZ&query_place_id=ChIJgfD-pRZbVgkRyHWnevAtCfE,ChIJgfD-pRZbVgkRyHWnevAtCfE,pest control Flagstaff AZ,2026-07-08T07:26:57.778Z,101,1,,,,81,81,65
phone:+14802070303,67,64,Call ready,Callable local service business with a measurable review/profile/website opportunity,100,28,6,5,13,10,Jazz Appliance Repair,appliance repair,Appliance repair service,Yes,Target service category,(480) 207-0303,+14802070303,mobile,"T-Mobile USA, Inc.",CELL,Mobile verified,,,Not found,Tue-Thu 9:00-11:00 AM (estimate),Chandler,Chandler,Arizona,2144 E Ebony Dr,85286,5,7,3,10,52,7 reviews vs 52 median in this Google result set,http://jazzappliancerepair.com/,jazzappliancerepair.com,Automated check blocked - manual review,Yes,Blocked from automated check,http://jazzappliancerepair.com/,403,Yes,No,14-day review capture trial; $97/mo if retained,$499-$749/mo GBP/local visibility,"$2,500-$5,000 WordPress build",Not established,Likely claimed,description not visible; no owner updates found,No,No,https://www.google.com/maps/search/?api=1&query=Jazz%20Appliance%20Repair&query_place_id=ChIJyzv_nnOrK4cRMoZbMqn3pAI,ChIJyzv_nnOrK4cRMoZbMqn3pAI,appliance repair Chandler AZ,2026-07-08T07:22:37.113Z,42,1,,,,82,82,66
phone:+14803923909,67,62,Call ready,Callable local service business with a measurable review/profile/website opportunity,100,27,8,2,15,10,Power Strike Pest Control,pest control,Pest control service,Yes,Target service category,(480) 392-3909,+14803923909,mobile,Verizon Wireless,CELL,Mobile verified,Austin Woolf,https://www.powerstrikepest.com/about/,Explicit website text,Tue-Thu 9:00-11:00 AM (estimate),Chandler,Chandler,Arizona,155 E Frye Rd #277,85225,5,69,15,9,1136,69 reviews vs 1136 median in this Google result set,https://powerstrikepest.com/?utm_source=google_gmb&utm_medium=organic&utm_campaign=powerstrikepest,powerstrikepest.com,Basic technical checks pass,Yes,Basic checks pass,https://www.powerstrikepest.com/?utm_source=google_gmb&utm_medium=organic&utm_campaign=powerstrikepest,200,Yes,Yes,14-day review capture trial; $97/mo if retained,$499-$749/mo GBP/local visibility,"$2,500-$5,000 WordPress build",Not established,Likely claimed,description not visible; no owner updates found,No,No,https://www.google.com/maps/search/?api=1&query=Power%20Strike%20Pest%20Control&query_place_id=ChIJd6iSb1gBK4cRHUdA13nPyr0,ChIJd6iSb1gBK4cRHUdA13nPyr0,pest control Chandler AZ,2026-07-08T07:28:02.119Z,324,1,,,,86,86,67
phone:+19283187711,67,62,Call ready,Callable local service business with a measurable review/profile/website opportunity,95,24,12,2,15,9,Bad Hawk Pool Pro LLC,pool service,Swimming pool repair service,Yes,Target service category,(928) 318-7711,+19283187711,mobile,Verizon Wireless,CELL,Mobile verified,,,Not found,Tue-Thu 9:00-11:00 AM (estimate),,Yuma,Arizona,,,5,11,7,10,43,11 reviews vs 43 median in this Google result set,http://www.badhawkpoolpro.com/,badhawkpoolpro.com,Basic technical checks pass,Yes,Basic checks pass,https://badhawkpoolpro.com/,200,Yes,Yes,14-day review capture trial; $97/mo if retained,$499-$749/mo GBP/local visibility,"$2,500-$5,000 WordPress build",Not established,Likely claimed,hours not visible; description not visible; no owner updates found,No,No,https://www.google.com/maps/search/?api=1&query=Bad%20Hawk%20Pool%20Pro%20LLC&query_place_id=ChIJaeUJNi-wrgMRea5Tjh-GqEk,ChIJaeUJNi-wrgMRea5Tjh-GqEk,pool service Yuma AZ,2026-07-08T07:26:37.379Z,48,1,,,,88,88,68
phone:+16023161027,67,67,Call ready,Callable local service business with a measurable review/profile/website opportunity,95,27,14,2,10,9,Benjamin's Carpet and Air Duct Cleaning - Phoenix,carpet cleaning,Carpet cleaning service,Yes,Target service category,(602) 316-1027,+16023161027,mobile,Verizon Wireless,CELL,Mobile verified,,,Not found,Tue-Thu 10:00 AM-2:00 PM (estimate),,Phoenix,Arizona,,,5,36,12,9,532,36 reviews vs 532 median in this Google result set,http://benjaminscarpetphoenix.com/,benjaminscarpetphoenix.com,Basic technical checks pass,Yes,Basic checks pass,https://benjaminscarpetphoenix.com/,200,Yes,Yes,14-day review capture trial; $97/mo if retained,$399-$599/mo GBP/local visibility,"$1,500-$3,500 WordPress build",Not established,Likely claimed,hours not visible; description not visible; fewer than 10 images; no owner updates found,No,No,https://www.google.com/maps/search/?api=1&query=Benjamin's%20Carpet%20and%20Air%20Duct%20Cleaning%20-%20Phoenix&query_place_id=ChIJLRmn59y73aMRLYKTP2-a2U0,ChIJLRmn59y73aMRLYKTP2-a2U0,carpet cleaning Phoenix AZ,2026-07-08T07:28:17.723Z,142,1,,,,89,89,69
phone:+19282217098,66,66,Call ready,Callable local service business with a measurable review/profile/website opportunity,100,20,8,13,10,10,Pine Forest Home Cleaning Service,house cleaning,House cleaning service,Yes,Target service category,(928) 221-7098,+19282217098,mobile,AT&T Wireless,CELL,Mobile verified,,,Not found,Tue-Thu 10:00 AM-2:00 PM (estimate),Flagstaff,Flagstaff,Arizona,2105 S Thompson Loop,86001,5,8,4,7,11,8 reviews vs 11 median in this Google result set,http://pineforestcs.com/,pineforestcs.com,Technical issues found,Yes,Needs technical review,https://www.pineforestcs.com/,200,Yes,No,14-day review capture trial; $97/mo if retained,$399-$599/mo GBP/local visibility,"$1,500-$3,500 WordPress build",Not established,Likely claimed,description not visible; no owner updates found,No,No,https://www.google.com/maps/search/?api=1&query=Pine%20Forest%20Home%20Cleaning%20Service&query_place_id=ChIJX4e5r46FLYcRMs75nY-DKbs,ChIJX4e5r46FLYcRMs75nY-DKbs,house cleaning Flagstaff AZ,2026-07-08T07:28:25.905Z,65,1,,,,90,90,70
phone:+16029229922,66,63,Call ready,Callable local service business with a measurable review/profile/website opportunity,100,28,8,2,13,10,Zoe's garage repair,garage door repair,Garage door supplier,Yes,Target service category,(602) 922-9922,+16029229922,mobile,Verizon Wireless,CELL,Mobile verified,,,Not found,Tue-Thu 9:00-11:00 AM (estimate),Surprise,Surprise,Arizona,12407 N 189th Ave,85388,5,16,9,10,103.5,16 reviews vs 104 median in this Google result set,http://www.zoesgaragerepair.com/,zoesgaragerepair.com,Basic technical checks pass,Yes,Basic checks pass,https://www.zoesgaragerepair.com/,200,Yes,No,14-day review capture trial; $97/mo if retained,$499-$749/mo GBP/local visibility,"$2,500-$5,000 WordPress build",Not established,Likely claimed,description not visible; no owner updates found,No,No,https://www.google.com/maps/search/?api=1&query=Zoe's%20garage%20repair&query_place_id=ChIJ-5ijuRxPK4cRy6lqTfk6ieE,ChIJ-5ijuRxPK4cRy6lqTfk6ieE,garage door repair Surprise AZ,2026-07-08T07:26:24.462Z,54,1,,,,91,91,71
phone:+16235058841,66,61,Call ready,Callable local service business with a measurable review/profile/website opportunity,100,13,10,13,15,10,Greentree Pest Control,pest control,Pest control service,Yes,Target service category,(623) 505-8841,+16235058841,mobile,T-Mobile USA,CELL,Mobile verified,,,Not found,Tue-Thu 9:00-11:00 AM (estimate),Surprise,Surprise,Arizona,17915 W Gelding Dr,85388,4.8,72,3,10,64,72 reviews vs 64 median in this Google result set,http://www.greentreepest.com/,greentreepest.com,Technical issues found,Yes,Needs technical review,http://www.greentreepest.com/,200,Yes,No,14-day review capture trial; $97/mo if retained,$499-$749/mo GBP/local visibility,"$2,500-$5,000 WordPress build",Not established,Likely claimed,description not visible; fewer than 10 images; no owner updates found,No,No,https://www.google.com/maps/search/?api=1&query=Greentree%20Pest%20Control&query_place_id=ChIJ3eq97u5PK4cRGpkRkdtFN9Q,ChIJ3eq97u5PK4cRGpkRkdtFN9Q,pest control Surprise AZ,2026-07-08T07:27:06.201Z,119,1,,,,92,92,72
phone:+16025580181,66,61,Call ready,Callable local service business with a measurable review/profile/website opportunity,95,13,4,20,15,9,Desert Rose Landscaping LLC.,irrigation repair,Lawn sprinkler system contractor,Yes,Target service category,(602) 558-0181,+16025580181,mobile,Verizon Wireless,CELL,Mobile verified,,,Not found,Tue-Thu 9:00-11:00 AM (estimate),Glendale,Glendale,Arizona,17187 N 51st Dr,85308,5,81,5,10,100,81 reviews vs 100 median in this Google result set,,,No website listed,Yes,No website,,,,,14-day review capture trial; $97/mo if retained,$499-$749/mo GBP/local visibility,"$2,500-$5,000 WordPress build",Not established,Likely claimed,description not visible,No,No,https://www.google.com/maps/search/?api=1&query=Desert%20Rose%20Landscaping%20LLC.&query_place_id=ChIJYUFCgVa7fwYRFYKvoI1b2nc,ChIJYUFCgVa7fwYRFYKvoI1b2nc,irrigation repair Glendale AZ,2026-07-08T07:24:44.782Z,163,1,,,,94,94,73
phone:+16024810088,66,61,Call ready,Callable local service business with a measurable review/profile/website opportunity,95,25,10,2,15,9,Elite Pest Pros,pest control,Pest control service,Yes,Target service category,(602) 481-0088,+16024810088,mobile,"T-Mobile USA, Inc.",CELL,Mobile verified,,,Not found,Tue-Thu 9:00-11:00 AM (estimate),,Glendale,Arizona,,,5,87,9,10,705,87 reviews vs 705 median in this Google result set,http://www.elitepestpros.com/,elitepestpros.com,Basic technical checks pass,Yes,Basic checks pass,https://www.elitepestpros.com/,200,Yes,No,14-day review capture trial; $97/mo if retained,$499-$749/mo GBP/local visibility,"$2,500-$5,000 WordPress build",Not established,Likely claimed,hours not visible; description not visible; no owner updates found,No,No,https://www.google.com/maps/search/?api=1&query=Elite%20Pest%20Pros&query_place_id=ChIJAQAEWL5oK4cRkLtZizKaDUY,ChIJAQAEWL5oK4cRkLtZizKaDUY,pest control Glendale AZ,2026-07-08T07:23:37.152Z,218,1,,,,95,95,74
phone:+14808007038,65,65,Call ready,Callable local service business with a measurable review/profile/website opportunity,100,23,4,13,10,10,EnerGreen Carpet Cleaning,carpet cleaning,Carpet cleaning service,Yes,Target service category,(480) 800-7038,+14808007038,mobile,Verizon Wireless,CELL,Mobile verified,,,Not found,Tue-Thu 10:00 AM-2:00 PM (estimate),Scottsdale,Scottsdale,Arizona,6730 E Dreyfus Ave,85254,5,51,7,10,103.5,51 reviews vs 104 median in this Google result set,http://energreencarpetcleaning.com/,energreencarpetcleaning.com,Technical issues found,Yes,Needs technical review,http://energreencarpetcleaning.com/,202,No,No,14-day review capture trial; $97/mo if retained,$399-$599/mo GBP/local visibility,"$1,500-$3,500 WordPress build",Not established,Likely claimed,description not visible,No,No,https://www.google.com/maps/search/?api=1&query=EnerGreen%20Carpet%20Cleaning&query_place_id=ChIJrw6h9V1xK4cRPrknoJv93Jk,ChIJrw6h9V1xK4cRPrknoJv93Jk,carpet cleaning Scottsdale AZ,2026-07-08T07:24:00.800Z,150,1,,,,98,98,75
phone:+16232260066,64,61,Call ready,Callable local service business with a measurable review/profile/website opportunity,100,28,6,2,13,10,SJ Appliance Repair LLC,appliance repair,Appliance repair service,Yes,Target service category,(623) 226-0066,+16232260066,mobile,"T-Mobile USA, Inc. (form. Metro PCS, Inc.)",CELL,Mobile verified,,,Not found,Tue-Thu 9:00-11:00 AM (estimate),El Mirage,El Mirage,Arizona,11737 W Shaw Butte Dr,85335,5,6,14,10,143.5,6 reviews vs 144 median in this Google result set,https://sjapplianceservices.com/,sjapplianceservices.com,Basic technical checks pass,Yes,Basic checks pass,https://sjapplianceservices.com/,200,Yes,Yes,14-day review capture trial; $97/mo if retained,$499-$749/mo GBP/local visibility,"$2,500-$5,000 WordPress build",Not established,Likely claimed,description not visible,No,No,https://www.google.com/maps/search/?api=1&query=SJ%20Appliance%20Repair%20LLC&query_place_id=ChIJT5sFAd8m9C4ReoJ9E6HDIqA,ChIJT5sFAd8m9C4ReoJ9E6HDIqA,appliance repair Surprise AZ,2026-07-08T07:27:03.029Z,181,1,,,,101,101,76
phone:+15208887563,64,64,Call ready,Callable local service business with a measurable review/profile/website opportunity,100,27,10,2,10,10,"All Pro Carpet, Tile, Upholstery & Biohazard Cleaning",tile and grout cleaning,Carpet cleaning service,Yes,Target service category,(520) 888-7563,+15208887563,mobile,"T-Mobile USA, Inc.",CELL,Mobile verified,,,Not found,Tue-Thu 8:00-9:00 AM or 3:30-5:00 PM (estimate),Tucson,Tucson,Arizona,4377 W Rae Cir,85741,4.9,37,5,10,540.5,37 reviews vs 541 median in this Google result set,https://allprocarpetcleaningaz.com/,allprocarpetcleaningaz.com,Basic technical checks pass,Yes,Basic checks pass,https://allprocarpetcleaningaz.com/,200,Yes,Yes,14-day review capture trial; $97/mo if retained,$399-$599/mo GBP/local visibility,"$1,500-$3,500 WordPress build",Now: Usually not too busy,Likely claimed,description not visible; fewer than 10 images; no owner updates found,No,No,https://www.google.com/maps/search/?api=1&query=All%20Pro%20Carpet%2C%20Tile%2C%20Upholstery%20%26%20Biohazard%20Cleaning&query_place_id=ChIJb1QPEYVz1oYR_vjhR99_G2E,ChIJb1QPEYVz1oYR_vjhR99_G2E,carpet cleaning Tucson AZ,2026-07-08T07:27:49.185Z,341,1,,,,103,103,77
phone:+19286993196,64,64,Call ready,Callable local service business with a measurable review/profile/website opportunity,95,24,14,2,10,9,Carpet Care Connection,carpet cleaning,Carpet cleaning service,Yes,Target service category,(928) 699-3196,+19286993196,mobile,Verizon Wireless,CELL,Mobile verified,,,Not found,Tue-Thu 10:00 AM-2:00 PM (estimate),,Flagstaff,Arizona,,,5,6,16,8,16,6 reviews vs 16 median in this Google result set,http://flagstaffcarpetcare.com/,flagstaffcarpetcare.com,Basic technical checks pass,Yes,Basic checks pass,https://flagstaffcarpetcare.com/,200,Yes,Yes,14-day review capture trial; $97/mo if retained,$399-$599/mo GBP/local visibility,"$1,500-$3,500 WordPress build",Not established,Likely claimed,hours not visible; description not visible; fewer than 10 images; no owner updates found,No,No,https://www.google.com/maps/search/?api=1&query=Carpet%20Care%20Connection&query_place_id=ChIJRaPVuoaFLYcRgllkycekPds,ChIJRaPVuoaFLYcRgllkycekPds,carpet cleaning Flagstaff AZ,2026-07-08T07:28:17.499Z,63,1,,,,105,105,78
phone:+14803580124,64,64,Call ready,Callable local service business with a measurable review/profile/website opportunity,95,28,10,2,10,9,PV Interiors Tile & Stone Cleaning,tile and grout cleaning,Floor refinishing service,Yes,Target service category,(480) 358-0124,+14803580124,mobile,Verizon Wireless,CELL,Mobile verified,,,Not found,Tue-Thu 10:00 AM-2:00 PM (estimate),,Gilbert,Arizona,,,5,15,10,10,143,15 reviews vs 143 median in this Google result set,http://scottsdaletravertinepolish.com/,scottsdaletravertinepolish.com,Basic technical checks pass,Yes,Basic checks pass,https://www.scottsdaletravertinepolish.com/,200,Yes,Yes,14-day review capture trial; $97/mo if retained,$399-$599/mo GBP/local visibility,"$1,500-$3,500 WordPress build",Not established,Likely claimed,hours not visible; description not visible; no owner updates found,No,No,https://www.google.com/maps/search/?api=1&query=PV%20Interiors%20Tile%20%26%20Stone%20Cleaning&query_place_id=ChIJvbDfLdMAK4cRydk476JS_dM,ChIJvbDfLdMAK4cRydk476JS_dM,tile and grout cleaning Gilbert AZ,2026-07-08T07:25:18.807Z,71,1,,,,106,106,79
phone:+19286073635,64,64,Call ready,Callable local service business with a measurable review/profile/website opportunity,95,14,6,20,10,9,#Thecleanupwoman LLC.,house cleaning,House cleaning service,Yes,Target service category,(928) 607-3635,+19286073635,mobile,Verizon Wireless,CELL,Mobile verified,,,Not found,Tue-Thu 8:00-9:00 AM or 3:30-5:00 PM (estimate),Flagstaff,Flagstaff,Arizona,601 Piccadilly Dr,86001,4.8,16,6,7,11,16 reviews vs 11 median in this Google result set,,,No website listed,Yes,No website,,,,,14-day review capture trial; $97/mo if retained,$399-$599/mo GBP/local visibility,"$1,500-$3,500 WordPress build",Not established,Likely claimed,description not visible; no owner updates found,No,No,https://www.google.com/maps/search/?api=1&query=%23Thecleanupwoman%20LLC.&query_place_id=ChIJKSb_oWyPLYcRXEUH5Spdv6Q,ChIJKSb_oWyPLYcRXEUH5Spdv6Q,house cleaning Flagstaff AZ,2026-07-08T07:28:25.407Z,31,1,,,,107,107,80
phone:+14804307455,64,59,Call ready,Callable local service business with a measurable review/profile/website opportunity,95,23,10,2,15,9,Greener Grass Irrigation Repair,irrigation repair,Lawn sprinkler system contractor,Yes,Target service category,(480) 430-7455,+14804307455,mobile,Verizon Wireless,CELL,Mobile verified,,,Not found,Tue-Thu 9:00-11:00 AM (estimate),,Chandler,Arizona,,,4.9,33,9,10,85,33 reviews vs 85 median in this Google result set,https://greenergrassirrigationrepair.com/,greenergrassirrigationrepair.com,Basic technical checks pass,Yes,Basic checks pass,https://greenergrassirrigationrepair.com/,200,Yes,No,14-day review capture trial; $97/mo if retained,$499-$749/mo GBP/local visibility,"$2,500-$5,000 WordPress build",Not established,Likely claimed,hours not visible; description not visible,No,No,https://www.google.com/maps/search/?api=1&query=Greener%20Grass%20Irrigation%20Repair&query_place_id=ChIJU_k77_epK4cRnTP9mvqjc-I,ChIJU_k77_epK4cRnTP9mvqjc-I,irrigation repair Chandler AZ,2026-07-08T07:23:14.975Z,291,1,,,,108,108,81
phone:+16022951929,64,59,Call ready,Callable local service business with a measurable review/profile/website opportunity,90,7,10,20,15,8,Paradise Landscape & Irrigation,irrigation repair,Landscaper,Yes,Target service category,(602) 295-1929,+16022951929,mobile,"T-Mobile USA, Inc.",CELL,Mobile verified,,,Not found,Tue-Thu 9:00-11:00 AM (estimate),,Chandler,Arizona,,,4.8,143,6,10,85,143 reviews vs 85 median in this Google result set,,,No website listed,Yes,No website,,,,,14-day review capture trial; $97/mo if retained,$499-$749/mo GBP/local visibility,"$2,500-$5,000 WordPress build",Moderate lifetime review footprint,Likely claimed,hours not visible; description not visible; no owner updates found,No,No,https://www.google.com/maps/search/?api=1&query=Paradise%20Landscape%20%26%20Irrigation&query_place_id=ChIJ_ZNT-hyqK4cRl_BLAh2DbL8,ChIJ_ZNT-hyqK4cRl_BLAh2DbL8,irrigation repair Chandler AZ,2026-07-08T07:23:16.760Z,167,1,,,,111,111,82
phone:+14808050605,63,60,Call ready,Callable local service business with a measurable review/profile/website opportunity,100,23,10,2,13,10,A1 Best Appliance Repair,appliance repair,Appliance repair service,Yes,Target service category,(480) 805-0605,+14808050605,mobile,T-Mobile USA,CELL,Mobile verified,,,Not found,Tue-Thu 9:00-11:00 AM (estimate),Phoenix,Phoenix,Arizona,3218 W Fremont Rd.,85041,4.8,81,7,10,259,81 reviews vs 259 median in this Google result set,https://www.a1bestappliancerepair.com/,a1bestappliancerepair.com,Basic technical checks pass,Yes,Basic checks pass,https://www.a1bestappliancerepair.com/,200,Yes,No,14-day review capture trial; $97/mo if retained,$499-$749/mo GBP/local visibility,"$2,500-$5,000 WordPress build",Not established,Likely claimed,description not visible; fewer than 10 images; no owner updates found,No,No,https://www.google.com/maps/search/?api=1&query=A1%20Best%20Appliance%20Repair&query_place_id=ChIJjRmK2CMTK4cREsLEeTNcLmE,ChIJjRmK2CMTK4cREsLEeTNcLmE,appliance repair Phoenix AZ,2026-07-08T07:27:29.104Z,414,1,,,,123,123,83
phone:+14809005004,62,59,Call ready,Callable local service business with a measurable review/profile/website opportunity,100,28,4,2,13,10,A1 Affordable Appliance Repair,appliance repair,Used appliance store,Yes,Target service category,(480) 900-5004,+14809005004,mobile,"Onvoy, LLC",CELL,Mobile verified,,,Not found,Tue-Thu 8:00-9:00 AM or 3:30-5:00 PM (estimate),Gilbert,Gilbert,Arizona,2309 E Pinto Dr,85296,5,5,13,10,94.5,5 reviews vs 95 median in this Google result set,https://www.mrappliance.com/,mrappliance.com,Basic technical checks pass,Yes,Basic checks pass,https://www.mrappliance.com/,200,Yes,No,14-day review capture trial; $97/mo if retained,$499-$749/mo GBP/local visibility,"$2,500-$5,000 WordPress build",Not established,Likely claimed,description not visible,No,No,https://www.google.com/maps/search/?api=1&query=A1%20Affordable%20Appliance%20Repair&query_place_id=ChIJQcBa1-qvK4cRwSrGRTBeRwc,ChIJQcBa1-qvK4cRwSrGRTBeRwc,appliance repair Gilbert AZ,2026-07-08T07:25:26.416Z,178,1,,,,128,128,84
phone:+14808161937,62,62,Call ready,Callable local service business with a measurable review/profile/website opportunity,100,29,6,2,10,10,Dr. Clean Tile & Carpet,tile and grout cleaning,Carpet cleaning service,Yes,Target service category,(480) 816-1937,+14808161937,mobile,Verizon Wireless,CELL,Mobile verified,,,Not found,Tue-Thu 10:00 AM-2:00 PM (estimate),Gilbert,Gilbert,Arizona,2288 E Chapala St,85234,4.8,20,4,10,143,20 reviews vs 143 median in this Google result set,http://drcleantile.com/,drcleantile.com,Basic technical checks pass,Yes,Basic checks pass,https://drcleantile.com/,200,Yes,Yes,14-day review capture trial; $97/mo if retained,$399-$599/mo GBP/local visibility,"$1,500-$3,500 WordPress build",Not established,Likely claimed,description not visible; no owner updates found,No,No,https://www.google.com/maps/search/?api=1&query=Dr.%20Clean%20Tile%20%26%20Carpet&query_place_id=ChIJsbxjA8GuK4cRcmM5LNsbymw,ChIJsbxjA8GuK4cRcmM5LNsbymw,tile and grout cleaning Gilbert AZ,2026-07-08T07:26:09.962Z,131,1,,,,130,130,85
phone:+16025156767,62,62,Call ready,Callable local service business with a measurable review/profile/website opportunity,100,27,8,2,10,10,Western Cleaning Solutions,house cleaning,Janitorial service,Yes,Target service category,(602) 515-6767,+16025156767,mobile,"T-Mobile USA, Inc.",CELL,Mobile verified,,,Not found,Tue-Thu 10:00 AM-2:00 PM (estimate),Tempe,Tempe,Arizona,4700 S Mill Ave #5,85282,5,23,9,10,241.5,23 reviews vs 242 median in this Google result set,http://westerncleaningsolutions.com/,westerncleaningsolutions.com,Basic technical checks pass,Yes,Basic checks pass,https://www.westerncleaningsolutions.com/,200,Yes,No,14-day review capture trial; $97/mo if retained,$399-$599/mo GBP/local visibility,"$1,500-$3,500 WordPress build",Not established,Likely claimed,description not visible; no owner updates found,No,No,https://www.google.com/maps/search/?api=1&query=Western%20Cleaning%20Solutions&query_place_id=ChIJ2YLP2C6pK4cRGKd9MlLyIGg,ChIJ2YLP2C6pK4cRGKd9MlLyIGg,house cleaning Tempe AZ,2026-07-08T07:26:27.958Z,134,1,,,,131,131,86
phone:+14803522987,62,62,Call ready,Callable local service business with a measurable review/profile/website opportunity,100,25,10,2,10,10,AriStone Tile and Grout Cleaning,tile and grout cleaning,Floor refinishing service,Yes,Target service category,(480) 352-2987,+14803522987,mobile,Verizon Wireless,CELL,Mobile verified,,,Not found,Tue-Thu 10:00 AM-2:00 PM (estimate),Chandler,Chandler,Arizona,1501 W El Alba Way,85224,4.5,48,8,10,143,48 reviews vs 143 median in this Google result set,http://www.tileandgroutcleaningaz.com/,tileandgroutcleaningaz.com,Basic technical checks pass,Yes,Basic checks pass,https://www.tileandgroutcleaningaz.com/,200,Yes,No,14-day review capture trial; $97/mo if retained,$399-$599/mo GBP/local visibility,"$1,500-$3,500 WordPress build",Not established,Likely claimed,description not visible; fewer than 10 images; no owner updates found,No,No,https://www.google.com/maps/search/?api=1&query=AriStone%20Tile%20and%20Grout%20Cleaning&query_place_id=ChIJsXvlPXEHK4cRzyd5fkkYV1s,ChIJsXvlPXEHK4cRzyd5fkkYV1s,tile and grout cleaning Gilbert AZ,2026-07-08T07:26:04.624Z,149,2,"AriStone Travertine Cleaning, Sealing & Polishing",ChIJr248DcwLK4cRK_Kc4vQPnsY,,134,134,87
phone:+16027546303,61,58,Call ready,Callable local service business with a measurable review/profile/website opportunity,100,27,4,2,13,10,Global HVAC and Appliances LLC,appliance repair,HVAC contractor,Yes,Target service category,(602) 754-6303,+16027546303,mobile,Verizon Wireless,CELL,Mobile verified,,,Not found,Tue-Thu 8:00-9:00 AM or 3:30-5:00 PM (estimate),Peoria,Peoria,Arizona,7014 W Cameron Dr,85345,5,39,7,10,200.5,39 reviews vs 201 median in this Google result set,https://globalhvacandappliances.com/,globalhvacandappliances.com,Basic technical checks pass,Yes,Basic checks pass,https://globalhvacandappliances.com/,200,Yes,Yes,14-day review capture trial; $97/mo if retained,$499-$749/mo GBP/local visibility,"$2,500-$5,000 WordPress build",Not established,Likely claimed,description not visible,No,No,https://www.google.com/maps/search/?api=1&query=Global%20HVAC%20and%20Appliances%20LLC&query_place_id=ChIJFY6uOZxpK4cRe33wMXIxVLY,ChIJFY6uOZxpK4cRe33wMXIxVLY,appliance repair Peoria AZ,2026-07-08T07:26:14.450Z,300,1,,,,139,139,88
phone:+16029996770,61,56,Call ready,Callable local service business with a measurable review/profile/website opportunity,100,19,10,2,15,10,BlueDune Pools Service and Repair,pool service,Pool cleaning service,Yes,Target service category,(602) 999-6770,+16029996770,mobile,Verizon Wireless,CELL,Mobile verified,,,Not found,Tue-Thu 8:00-9:00 AM or 3:30-5:00 PM (estimate),Tempe,Tempe,Arizona,803 W 9th St,85281,5,42,4,10,74.5,42 reviews vs 75 median in this Google result set,http://www.bluedunepools.com/,bluedunepools.com,Basic technical checks pass,Yes,Basic checks pass,https://bluedunepools.com/,200,Yes,Yes,14-day review capture trial; $97/mo if retained,$499-$749/mo GBP/local visibility,"$2,500-$5,000 WordPress build",Now: Usually a little busy,Likely claimed,description not visible; fewer than 10 images; no owner updates found,No,No,https://www.google.com/maps/search/?api=1&query=BlueDune%20Pools%20Service%20and%20Repair&query_place_id=ChIJMSM1TQTXGC4RfkRRUOeN-20,ChIJMSM1TQTXGC4RfkRRUOeN-20,pool service Tempe AZ,2026-07-08T07:25:10.688Z,105,1,,,,140,140,89
phone:+16028771104,61,58,Call ready,Callable local service business with a measurable review/profile/website opportunity,100,27,4,2,13,10,Phoenix Garage Door Repair,garage door repair,Garage door supplier,Yes,Target service category,(602) 877-1104,+16028771104,mobile,"T-Mobile USA, Inc.",CELL,Mobile verified,,,Not found,Tue-Thu 9:00-11:00 AM (estimate),Phoenix,Phoenix,Arizona,617 E Deepdale Rd,85022,5,44,12,6,289,44 reviews vs 289 median in this Google result set,https://nbgaragedoorrepair.com/?utm_source=Google&utm_medium=GMB&utm_campaign=Phoenix,nbgaragedoorrepair.com,Basic technical checks pass,Yes,Basic checks pass,https://nbgaragedoorrepair.com/?utm_source=Google&utm_medium=GMB&utm_campaign=Phoenix,200,Yes,Yes,14-day review capture trial; $97/mo if retained,$499-$749/mo GBP/local visibility,"$2,500-$5,000 WordPress build",Not established,Likely claimed,description not visible,No,No,https://www.google.com/maps/search/?api=1&query=Phoenix%20Garage%20Door%20Repair&query_place_id=ChIJE-9ePX3MvW0Rn2T4tLtgqak,ChIJE-9ePX3MvW0Rn2T4tLtgqak,garage door repair Phoenix AZ,2026-07-08T07:28:26.436Z,303,1,,,,141,141,90
phone:+14807039963,61,58,Call ready,Callable local service business with a measurable review/profile/website opportunity,100,25,6,2,13,10,A Always Open Garage Doors,garage door repair,Garage door supplier,Yes,Target service category,(480) 703-9963,+14807039963,mobile,Verizon Wireless,CELL,Mobile verified,,,Not found,Tue-Thu 8:00-9:00 AM or 3:30-5:00 PM (estimate),Scottsdale,Scottsdale,Arizona,7974 E Vía Bonita,85258,4.8,52,5,8,205.5,52 reviews vs 206 median in this Google result set,https://www.aalwaysopengaragedoors.com/,aalwaysopengaragedoors.com,Basic technical checks pass,Yes,Basic checks pass,https://www.aalwaysopengaragedoors.com/,200,Yes,No,14-day review capture trial; $97/mo if retained,$499-$749/mo GBP/local visibility,"$2,500-$5,000 WordPress build",Not established,Likely claimed,description not visible; no owner updates found,No,No,https://www.google.com/maps/search/?api=1&query=A%20Always%20Open%20Garage%20Doors&query_place_id=ChIJoezCSisLK4cRtCeHLsRhtP0,ChIJoezCSisLK4cRtCeHLsRhtP0,garage door repair Scottsdale AZ,2026-07-08T07:28:34.650Z,309,1,,,,142,142,91
phone:+14802695620,61,56,Call ready,Callable local service business with a measurable review/profile/website opportunity,100,23,6,2,15,10,Good Life Pool and Spa Care LLC,pool service,Pool cleaning service,Yes,Target service category,(480) 269-5620,+14802695620,mobile,Verizon Wireless,CELL,Mobile verified,,,Not found,Tue-Thu 9:00-11:00 AM (estimate),Mesa,Mesa,Arizona,913 N Orlando,85205,5,56,3,9,123,56 reviews vs 123 median in this Google result set,https://www.goodlifepoolcare.com/?utm_source=gbp&utm_medium=organic,goodlifepoolcare.com,Basic technical checks pass,Yes,Basic checks pass,https://www.goodlifepoolcare.com/?utm_source=gbp&utm_medium=organic,200,Yes,Yes,14-day review capture trial; $97/mo if retained,$499-$749/mo GBP/local visibility,"$2,500-$5,000 WordPress build",Not established,Likely claimed,description not visible; no owner updates found,No,No,https://www.google.com/maps/search/?api=1&query=Good%20Life%20Pool%20and%20Spa%20Care%20LLC&query_place_id=ChIJg1bChqivK4cRUim9lJAMH4U,ChIJg1bChqivK4cRUim9lJAMH4U,pool service Mesa AZ,2026-07-08T07:27:44.435Z,315,1,,,,143,143,92
phone:+14809690332,61,61,Call ready,Callable local service business with a measurable review/profile/website opportunity,95,23,12,2,10,9,Mesa Carpet Cleaners - Mesa Arizona,carpet cleaning,Carpet cleaning service,Yes,Target service category,(480) 969-0332,+14809690332,mobile,Verizon Wireless,CELL,Mobile verified,,,Not found,Tue-Thu 10:00 AM-2:00 PM (estimate),,Mesa,Arizona,,,5,28,1,10,80,28 reviews vs 80 median in this Google result set,https://www.mesacarpetcleanersaz.com/,mesacarpetcleanersaz.com,Basic technical checks pass,Yes,Basic checks pass,https://mesacarpetcleanersaz.com/,200,Yes,Yes,14-day review capture trial; $97/mo if retained,$399-$599/mo GBP/local visibility,"$1,500-$3,500 WordPress build",Not established,Likely claimed,hours not visible; description not visible; no owner updates found,No,No,https://www.google.com/maps/search/?api=1&query=Mesa%20Carpet%20Cleaners%20-%20Mesa%20Arizona&query_place_id=ChIJ0b2twzuxK4cRdj6BJw2hZhk,ChIJ0b2twzuxK4cRdj6BJw2hZhk,carpet cleaning Mesa AZ,2026-07-08T07:27:43.605Z,332,1,,,,149,149,93
phone:+16023584824,60,60,Call ready,Callable local service business with a measurable review/profile/website opportunity,100,25,8,2,10,10,Steam Right Cleaning,carpet cleaning,Carpet cleaning service,Yes,Target service category,(602) 358-4824,+16023584824,mobile,"T-Mobile USA, Inc.",CELL,Mobile verified,,,Not found,Tue-Thu 10:00 AM-2:00 PM (estimate),Chandler,Chandler,Arizona,3005 N Comanche Dr,85224,4.5,21,10,8,73,21 reviews vs 73 median in this Google result set,https://www.steamrightcleaning.com/,steamrightcleaning.com,Basic technical checks pass,Yes,Basic checks pass,https://www.steamrightcleaning.com/,200,Yes,No,14-day review capture trial; $97/mo if retained,$399-$599/mo GBP/local visibility,"$1,500-$3,500 WordPress build",Not established,Likely claimed,description not visible; no owner updates found,No,No,https://www.google.com/maps/search/?api=1&query=Steam%20Right%20Cleaning&query_place_id=ChIJn5ioRcQFK4cReK8xjdRR-4w,ChIJn5ioRcQFK4cReK8xjdRR-4w,carpet cleaning Chandler AZ,2026-07-08T07:28:04.328Z,328,1,,,,153,153,94
phone:+16232970216,60,60,Call ready,Callable local service business with a measurable review/profile/website opportunity,100,23,10,2,10,10,Grand Canyon State Cleaning,house cleaning,House cleaning service,Yes,Target service category,(623) 297-0216,+16232970216,mobile,Verizon Wireless,CELL,Mobile verified,,,Not found,Tue-Thu 10:00 AM-2:00 PM (estimate),Surprise,Surprise,Arizona,18147 W Ida Ln,85387,5,22,11,10,70,22 reviews vs 70 median in this Google result set,http://www.grandcanyoncleaning.com/,grandcanyoncleaning.com,Basic technical checks pass,Yes,Basic checks pass,https://www.grandcanyoncleaning.com/,200,Yes,No,14-day review capture trial; $97/mo if retained,$399-$599/mo GBP/local visibility,"$1,500-$3,500 WordPress build",Not established,Likely claimed,description not visible; fewer than 10 images; no owner updates found,No,No,https://www.google.com/maps/search/?api=1&query=Grand%20Canyon%20State%20Cleaning&query_place_id=ChIJUzJ_V0hRK4cRpWpI8Il6kiM,ChIJUzJ_V0hRK4cRpWpI8Il6kiM,house cleaning Surprise AZ,2026-07-08T07:27:24.654Z,133,1,,,,154,154,95
phone:+14807104110,60,60,Call ready,Callable local service business with a measurable review/profile/website opportunity,100,27,6,2,10,10,"Elite Floor & Furniture Cleaning, LLC",carpet cleaning,Carpet cleaning service,Yes,Target service category,(480) 710-4110,+14807104110,mobile,Verizon Wireless,CELL,Mobile verified,,,Not found,Tue-Thu 10:00 AM-2:00 PM (estimate),Tempe,Tempe,Arizona,925 W Baseline Rd,85282,4.9,51,10,9,328,51 reviews vs 328 median in this Google result set,http://eliteclng.com/,eliteclng.com,Basic technical checks pass,Yes,Basic checks pass,https://www.eliteclng.com/,200,Yes,No,14-day review capture trial; $97/mo if retained,$399-$599/mo GBP/local visibility,"$1,500-$3,500 WordPress build",Not established,Likely claimed,description not visible; no owner updates found,No,No,https://www.google.com/maps/search/?api=1&query=Elite%20Floor%20%26%20Furniture%20Cleaning%2C%20LLC&query_place_id=ChIJy1x2y_8FK4cRjKNVnJYTiLo,ChIJy1x2y_8FK4cRjKNVnJYTiLo,tile and grout cleaning Tempe AZ,2026-07-08T07:28:04.237Z,152,1,,,,156,156,96
phone:+19285422313,60,55,Call ready,Callable local service business with a measurable review/profile/website opportunity,95,19,10,2,15,9,Adolfo's Landscaping & Irrigation,irrigation repair,Landscape designer,Yes,Target service category,(928) 542-2313,+19285422313,mobile,Verizon Wireless,CELL,Mobile verified,,,Not found,Tue-Thu 9:00-11:00 AM (estimate),,Surprise,Arizona,,,5,28,11,8,35.5,28 reviews vs 36 median in this Google result set,https://www.adolfoslandscape.com/,adolfoslandscape.com,Basic technical checks pass,Yes,Basic checks pass,https://www.adolfoslandscape.com/,200,Yes,No,14-day review capture trial; $97/mo if retained,$499-$749/mo GBP/local visibility,"$2,500-$5,000 WordPress build",Not established,Likely claimed,hours not visible; description not visible; no owner updates found,No,No,https://www.google.com/maps/search/?api=1&query=Adolfo's%20Landscaping%20%26%20Irrigation&query_place_id=ChIJs2O9Z4xDK4cR--KdKOYFZmc,ChIJs2O9Z4xDK4cR--KdKOYFZmc,irrigation repair Surprise AZ,2026-07-08T07:28:38.123Z,286,1,,,,161,161,97
phone:+16025855055,60,55,Call ready,Callable local service business with a measurable review/profile/website opportunity,95,19,10,2,15,9,ASP - America's Swimming Pool Company of Tempe,pool service,Swimming pool contractor,Yes,Target service category,(602) 585-5055,+16025855055,mobile,Verizon Wireless,CELL,Mobile verified,,,Not found,Tue-Thu 9:00-11:00 AM (estimate),,Tempe,Arizona,,,4.9,38,10,10,74.5,38 reviews vs 75 median in this Google result set,https://www.asppoolco.com/tempe/,asppoolco.com,Basic technical checks pass,Yes,Basic checks pass,https://www.asppoolco.com/tempe/,200,Yes,No,14-day review capture trial; $97/mo if retained,$499-$749/mo GBP/local visibility,"$2,500-$5,000 WordPress build",Not established,Likely claimed,hours not visible; description not visible,No,No,https://www.google.com/maps/search/?api=1&query=ASP%20-%20America's%20Swimming%20Pool%20Company%20of%20Tempe&query_place_id=ChIJnWntRfqWJq8R-fPl7SADSMo,ChIJnWntRfqWJq8R-fPl7SADSMo,pool service Tempe AZ,2026-07-08T07:24:57.604Z,299,1,,,,162,162,98
phone:+16023910978,60,57,Call ready,Callable local service business with a measurable review/profile/website opportunity,95,21,10,2,13,9,Spring King Garage Door Service Company,garage door repair,Garage door supplier,Yes,Target service category,(602) 391-0978,+16023910978,mobile,Verizon Wireless,CELL,Mobile verified,,,Not found,Tue-Thu 9:00-11:00 AM (estimate),,Chandler,Arizona,,,4.9,139,6,7,318,139 reviews vs 318 median in this Google result set,http://www.springkingaz.com/,springkingaz.com,Basic technical checks pass,Yes,Basic checks pass,https://www.springkingaz.com/,200,Yes,No,14-day review capture trial; $97/mo if retained,$499-$749/mo GBP/local visibility,"$2,500-$5,000 WordPress build",Moderate lifetime review footprint,Likely claimed,hours not visible; description not visible; no owner updates found,No,No,https://www.google.com/maps/search/?api=1&query=Spring%20King%20Garage%20Door%20Service%20Company&query_place_id=ChIJdY77XCGqK4cRpH-AGh1P7-g,ChIJdY77XCGqK4cRpH-AGh1P7-g,garage door repair Chandler AZ,2026-07-08T07:28:10.092Z,238,1,,,,164,164,99
phone:+16026794910,59,54,Call ready,Callable local service business with a measurable review/profile/website opportunity,100,23,4,2,15,10,"Sunlit Pool Service, LLC",pool service,Pool cleaning service,Yes,Target service category,(602) 679-4910,+16026794910,mobile,Verizon Wireless,CELL,Mobile verified,,,Not found,Tue-Thu 9:00-11:00 AM (estimate),Surprise,Surprise,Arizona,15508 W Bell Rd STE 101-430,85374,5,20,10,9,55,20 reviews vs 55 median in this Google result set,http://www.sunlitpoolservice.com/,sunlitpoolservice.com,Basic technical checks pass,Yes,Basic checks pass,https://www.sunlitpoolservice.com/,200,Yes,Yes,14-day review capture trial; $97/mo if retained,$499-$749/mo GBP/local visibility,"$2,500-$5,000 WordPress build",Not established,Likely claimed,description not visible,No,No,https://www.google.com/maps/search/?api=1&query=Sunlit%20Pool%20Service%2C%20LLC&query_place_id=ChIJn5IKdWJFK4cR7DGufu6DB3c,ChIJn5IKdWJFK4cR7DGufu6DB3c,pool service Surprise AZ,2026-07-08T07:28:19.262Z,91,1,,,,165,165,100