Queue rank,Evidence tier,Business,Category,City,State,Phone,Email,Rating,Reviews,Current primary offer,Website score,Website status,Google verification link,Exact Google Maps link,Verify before pitch,Data freshness,Source(s),Contact name,Contact title,Status,Notes
1,Website lead - recheck today,Mallard Appliance,appliance repair,Surprise,AZ,'+19286255273,,4.9,159,Website,94,Website build candidate · no owned domain found,https://www.google.com/maps/search/?api=1&query=Mallard%20Appliance&query_place_id=ChIJrSOwwEkzW0QRbWTQpz5kkVw,https://www.google.com/maps/search/?api=1&query=Mallard%20Appliance&query_place_id=ChIJrSOwwEkzW0QRbWTQpz5kkVw,Current search on 2026-07-20 surfaced directory profiles but no owned domain. Confirm once more immediately before the call.,2026-07-08,Arizona service leads · Maps Jul 8 / audit Jul 9,,,,
2,Website lead - recheck today,Paradise Landscape & Irrigation,irrigation repair,Chandler,AZ,'+16022951929,,4.8,143,Website,94,Website build candidate · no owned domain found,https://www.google.com/maps/search/?api=1&query=Paradise%20Landscape%20%26%20Irrigation&query_place_id=ChIJ_ZNT-hyqK4cRl_BLAh2DbL8,https://www.google.com/maps/search/?api=1&query=Paradise%20Landscape%20%26%20Irrigation&query_place_id=ChIJ_ZNT-hyqK4cRl_BLAh2DbL8,Current search on 2026-07-20 surfaced directory profiles but no owned domain. Confirm once more immediately before the call.,2026-07-08,Arizona service leads · Maps Jul 8 / audit Jul 9,,,,
3,Website lead - recheck today,Affordable Plumber AZ LLC,plumber,Mesa,AZ,'+14807026165,,4.8,91,Website,90,Website build candidate · no owned domain found,https://www.google.com/maps/search/?api=1&query=Affordable%20Plumber%20AZ%20LLC&query_place_id=ChIJAWPAAa-nK4cRAoh-FA-wuIQ,https://www.google.com/maps/search/?api=1&query=Affordable%20Plumber%20AZ%20LLC&query_place_id=ChIJAWPAAa-nK4cRAoh-FA-wuIQ,Current search on 2026-07-20 surfaced active business profiles but no owned website. Confirm once more immediately before the call.,2026-07-10,Arizona service leads · Maps Jul 8 / audit Jul 9,,,,
4,Website lead - recheck today,Ibanez Appliance Solutions LLC,appliance repair,Surprise,AZ,'+16024631004,,5,88,Website,90,Website build candidate · no owned domain found,https://www.google.com/maps/search/?api=1&query=Ibanez%20Appliance%20Solutions%20LLC&query_place_id=ChIJv3gmz-tFK4cRYmM7ThoVfSE,https://www.google.com/maps/search/?api=1&query=Ibanez%20Appliance%20Solutions%20LLC&query_place_id=ChIJv3gmz-tFK4cRYmM7ThoVfSE,Current search on 2026-07-20 surfaced Nextdoor/directory profiles but no owned domain. Confirm once more immediately before the call.,2026-07-08,Arizona service leads · Maps Jul 8 / audit Jul 9,,,,
5,Website lead - recheck today,Royal Plumbing & Rooter Services,plumber,Flagstaff,AZ,'+19285263659,,4.4,71,Website,90,Website build candidate · no owned domain found,https://www.google.com/maps/search/?api=1&query=Royal%20Plumbing%20%26%20Rooter%20Services&query_place_id=ChIJi3JuSiqPLYcRlxkCavnSWn8,https://www.google.com/maps/search/?api=1&query=Royal%20Plumbing%20%26%20Rooter%20Services&query_place_id=ChIJi3JuSiqPLYcRlxkCavnSWn8,Current search on 2026-07-20 surfaced current directory profiles; the historical domain no longer resolves and no current owned website was found. Confirm once more immediately before the call.,2026-07-10,Arizona service leads · Maps Jul 8 / audit Jul 9,,,,
6,Website lead - recheck today,Hernandez Irrigation Repairs,irrigation repair,Chandler,AZ,'+14805723141,,4.9,70,Website,90,Website build candidate · no owned domain found,https://www.google.com/maps/search/?api=1&query=Hernandez%20Irrigation%20Repairs&query_place_id=ChIJD61KuFZLKocRcKjIFE-i1pQ,https://www.google.com/maps/search/?api=1&query=Hernandez%20Irrigation%20Repairs&query_place_id=ChIJD61KuFZLKocRcKjIFE-i1pQ,Current search on 2026-07-20 surfaced directory profiles but no owned domain. Confirm once more immediately before the call.,2026-07-08,Arizona service leads · Maps Jul 8 / audit Jul 9,,,,
7,Website lead - recheck today,Pristine Pool Service and Repair LLC,pool service,Phoenix,AZ,'+16023006765,,5,47,Website,85,Website build candidate · no owned domain found,https://www.google.com/maps/search/?api=1&query=Pristine%20Pool%20Service%20and%20Repair%20LLC&query_place_id=ChIJIypV4dOWSyoRE1gGByybVUg,https://www.google.com/maps/search/?api=1&query=Pristine%20Pool%20Service%20and%20Repair%20LLC&query_place_id=ChIJIypV4dOWSyoRE1gGByybVUg,Current search on 2026-07-20 surfaced active licensing and directory profiles but no owned website. Confirm once more immediately before the call.,2026-07-08,Arizona service leads · Maps Jul 8 / audit Jul 9 | Phoenix pool/garage probe · Jul 8,,,,
8,Website lead - recheck today,"Joe's Irrigation Repair & Installation, LLC",irrigation repair,Glendale,AZ,'+16025009706,,4.4,40,Website,85,Website build candidate · no site linked on Google,https://www.google.com/maps/search/?api=1&query=Joe's%20Irrigation%20Repair%20%26%20Installation%2C%20LLC&query_place_id=ChIJIfiw3gxrK4cRGbsSPG9gqtw,https://www.google.com/maps/search/?api=1&query=Joe's%20Irrigation%20Repair%20%26%20Installation%2C%20LLC&query_place_id=ChIJIfiw3gxrK4cRGbsSPG9gqtw,Google profile had no website link on Jul 8; search for an independent official site before calling.,2026-07-08,Arizona service leads · Maps Jul 8 / audit Jul 9,,,,
9,Website lead - recheck today,Zacks Irrigation Repair LLC,irrigation repair,Phoenix,AZ,'+16028147771,,4.8,37,Website,85,Website build candidate · no site linked on Google,https://www.google.com/maps/search/?api=1&query=Zacks%20Irrigation%20Repair%20LLC&query_place_id=ChIJC6apvoMTK4cRg9NYhgsCZKM,https://www.google.com/maps/search/?api=1&query=Zacks%20Irrigation%20Repair%20LLC&query_place_id=ChIJC6apvoMTK4cRg9NYhgsCZKM,Google profile had no website link on Jul 8; search for an independent official site before calling.,2026-07-08,Arizona service leads · Maps Jul 8 / audit Jul 9,,,,
10,Website lead - recheck today,"Platinum Elite Steam Cleaning, Inc. Tuscon AZ",tile and grout cleaning,Tucson,AZ,'+15205265502,,5,34,Website,85,Website build candidate · no site linked on Google,https://www.google.com/maps/search/?api=1&query=Platinum%20Elite%20Steam%20Cleaning%2C%20Inc.%20Tuscon%20AZ&query_place_id=ChIJYZRs8lRxAoIRyQlFBMm-Ao8,https://www.google.com/maps/search/?api=1&query=Platinum%20Elite%20Steam%20Cleaning%2C%20Inc.%20Tuscon%20AZ&query_place_id=ChIJYZRs8lRxAoIRyQlFBMm-Ao8,Google profile had no website link on Jul 8; search for an independent official site before calling.,2026-07-08,Arizona service leads · Maps Jul 8 / audit Jul 9,,,,
11,Website lead - recheck today,"Yuma Overhead Door Co., Inc",garage door repair,Yuma,AZ,'+19283443445,,4.3,31,Website,85,Website build candidate · no site linked on Google,https://www.google.com/maps/search/?api=1&query=Yuma%20Overhead%20Door%20Co.%2C%20Inc&query_place_id=ChIJ8-PsBI_11oARXRVUurqh54Q,https://www.google.com/maps/search/?api=1&query=Yuma%20Overhead%20Door%20Co.%2C%20Inc&query_place_id=ChIJ8-PsBI_11oARXRVUurqh54Q,Google profile had no website link on Jul 8; search for an independent official site before calling.,2026-07-08,Arizona service leads · Maps Jul 8 / audit Jul 9,,,,
12,Website lead - recheck today,Jay's Lawns LLC,landscaper,Scottsdale,AZ,'+14802263912,,5,28,Website,85,Website build candidate · no site linked on Google,https://www.google.com/maps/search/?api=1&query=Jay's%20Lawns%20LLC&query_place_id=ChIJJY0AYOULK4cRCwFu0iVv4w4,https://www.google.com/maps/search/?api=1&query=Jay's%20Lawns%20LLC&query_place_id=ChIJJY0AYOULK4cRCwFu0iVv4w4,Google profile had no website link on Jul 8; search for an independent official site before calling.,2026-07-10,Arizona service leads · Maps Jul 8 / audit Jul 9,,,,
13,Website lead - recheck today,Sidewinder Garage Door Service LLC,garage door repair,Peoria,AZ,'+16023990787,,5,26,Website,85,Website build candidate · no site linked on Google,https://www.google.com/maps/search/?api=1&query=Sidewinder%20Garage%20Door%20Service%20LLC&query_place_id=ChIJ5yY2m62ef4IRZFEMsIaNqEM,https://www.google.com/maps/search/?api=1&query=Sidewinder%20Garage%20Door%20Service%20LLC&query_place_id=ChIJ5yY2m62ef4IRZFEMsIaNqEM,Google profile had no website link on Jul 8; search for an independent official site before calling.,2026-07-08,Arizona service leads · Maps Jul 8 / audit Jul 9 | Phoenix trades call list · Jul 2026,,,,
14,Website lead - recheck today,Access Garage Door Repair,garage door repair,Scottsdale,AZ,'+14809926115,,4.8,21,Website,81,Website build candidate · no site linked on Google,https://www.google.com/maps/search/?api=1&query=Access%20Garage%20Door%20Repair&query_place_id=ChIJrexQctJbK4cRuE352aNS1dE,https://www.google.com/maps/search/?api=1&query=Access%20Garage%20Door%20Repair&query_place_id=ChIJrexQctJbK4cRuE352aNS1dE,Google profile had no website link on Jul 8; search for an independent official site before calling.,2026-07-08,Arizona service leads · Maps Jul 8 / audit Jul 9 | Phoenix pool/garage probe · Jul 8,,,,
15,Website lead - recheck today,Your Mama's Cleaning Service,house cleaning,Yuma,AZ,'+19283446243,,4.8,21,Website,81,Website build candidate · no site linked on Google,https://www.google.com/maps/search/?api=1&query=Your%20Mama's%20Cleaning%20Service&query_place_id=ChIJu6m6RQFf1oARqUV471JSOqo,https://www.google.com/maps/search/?api=1&query=Your%20Mama's%20Cleaning%20Service&query_place_id=ChIJu6m6RQFf1oARqUV471JSOqo,Google profile had no website link on Jul 8; search for an independent official site before calling.,2026-07-08,Arizona service leads · Maps Jul 8 / audit Jul 9,,,,
16,Website lead - recheck today,AquaSafe Carpet and Tile Cleaning,tile and grout cleaning,Yuma,AZ,'+19287502560,,4.8,20,Website,81,Website build candidate · no owned domain found,https://www.google.com/maps/search/?api=1&query=AquaSafe%20Carpet%20and%20Tile%20Cleaning&query_place_id=ChIJ2TwipQf21oARTP9fp33XJ5k,https://www.google.com/maps/search/?api=1&query=AquaSafe%20Carpet%20and%20Tile%20Cleaning&query_place_id=ChIJ2TwipQf21oARTP9fp33XJ5k,Current search on 2026-07-20 surfaced active profiles; the historical owned domain no longer resolves. Confirm once more immediately before the call.,2026-07-08,Arizona service leads · Maps Jul 8 / audit Jul 9,,,,
17,Website lead - recheck today,Lightning Sprinkler and Lighting Repair,irrigation repair,Phoenix,AZ,'+16028147774,,5,18,Website,81,Website build candidate · no site linked on Google,https://www.google.com/maps/search/?api=1&query=Lightning%20Sprinkler%20and%20Lighting%20Repair&query_place_id=ChIJo1GPBKBtK4cRUY6qmpw2P3w,https://www.google.com/maps/search/?api=1&query=Lightning%20Sprinkler%20and%20Lighting%20Repair&query_place_id=ChIJo1GPBKBtK4cRUY6qmpw2P3w,Google profile had no website link on Jul 8; search for an independent official site before calling.,2026-07-08,Arizona service leads · Maps Jul 8 / audit Jul 9,,,,
18,Website lead - recheck today,CITY2CITY LANDSCAPING AZ LLC,landscaper,Glendale,AZ,'+14805098107,,4.8,18,Website,81,Website build candidate · no site linked on Google,https://www.google.com/maps/search/?api=1&query=CITY2CITY%20LANDSCAPING%20AZ%20LLC&query_place_id=ChIJY4De4I2XCiYRd2nXDwAN1Ho,https://www.google.com/maps/search/?api=1&query=CITY2CITY%20LANDSCAPING%20AZ%20LLC&query_place_id=ChIJY4De4I2XCiYRd2nXDwAN1Ho,Google profile had no website link on Jul 8; search for an independent official site before calling.,2026-07-10,Arizona service leads · Maps Jul 8 / audit Jul 9,,,,
19,Website lead - recheck today,Turbo Appliance Repair,appliance repair,Peoria,AZ,'+16029892944,,5,16,Website,81,Website build candidate · no site linked on Google,https://www.google.com/maps/search/?api=1&query=Turbo%20Appliance%20Repair&query_place_id=ChIJH2iBJ3VpK4cRh9-Wpm03PPo,https://www.google.com/maps/search/?api=1&query=Turbo%20Appliance%20Repair&query_place_id=ChIJH2iBJ3VpK4cRh9-Wpm03PPo,Google profile had no website link on Jul 8; search for an independent official site before calling.,2026-07-08,Arizona service leads · Maps Jul 8 / audit Jul 9,,,,
20,Website lead - recheck today,#Thecleanupwoman LLC.,house cleaning,Flagstaff,AZ,'+19286073635,,4.8,16,Website,81,Website build candidate · no site linked on Google,https://www.google.com/maps/search/?api=1&query=%23Thecleanupwoman%20LLC.&query_place_id=ChIJKSb_oWyPLYcRXEUH5Spdv6Q,https://www.google.com/maps/search/?api=1&query=%23Thecleanupwoman%20LLC.&query_place_id=ChIJKSb_oWyPLYcRXEUH5Spdv6Q,Google profile had no website link on Jul 8; search for an independent official site before calling.,2026-07-08,Arizona service leads · Maps Jul 8 / audit Jul 9,,,,
21,Website lead - recheck today,Cj's Landscaping,landscaper,Tempe,AZ,'+14806487841,,5,12,Website,81,Website build candidate · no site linked on Google,https://www.google.com/maps/search/?api=1&query=Cj's%20Landscaping&query_place_id=ChIJZUuukZEJK4cRyrmFiIobT1c,https://www.google.com/maps/search/?api=1&query=Cj's%20Landscaping&query_place_id=ChIJZUuukZEJK4cRyrmFiIobT1c,Google profile had no website link on Jul 8; search for an independent official site before calling.,2026-07-10,Arizona service leads · Maps Jul 8 / audit Jul 9,,,,
22,Website lead - recheck today,Affordable Pool Services,pool service,Tucson,AZ,'+15205511697,,4.6,11,Website,81,Website build candidate · no owned domain found,https://www.google.com/maps/search/?api=1&query=Affordable%20Pool%20Services&query_place_id=ChIJH3lqbtBm1oYRv89gMdOSMYc,https://www.google.com/maps/search/?api=1&query=Affordable%20Pool%20Services&query_place_id=ChIJH3lqbtBm1oYRv89gMdOSMYc,Current search on 2026-07-20 surfaced active directories; the historical .tk domain no longer resolves. Confirm once more immediately before the call.,2026-07-08,Arizona service leads · Maps Jul 8 / audit Jul 9,,,,
23,Website lead - recheck today,ProLine Irrigation LLC,irrigation repair,Yuma,AZ,'+19285022545,,5,9,Website,77,Website build candidate · no site linked on Google,https://www.google.com/maps/search/?api=1&query=ProLine%20Irrigation%20LLC&query_place_id=ChIJ__hsSaEd1IsRsMy8EluV2vg,https://www.google.com/maps/search/?api=1&query=ProLine%20Irrigation%20LLC&query_place_id=ChIJ__hsSaEd1IsRsMy8EluV2vg,Google profile had no website link on Jul 8; search for an independent official site before calling.,2026-07-08,Arizona service leads · Maps Jul 8 / audit Jul 9,,,,
24,Website lead - recheck today,Curiel Garage Doors,garage door repair,Yuma,AZ,'+19283040086,,5,7,Website,77,Website build candidate · no site linked on Google,https://www.google.com/maps/search/?api=1&query=Curiel%20Garage%20Doors&query_place_id=ChIJFaOa4gG37y0RWSCIE_wwO6U,https://www.google.com/maps/search/?api=1&query=Curiel%20Garage%20Doors&query_place_id=ChIJFaOa4gG37y0RWSCIE_wwO6U,Google profile had no website link on Jul 8; search for an independent official site before calling.,2026-07-08,Arizona service leads · Maps Jul 8 / audit Jul 9,,,,
25,Website lead - recheck today,Lopez Appliance Service,appliance repair,Flagstaff,AZ,'+19282261721,,5,2,Website,77,Website build candidate · no owned domain found,https://www.google.com/maps/search/?api=1&query=Lopez%20Appliance%20Service&query_place_id=ChIJ1TZIZSePLYcRFJweSXbTAPA,https://www.google.com/maps/search/?api=1&query=Lopez%20Appliance%20Service&query_place_id=ChIJ1TZIZSePLYcRFJweSXbTAPA,Current search on 2026-07-20 surfaced current directory listings but no owned website. Confirm once more immediately before the call.,2026-07-08,Arizona service leads · Maps Jul 8 / audit Jul 9,,,,
26,Verify website first,My Neighbors Appliance Repair,appliance repair,Phoenix,AZ,'+14802990537,,4.8,130,Research First,94,Website build candidate · no site linked on Google,https://www.google.com/maps/search/?api=1&query=My%20Neighbors%20Appliance%20Repair&query_place_id=ChIJ52xMLAMTK4cRt3gRgermqFY,https://www.google.com/maps/search/?api=1&query=My%20Neighbors%20Appliance%20Repair&query_place_id=ChIJ52xMLAMTK4cRt3gRgermqFY,Current sources show conflicting phone/location signals and reputation complaints; verify identity and fit before any pitch.,2026-07-08,Arizona service leads · Maps Jul 8 / audit Jul 9,,,,
27,Verify website first,Colin's Tree Trimming and Removal,Tree service,Phoenix,AZ,'+1 480-262-4724,,4.9,83,Research First,70,No website in vendor source · manual check required,"https://www.google.com/maps/place/Colin%27s+Tree+Trimming+and+Removal/@33.8229481,-112.09833379999999,14z/data=!4m8!1m2!2m1!1sColin%27s+Tree+Trimming+and+Removal!3m4!1s0x872b6339d6b35539:0x3a2ecb3c862951eb!8m2!3d33.8229481!4d-112.09833379999999","https://www.google.com/maps/place/Colin%27s+Tree+Trimming+and+Removal/@33.8229481,-112.09833379999999,14z/data=!4m8!1m2!2m1!1sColin%27s+Tree+Trimming+and+Removal!3m4!1s0x872b6339d6b35539:0x3a2ecb3c862951eb!8m2!3d33.8229481!4d-112.09833379999999",Source record only; verify immediately before outreach.,2026-05-15,Tree-service Outscraper · May 15,,,,
28,Verify website first,Arborzona Tree Service,Tree service,Phoenix,AZ,'+1 623-363-6941,,4.8,50,Research First,70,No website in vendor source · manual check required,"https://www.google.com/maps/place/Arborzona+Tree+Service/@33.5058363,-112.2564592,14z/data=!4m8!1m2!2m1!1sArborzona+Tree+Service!3m4!1s0x872b41cef9da5279:0xdb20ead0602a2769!8m2!3d33.5058363!4d-112.2564592","https://www.google.com/maps/place/Arborzona+Tree+Service/@33.5058363,-112.2564592,14z/data=!4m8!1m2!2m1!1sArborzona+Tree+Service!3m4!1s0x872b41cef9da5279:0xdb20ead0602a2769!8m2!3d33.5058363!4d-112.2564592",Source record only; verify immediately before outreach.,2026-05-15,Tree-service Outscraper · May 15,,,,
29,Verify website first,Tim Garage Door Repair,Garage door service,Cave Creek,AZ,(602) 773-7223,,5,47,Research First,85,Website build candidate · no site in source,https://maps.google.com/?cid=7851267213418626222&g_mp=Cidnb29nbGUubWFwcy5wbGFjZXMudjEuUGxhY2VzLlNlYXJjaFRleHQQAhgEIAA,https://maps.google.com/?cid=7851267213418626222&g_mp=Cidnb29nbGUubWFwcy5wbGFjZXMudjEuUGxhY2VzLlNlYXJjaFRleHQQAhgEIAA,Jul 8 source has no website; search the business name and phone before calling.,2026-07-08,Phoenix pool/garage probe · Jul 8,,,,
30,Verify website first,Harmony Garage Door's Systems and Repair,Garage door service,Chandler,AZ,(480) 245-5438,,4.9,33,Reviews,85,Website build candidate · no site in source,https://maps.google.com/?cid=5771337643707405678&g_mp=Cidnb29nbGUubWFwcy5wbGFjZXMudjEuUGxhY2VzLlNlYXJjaFRleHQQAhgEIAA,https://maps.google.com/?cid=5771337643707405678&g_mp=Cidnb29nbGUubWFwcy5wbGFjZXMudjEuUGxhY2VzLlNlYXJjaFRleHQQAhgEIAA,Jul 8 source has no website; search the business name and phone before calling.,2026-07-08,Phoenix pool/garage probe · Jul 8,,,,
31,Verify website first,Mayday Appliance LLC,appliance repair,Yuma,AZ,'+19283414000,,4.8,33,Research First,85,Website build candidate · no site linked on Google,https://www.google.com/maps/search/?api=1&query=Mayday%20Appliance%20LLC&query_place_id=ChIJqXaxHC5Z1oARDnvaownMDoU,https://www.google.com/maps/search/?api=1&query=Mayday%20Appliance%20LLC&query_place_id=ChIJqXaxHC5Z1oARDnvaownMDoU,Current directories conflict on whether the business is still operating. Confirm status before any outreach.,2026-07-08,Arizona service leads · Maps Jul 8 / audit Jul 9,,,,
32,Verify website first,C&C Garage Door Repair,Garage door service,Chandler,AZ,(602) 898-3533,,4.9,32,Reviews,85,Website build candidate · no site in source,https://maps.google.com/?cid=7280820750290010429&g_mp=Cidnb29nbGUubWFwcy5wbGFjZXMudjEuUGxhY2VzLlNlYXJjaFRleHQQAhgEIAA,https://maps.google.com/?cid=7280820750290010429&g_mp=Cidnb29nbGUubWFwcy5wbGFjZXMudjEuUGxhY2VzLlNlYXJjaFRleHQQAhgEIAA,Jul 8 source has no website; search the business name and phone before calling.,2026-07-08,Phoenix pool/garage probe · Jul 8,,,,
33,Verify website first,Jeremy's Pool & Spa,Pool service,Maricopa,AZ,(520) 709-5718,,4.3,31,Reviews,85,Website build candidate · no site in source,https://maps.google.com/?cid=10553921416122410816&g_mp=Cidnb29nbGUubWFwcy5wbGFjZXMudjEuUGxhY2VzLlNlYXJjaFRleHQQAhgEIAA,https://maps.google.com/?cid=10553921416122410816&g_mp=Cidnb29nbGUubWFwcy5wbGFjZXMudjEuUGxhY2VzLlNlYXJjaFRleHQQAhgEIAA,Jul 8 source has no website; search the business name and phone before calling.,2026-07-08,Phoenix pool/garage probe · Jul 8,,,,
34,Verify website first,Motley Pros,Pool service,Mesa,AZ,(480) 375-0022,,5,29,Research First,85,Website build candidate · no site in source,https://maps.google.com/?cid=9743283082675588795&g_mp=Cidnb29nbGUubWFwcy5wbGFjZXMudjEuUGxhY2VzLlNlYXJjaFRleHQQAhgEIAA,https://maps.google.com/?cid=9743283082675588795&g_mp=Cidnb29nbGUubWFwcy5wbGFjZXMudjEuUGxhY2VzLlNlYXJjaFRleHQQAhgEIAA,Jul 8 source has no website; search the business name and phone before calling.,2026-07-08,Phoenix pool/garage probe · Jul 8,,,,
35,Verify website first,Willow Garage Door's I᠎nsta᠎llatio᠎ns,Garage door service,Goodyear,AZ,(602) 535-0870,,5,26,Research First,85,Website build candidate · no site in source,https://maps.google.com/?cid=5477880103472978903&g_mp=Cidnb29nbGUubWFwcy5wbGFjZXMudjEuUGxhY2VzLlNlYXJjaFRleHQQAhgEIAA,https://maps.google.com/?cid=5477880103472978903&g_mp=Cidnb29nbGUubWFwcy5wbGFjZXMudjEuUGxhY2VzLlNlYXJjaFRleHQQAhgEIAA,Jul 8 source has no website; search the business name and phone before calling.,2026-07-08,Phoenix trades call list · Jul 2026 | Phoenix pool/garage probe · Jul 8,,,,
36,Verify website first,Arizona Metro Garage Door Openers & Repairs,Garage door service,Phoenix,AZ,(602) 847-4312,,5,23,Reviews,81,Website build candidate · no site in source,https://maps.google.com/?cid=739299097022387203&g_mp=Cidnb29nbGUubWFwcy5wbGFjZXMudjEuUGxhY2VzLlNlYXJjaFRleHQQAhgEIAA,https://maps.google.com/?cid=739299097022387203&g_mp=Cidnb29nbGUubWFwcy5wbGFjZXMudjEuUGxhY2VzLlNlYXJjaFRleHQQAhgEIAA,Jul 8 source has no website; search the business name and phone before calling.,2026-07-08,Phoenix trades call list · Jul 2026 | Phoenix pool/garage probe · Jul 8,,,,
37,Verify website first,Precision Pools LLC,Pool service,Scottsdale,AZ,(480) 266-6588,,5,22,Reviews,81,Website build candidate · no site in source,https://maps.google.com/?cid=2927357370274653745&g_mp=Cidnb29nbGUubWFwcy5wbGFjZXMudjEuUGxhY2VzLlNlYXJjaFRleHQQAhgEIAA,https://maps.google.com/?cid=2927357370274653745&g_mp=Cidnb29nbGUubWFwcy5wbGFjZXMudjEuUGxhY2VzLlNlYXJjaFRleHQQAhgEIAA,Jul 8 source has no website; search the business name and phone before calling.,2026-07-08,Phoenix pool/garage probe · Jul 8,,,,
38,Verify website first,Tree Rigs,Tree service,Phoenix,AZ,'+1 602-405-8586,,4.9,19,Reviews,61,No website in vendor source · manual check required,"https://www.google.com/maps/place/Tree+Rigs/@33.6259649,-111.99735439999999,14z/data=!4m8!1m2!2m1!1sTree+Rigs!3m4!1s0x872b73d4ff9e1409:0xbf454a7c16e06656!8m2!3d33.6259649!4d-111.99735439999999","https://www.google.com/maps/place/Tree+Rigs/@33.6259649,-111.99735439999999,14z/data=!4m8!1m2!2m1!1sTree+Rigs!3m4!1s0x872b73d4ff9e1409:0xbf454a7c16e06656!8m2!3d33.6259649!4d-111.99735439999999",Source record only; verify immediately before outreach.,2026-05-15,Tree-service Outscraper · May 15,,,,
39,Verify website first,S.O.S. Pools Service & Repair,Pool service,Phoenix metro,AZ,(623) 759-9898,,4.8,17,Reviews,81,Website build candidate · no site in source,https://maps.google.com/?cid=2067022072773662888&g_mp=Cidnb29nbGUubWFwcy5wbGFjZXMudjEuUGxhY2VzLlNlYXJjaFRleHQQAhgEIAA,https://maps.google.com/?cid=2067022072773662888&g_mp=Cidnb29nbGUubWFwcy5wbGFjZXMudjEuUGxhY2VzLlNlYXJjaFRleHQQAhgEIAA,Jul 8 source has no website; search the business name and phone before calling.,2026-07-08,Phoenix pool/garage probe · Jul 8,,,,
40,Verify website first,Blue Clover Pool Service,Pool service,Mesa,AZ,(480) 319-2286,,4.5,13,Reviews,81,Website build candidate · no site in source,https://maps.google.com/?cid=3074328120836903390&g_mp=Cidnb29nbGUubWFwcy5wbGFjZXMudjEuUGxhY2VzLlNlYXJjaFRleHQQAhgEIAA,https://maps.google.com/?cid=3074328120836903390&g_mp=Cidnb29nbGUubWFwcy5wbGFjZXMudjEuUGxhY2VzLlNlYXJjaFRleHQQAhgEIAA,Jul 8 source has no website; search the business name and phone before calling.,2026-07-08,Phoenix pool/garage probe · Jul 8,,,,
41,Verify website first,"Bright Blue Pool Services, LLC",Pool service,Avondale,AZ,(602) 538-7338,,4,12,Reviews,81,Website build candidate · no site in source,https://maps.google.com/?cid=9625807412509039552&g_mp=Cidnb29nbGUubWFwcy5wbGFjZXMudjEuUGxhY2VzLlNlYXJjaFRleHQQAhgEIAA,https://maps.google.com/?cid=9625807412509039552&g_mp=Cidnb29nbGUubWFwcy5wbGFjZXMudjEuUGxhY2VzLlNlYXJjaFRleHQQAhgEIAA,Jul 8 source has no website; search the business name and phone before calling.,2026-07-08,Phoenix pool/garage probe · Jul 8,,,,
42,Verify website first,BeehivepoolsLLC,Pool service,Maricopa,AZ,(520) 634-3350,,5,11,Reviews,81,Website build candidate · no site in source,https://maps.google.com/?cid=16267309479442457901&g_mp=Cidnb29nbGUubWFwcy5wbGFjZXMudjEuUGxhY2VzLlNlYXJjaFRleHQQAhgEIAA,https://maps.google.com/?cid=16267309479442457901&g_mp=Cidnb29nbGUubWFwcy5wbGFjZXMudjEuUGxhY2VzLlNlYXJjaFRleHQQAhgEIAA,Jul 8 source has no website; search the business name and phone before calling.,2026-07-08,Phoenix pool/garage probe · Jul 8,,,,
43,Verify website first,Diamond Garage Door Service,Garage door service,Phoenix,AZ,(623) 872-3667,,5,11,Reviews,81,Website build candidate · no site in source,https://maps.google.com/?cid=944664241403978810&g_mp=Cidnb29nbGUubWFwcy5wbGFjZXMudjEuUGxhY2VzLlNlYXJjaFRleHQQAhgEIAA,https://maps.google.com/?cid=944664241403978810&g_mp=Cidnb29nbGUubWFwcy5wbGFjZXMudjEuUGxhY2VzLlNlYXJjaFRleHQQAhgEIAA,Jul 8 source has no website; search the business name and phone before calling.,2026-07-08,Phoenix trades call list · Jul 2026 | Phoenix pool/garage probe · Jul 8,,,,
44,Verify website first,Johnny Overhead Door Solutions,Garage door service,Glendale,AZ,(480) 605-0193,,5,11,Reviews,81,Website build candidate · no site in source,https://maps.google.com/?cid=5594109785355276141&g_mp=Cidnb29nbGUubWFwcy5wbGFjZXMudjEuUGxhY2VzLlNlYXJjaFRleHQQAhgEIAA,https://maps.google.com/?cid=5594109785355276141&g_mp=Cidnb29nbGUubWFwcy5wbGFjZXMudjEuUGxhY2VzLlNlYXJjaFRleHQQAhgEIAA,Jul 8 source has no website; search the business name and phone before calling.,2026-07-08,Phoenix trades call list · Jul 2026 | Phoenix pool/garage probe · Jul 8,,,,
45,Verify website first,"REPAIR SERVICE NETWORK, LLC",Garage door service,Scottsdale,AZ,(602) 600-6011,,5,11,Reviews,81,Website build candidate · no site in source,https://maps.google.com/?cid=3612177213846402304&g_mp=Cidnb29nbGUubWFwcy5wbGFjZXMudjEuUGxhY2VzLlNlYXJjaFRleHQQAhgEIAA,https://maps.google.com/?cid=3612177213846402304&g_mp=Cidnb29nbGUubWFwcy5wbGFjZXMudjEuUGxhY2VzLlNlYXJjaFRleHQQAhgEIAA,Jul 8 source has no website; search the business name and phone before calling.,2026-07-08,Phoenix pool/garage probe · Jul 8,,,,
46,Verify website first,The Chandler Overhead Door Service,Garage door service,Chandler,AZ,(480) 914-3657,,4.8,11,Reviews,81,Website build candidate · no site in source,https://maps.google.com/?cid=9187369535391825239&g_mp=Cidnb29nbGUubWFwcy5wbGFjZXMudjEuUGxhY2VzLlNlYXJjaFRleHQQAhgEIAA,https://maps.google.com/?cid=9187369535391825239&g_mp=Cidnb29nbGUubWFwcy5wbGFjZXMudjEuUGxhY2VzLlNlYXJjaFRleHQQAhgEIAA,Jul 8 source has no website; search the business name and phone before calling.,2026-07-08,Phoenix pool/garage probe · Jul 8,,,,
47,Verify website first,Blue Tide Pool Care,Pool service,Mesa,AZ,(602) 282-5843,,5,10,Reviews,81,Website build candidate · no site in source,https://maps.google.com/?cid=7674578459407530877&g_mp=Cidnb29nbGUubWFwcy5wbGFjZXMudjEuUGxhY2VzLlNlYXJjaFRleHQQAhgEIAA,https://maps.google.com/?cid=7674578459407530877&g_mp=Cidnb29nbGUubWFwcy5wbGFjZXMudjEuUGxhY2VzLlNlYXJjaFRleHQQAhgEIAA,Jul 8 source has no website; search the business name and phone before calling.,2026-07-08,Phoenix pool/garage probe · Jul 8,,,,
48,Verify website first,Trammel Crane Service,Crane service,Phoenix,AZ,'+1 602-448-7959,,4.6,10,Reviews,51,No website in vendor source · manual check required,"https://www.google.com/maps/place/Trammel+Crane+Service/@33.640119299999995,-112.01090909999999,14z/data=!4m8!1m2!2m1!1sTrammel+Crane+Service!3m4!1s0x872b719a6a7e68fd:0x2dd9a1b3189cc55c!8m2!3d33.640119299999995!4d-112.01090909999999","https://www.google.com/maps/place/Trammel+Crane+Service/@33.640119299999995,-112.01090909999999,14z/data=!4m8!1m2!2m1!1sTrammel+Crane+Service!3m4!1s0x872b719a6a7e68fd:0x2dd9a1b3189cc55c!8m2!3d33.640119299999995!4d-112.01090909999999",Source record only; verify immediately before outreach.,2026-05-15,Tree-service Outscraper · May 15,,,,
49,Verify website first,"Sunny Arizona Landscaping Services, Inc.",Landscaper,Phoenix,AZ,'+1 480-342-9000,,4.3,10,Reviews,61,No website in vendor source · manual check required,"https://www.google.com/maps/place/Sunny+Arizona+Landscaping+Services%2C+Inc./@33.6401081,-112.0235754,14z/data=!4m8!1m2!2m1!1sSunny+Arizona+Landscaping+Services%2C+Inc.!3m4!1s0x872b718a4591cb23:0x7192db19c6869690!8m2!3d33.6401081!4d-112.0235754","https://www.google.com/maps/place/Sunny+Arizona+Landscaping+Services%2C+Inc./@33.6401081,-112.0235754,14z/data=!4m8!1m2!2m1!1sSunny+Arizona+Landscaping+Services%2C+Inc.!3m4!1s0x872b718a4591cb23:0x7192db19c6869690!8m2!3d33.6401081!4d-112.0235754",Source record only; verify immediately before outreach.,2026-05-15,Tree-service Outscraper · May 15,,,,
50,Verify website first,Super Electric,Electrician,Phoenix,AZ,'+1 602-904-6842,,4.7,300,Research First,74,No website in source · manual check required,https://www.google.com/search?q=Super%20Electric%20Phoenix%20AZ%20%2B1%20602-904-6842,,Source record only; verify immediately before outreach.,2026-07,Phoenix trades call list · Jul 2026,,,,
51,Verify website first,Ready Roofing AZ,Roofing contractor,Cave Creek,AZ,'+1 602-751-3114,,5,131,Research First,74,No website in source · manual check required,https://www.google.com/search?q=Ready%20Roofing%20AZ%20Cave%20Creek%20AZ%20%2B1%20602-751-3114,,Source record only; verify immediately before outreach.,2026-07,Phoenix trades call list · Jul 2026,,,,
52,Verify website first,Vaughan Family Water Heaters,Plumber,Phoenix,AZ,'+1 602-353-7620,,4.7,131,Research First,74,No website in source · manual check required,https://www.google.com/search?q=Vaughan%20Family%20Water%20Heaters%20Phoenix%20AZ%20%2B1%20602-353-7620,,Source record only; verify immediately before outreach.,2026-07,Phoenix trades call list · Jul 2026,,,,
53,Verify website first,Phoenix Best Electricians,Electrician,Phoenix,AZ,'+1 602-780-1140,,4.7,129,Research First,74,No website in source · manual check required,https://www.google.com/search?q=Phoenix%20Best%20Electricians%20Phoenix%20AZ%20%2B1%20602-780-1140,,Source record only; verify immediately before outreach.,2026-07,Phoenix trades call list · Jul 2026,,,,
54,Verify website first,Express Roofing LLC,Roofing contractor,Mesa,AZ,'+1 480-226-4245,,4.9,116,Research First,74,No website in source · manual check required,https://www.google.com/search?q=Express%20Roofing%20LLC%20Mesa%20AZ%20%2B1%20480-226-4245,,Source record only; verify immediately before outreach.,2026-07,Phoenix trades call list · Jul 2026,,,,
55,Verify website first,The Old School Paint Company LLC,Store,Phoenix,AZ,'+1 602-272-8501,,4.7,115,Research First,64,No website in source · manual check required,https://www.google.com/search?q=The%20Old%20School%20Paint%20Company%20LLC%20Phoenix%20AZ%20%2B1%20602-272-8501,,Source record only; verify immediately before outreach.,2026-07,Phoenix trades call list · Jul 2026,,,,
56,Verify website first,E&S Painting Llc,Painter,Phoenix area - exact city unknown,AZ,'+1 602-692-5973,,4.9,105,Research First,74,No website in source · manual check required,https://www.google.com/search?q=E%26S%20Painting%20Llc%20AZ%20%2B1%20602-692-5973,,Source record only; verify immediately before outreach.,2026-07,Phoenix trades call list · Jul 2026,,,,
57,Verify website first,Velox Air Inc.,Air conditioning contractor,Phoenix,AZ,'+1 602-717-2000,,4.3,94,Research First,70,No website in source · manual check required,https://www.google.com/search?q=Velox%20Air%20Inc.%20Phoenix%20AZ%20%2B1%20602-717-2000,,Source record only; verify immediately before outreach.,2026-07,Phoenix trades call list · Jul 2026,,,,
58,Verify website first,Armando's Auto Electric And Mechanic LLC,Auto repair shop,Phoenix,AZ,'+1 602-278-5556,,4.1,94,Reviews,70,No website in source · manual check required,https://www.google.com/search?q=Armando's%20Auto%20Electric%20And%20Mechanic%20LLC%20Phoenix%20AZ%20%2B1%20602-278-5556,,Source record only; verify immediately before outreach.,2026-07,Phoenix trades call list · Jul 2026,,,,
59,Verify website first,Crew Contracting & Roofing,Roofing contractor,Avondale,AZ,'+1 602-695-2827,,5,89,Research First,70,No website in source · manual check required,https://www.google.com/search?q=Crew%20Contracting%20%26%20Roofing%20Avondale%20AZ%20%2B1%20602-695-2827,,Source record only; verify immediately before outreach.,2026-07,Phoenix trades call list · Jul 2026,,,,
60,Verify website first,Dynamic Air & Electric,Electrician,Peoria,AZ,'+1 602-832-0377,,5,83,Research First,70,No website in source · manual check required,https://www.google.com/search?q=Dynamic%20Air%20%26%20Electric%20Peoria%20AZ%20%2B1%20602-832-0377,,Source record only; verify immediately before outreach.,2026-07,Phoenix trades call list · Jul 2026,,,,
61,Verify website first,AZ AIRCOND LLC -Cooling Heating Plumbing,Air conditioning repair service,Buckeye,AZ,'+1 623-882-4549,,4.8,78,Research First,60,No website in source · manual check required,https://www.google.com/search?q=AZ%20AIRCOND%20LLC%20-Cooling%20Heating%20Plumbing%20Buckeye%20AZ%20%2B1%20623-882-4549,,Source record only; verify immediately before outreach.,2026-07,Phoenix trades call list · Jul 2026,,,,
62,Verify website first,Parra Painting LLC,Painting,Phoenix area - exact city unknown,AZ,'+1 602-756-5044,,5,75,Research First,70,No website in source · manual check required,https://www.google.com/search?q=Parra%20Painting%20LLC%20AZ%20%2B1%20602-756-5044,,Source record only; verify immediately before outreach.,2026-07,Phoenix trades call list · Jul 2026,,,,
63,Verify website first,Encanto Auto Body & Paint,Auto body shop,Phoenix,AZ,'+1 602-228-1534,,4.9,71,Research First,60,No website in source · manual check required,https://www.google.com/search?q=Encanto%20Auto%20Body%20%26%20Paint%20Phoenix%20AZ%20%2B1%20602-228-1534,,Source record only; verify immediately before outreach.,2026-07,Phoenix trades call list · Jul 2026,,,,
64,Verify website first,"General Electric Solutions, LLC",Electrician,Phoenix area - exact city unknown,AZ,'+1 602-203-0086,,5,68,Research First,70,No website in source · manual check required,https://www.google.com/search?q=General%20Electric%20Solutions%2C%20LLC%20AZ%20%2B1%20602-203-0086,,Source record only; verify immediately before outreach.,2026-07,Phoenix trades call list · Jul 2026,,,,
65,Verify website first,GA Electrical llc,Electrician,Phoenix,AZ,'+1 602-491-3515,,4.8,65,Research First,70,No website in source · manual check required,https://www.google.com/search?q=GA%20Electrical%20llc%20Phoenix%20AZ%20%2B1%20602-491-3515,,Source record only; verify immediately before outreach.,2026-07,Phoenix trades call list · Jul 2026,,,,
66,Verify website first,J and M Autobody Paint Supply,Paint store,Phoenix,AZ,'+1 602-276-6571,,4.9,62,Research First,70,No website in source · manual check required,https://www.google.com/search?q=J%20and%20M%20Autobody%20Paint%20Supply%20Phoenix%20AZ%20%2B1%20602-276-6571,,Source record only; verify immediately before outreach.,2026-07,Phoenix trades call list · Jul 2026,,,,
67,Verify website first,Babcock Plumbing LLC,Plumber,Phoenix area - exact city unknown,AZ,'+1 480-425-3535,,4.8,49,Reviews,65,No website in source · manual check required,https://www.google.com/search?q=Babcock%20Plumbing%20LLC%20AZ%20%2B1%20480-425-3535,,Source record only; verify immediately before outreach.,2026-07,Phoenix trades call list · Jul 2026,,,,
68,Verify website first,KM Electric,Electrician,Buckeye,AZ,'+1 480-818-5318,,5,48,Research First,65,No website in source · manual check required,https://www.google.com/search?q=KM%20Electric%20Buckeye%20AZ%20%2B1%20480-818-5318,,Source record only; verify immediately before outreach.,2026-07,Phoenix trades call list · Jul 2026,,,,
69,Verify website first,Lawrence Electric Diversified Services,Electrician,Phoenix area - exact city unknown,AZ,'+1 623-341-1817,,5,48,Research First,65,No website in source · manual check required,https://www.google.com/search?q=Lawrence%20Electric%20Diversified%20Services%20AZ%20%2B1%20623-341-1817,,Source record only; verify immediately before outreach.,2026-07,Phoenix trades call list · Jul 2026,,,,
70,Verify website first,A/C Service,Auto air conditioning service,Phoenix,AZ,'+1 602-276-0203,,4.4,48,Reviews,55,No website in source · manual check required,https://www.google.com/search?q=A%2FC%20Service%20Phoenix%20AZ%20%2B1%20602-276-0203,,Source record only; verify immediately before outreach.,2026-07,Phoenix trades call list · Jul 2026,,,,
71,Verify website first,Gael Painting LLC,Pintor,Buckeye,AZ,'+1 602-339-4700,,4.8,46,Research First,55,No website in source · manual check required,https://www.google.com/search?q=Gael%20Painting%20LLC%20Buckeye%20AZ%20%2B1%20602-339-4700,,Source record only; verify immediately before outreach.,2026-07,Phoenix trades call list · Jul 2026,,,,
72,Verify website first,Manny's Paint and Body Shop,Auto body shop,Phoenix,AZ,'+1 602-253-9457,,4.9,43,Reviews,55,No website in source · manual check required,https://www.google.com/search?q=Manny's%20Paint%20and%20Body%20Shop%20Phoenix%20AZ%20%2B1%20602-253-9457,,Source record only; verify immediately before outreach.,2026-07,Phoenix trades call list · Jul 2026,,,,
73,Verify website first,Uncommon Paint Company,Painting,Phoenix area - exact city unknown,AZ,'+1 602-694-3487,,5,41,Research First,65,No website in source · manual check required,https://www.google.com/search?q=Uncommon%20Paint%20Company%20AZ%20%2B1%20602-694-3487,,Source record only; verify immediately before outreach.,2026-07,Phoenix trades call list · Jul 2026,,,,
74,Verify website first,Dry Plus Roofing,Roofing contractor,Phoenix,AZ,'+1 602-493-2282,,4.8,41,Reviews,65,No website in source · manual check required,https://www.google.com/search?q=Dry%20Plus%20Roofing%20Phoenix%20AZ%20%2B1%20602-493-2282,,Source record only; verify immediately before outreach.,2026-07,Phoenix trades call list · Jul 2026,,,,
75,Verify website first,Phoenix HVAC Air Conditioning,HVAC contractor,Phoenix,AZ,'+1 928-433-0801,,4.9,40,Reviews,65,No website in source · manual check required,https://www.google.com/search?q=Phoenix%20HVAC%20Air%20Conditioning%20Phoenix%20AZ%20%2B1%20928-433-0801,,Source record only; verify immediately before outreach.,2026-07,Phoenix trades call list · Jul 2026,,,,
76,Verify website first,AC Air conditioning & Heating,HVAC contractor,Avondale,AZ,'+1 602-313-3802,,4.6,40,Reviews,65,No website in source · manual check required,https://www.google.com/search?q=AC%20Air%20conditioning%20%26%20Heating%20Avondale%20AZ%20%2B1%20602-313-3802,,Source record only; verify immediately before outreach.,2026-07,Phoenix trades call list · Jul 2026,,,,
77,Verify website first,United Air Cooling & Heating Phoenix,HVAC contractor,Phoenix,AZ,'+1 602-654-3522,,5,38,Research First,65,No website in source · manual check required,https://www.google.com/search?q=United%20Air%20Cooling%20%26%20Heating%20Phoenix%20Phoenix%20AZ%20%2B1%20602-654-3522,,Source record only; verify immediately before outreach.,2026-07,Phoenix trades call list · Jul 2026,,,,
78,Verify website first,Triple M Electric,Electrical installation service,Phoenix,AZ,'+1 480-818-8126,,4.9,36,Reviews,65,No website in source · manual check required,https://www.google.com/search?q=Triple%20M%20Electric%20Phoenix%20AZ%20%2B1%20480-818-8126,,Source record only; verify immediately before outreach.,2026-07,Phoenix trades call list · Jul 2026,,,,
79,Verify website first,Phoenix Plumbers & Drain Clean Services,Plumber,Phoenix,AZ,'+1 520-482-1068,,4.9,35,Reviews,65,No website in source · manual check required,https://www.google.com/search?q=Phoenix%20Plumbers%20%26%20Drain%20Clean%20Services%20Phoenix%20AZ%20%2B1%20520-482-1068,,Source record only; verify immediately before outreach.,2026-07,Phoenix trades call list · Jul 2026,,,,
80,Verify website first,Capitol Plumbing & Rooter Inc,Plumber,Phoenix area - exact city unknown,AZ,'+1 602-620-6931,,4.5,35,Reviews,65,No website in source · manual check required,https://www.google.com/search?q=Capitol%20Plumbing%20%26%20Rooter%20Inc%20AZ%20%2B1%20602-620-6931,,Source record only; verify immediately before outreach.,2026-07,Phoenix trades call list · Jul 2026,,,,
81,Verify website first,Reluxe Garage Door Services,Garage door supplier,Phoenix area - exact city unknown,AZ,'+1 480-660-4796,,5,34,Research First,65,No website in source · manual check required,https://www.google.com/search?q=Reluxe%20Garage%20Door%20Services%20AZ%20%2B1%20480-660-4796,,Source record only; verify immediately before outreach.,2026-07,Phoenix trades call list · Jul 2026,,,,
82,Verify website first,Attention to Details Maintenance Co.,Painter,Surprise,AZ,'+1 623-332-2415,,5,33,Research First,65,No website in source · manual check required,https://www.google.com/search?q=Attention%20to%20Details%20Maintenance%20Co.%20Surprise%20AZ%20%2B1%20623-332-2415,,Source record only; verify immediately before outreach.,2026-07,Phoenix trades call list · Jul 2026,,,,
83,Verify website first,Vertical Plumbing Goodyear,Plumber,Goodyear,AZ,'+1 877-514-5116,,5,33,Research First,65,No website in source · manual check required,https://www.google.com/search?q=Vertical%20Plumbing%20Goodyear%20Goodyear%20AZ%20%2B1%20877-514-5116,,Source record only; verify immediately before outreach.,2026-07,Phoenix trades call list · Jul 2026,,,,
84,Verify website first,Evans Affordable Garage Door Repair,Garage door supplier,Phoenix area - exact city unknown,AZ,'+1 602-695-0899,,4.9,33,Reviews,65,No website in source · manual check required,https://www.google.com/search?q=Evans%20Affordable%20Garage%20Door%20Repair%20AZ%20%2B1%20602-695-0899,,Source record only; verify immediately before outreach.,2026-07,Phoenix trades call list · Jul 2026,,,,
85,Verify website first,A Plus Electric Services,Electrician,Phoenix area - exact city unknown,AZ,'+1 602-429-0813,,4.8,33,Reviews,65,No website in source · manual check required,https://www.google.com/search?q=A%20Plus%20Electric%20Services%20AZ%20%2B1%20602-429-0813,,Source record only; verify immediately before outreach.,2026-07,Phoenix trades call list · Jul 2026,,,,
86,Verify website first,JJ’s Painting LLC.,Painter,Phoenix area - exact city unknown,AZ,'+1 623-227-5190,,4.8,33,Reviews,65,No website in source · manual check required,https://www.google.com/search?q=JJ%E2%80%99s%20Painting%20LLC.%20AZ%20%2B1%20623-227-5190,,Source record only; verify immediately before outreach.,2026-07,Phoenix trades call list · Jul 2026,,,,
87,Verify website first,Whitton Plumbing,Plumber,Phoenix area - exact city unknown,AZ,'+1 623-939-7473,,4.9,32,Reviews,65,No website in source · manual check required,https://www.google.com/search?q=Whitton%20Plumbing%20AZ%20%2B1%20623-939-7473,,Source record only; verify immediately before outreach.,2026-07,Phoenix trades call list · Jul 2026,,,,
88,Verify website first,Phoenix Heating and Air Conditioning,Air conditioning repair service,Phoenix,AZ,'+1 602-364-9629,,4.8,32,Research First,55,No website in source · manual check required,https://www.google.com/search?q=Phoenix%20Heating%20and%20Air%20Conditioning%20Phoenix%20AZ%20%2B1%20602-364-9629,,Source record only; verify immediately before outreach.,2026-07,Phoenix trades call list · Jul 2026,,,,
89,Verify website first,Arison Garage Doors LLC,Door supplier,Phoenix area - exact city unknown,AZ,'+1 602-910-9244,,5,31,Research First,55,No website in source · manual check required,https://www.google.com/search?q=Arison%20Garage%20Doors%20LLC%20AZ%20%2B1%20602-910-9244,,Source record only; verify immediately before outreach.,2026-07,Phoenix trades call list · Jul 2026,,,,
90,Verify website first,Supreme Garage Door's I᠎nsta᠎llatio᠎n,Door supplier,Phoenix,AZ,'+1 602-492-9401,,5,30,Research First,55,No website in source · manual check required,https://www.google.com/search?q=Supreme%20Garage%20Door's%20I%E1%A0%8Ensta%E1%A0%8Ellatio%E1%A0%8En%20Phoenix%20AZ%20%2B1%20602-492-9401,,Source record only; verify immediately before outreach.,2026-07,Phoenix trades call list · Jul 2026,,,,
91,Verify website first,Cr Electric,Electrician,Buckeye,AZ,'+1 602-503-6499,,4.9,30,Reviews,65,No website in source · manual check required,https://www.google.com/search?q=Cr%20Electric%20Buckeye%20AZ%20%2B1%20602-503-6499,,Source record only; verify immediately before outreach.,2026-07,Phoenix trades call list · Jul 2026,,,,
92,Verify website first,Star Electric Phoenix,Electrician,Peoria,AZ,'+1 520-346-8935,,4.3,30,Reviews,65,No website in source · manual check required,https://www.google.com/search?q=Star%20Electric%20Phoenix%20Peoria%20AZ%20%2B1%20520-346-8935,,Source record only; verify immediately before outreach.,2026-07,Phoenix trades call list · Jul 2026,,,,
93,Verify website first,Battle Construction LLC,Construction company,Peoria,AZ,'+1 480-479-2250,,5,29,Research First,65,No website in source · manual check required,https://www.google.com/search?q=Battle%20Construction%20LLC%20Peoria%20AZ%20%2B1%20480-479-2250,,Source record only; verify immediately before outreach.,2026-07,Phoenix trades call list · Jul 2026,,,,
94,Verify website first,Right On Time Plumbing & Drain,Plumber,Peoria,AZ,'+1 623-698-1993,,4.9,28,Reviews,65,No website in source · manual check required,https://www.google.com/search?q=Right%20On%20Time%20Plumbing%20%26%20Drain%20Peoria%20AZ%20%2B1%20623-698-1993,,Source record only; verify immediately before outreach.,2026-07,Phoenix trades call list · Jul 2026,,,,
95,Verify website first,Rooter-Man Plumbing & Drains,Plumber,Phoenix area - exact city unknown,AZ,'+1 623-322-2230,,4.1,27,Reviews,65,No website in source · manual check required,https://www.google.com/search?q=Rooter-Man%20Plumbing%20%26%20Drains%20AZ%20%2B1%20623-322-2230,,Source record only; verify immediately before outreach.,2026-07,Phoenix trades call list · Jul 2026,,,,
96,Verify website first,PHX West Valley Barn Doors,Door supplier,Phoenix area - exact city unknown,AZ,'+1 602-919-9549,,4.1,27,Reviews,55,No website in source · manual check required,https://www.google.com/search?q=PHX%20West%20Valley%20Barn%20Doors%20AZ%20%2B1%20602-919-9549,,Source record only; verify immediately before outreach.,2026-07,Phoenix trades call list · Jul 2026,,,,
97,Verify website first,Sunrise Mechanical Inc,Air conditioning contractor,Phoenix area - exact city unknown,AZ,'+1 602-714-1009,,4.7,26,Research First,65,No website in source · manual check required,https://www.google.com/search?q=Sunrise%20Mechanical%20Inc%20AZ%20%2B1%20602-714-1009,,Source record only; verify immediately before outreach.,2026-07,Phoenix trades call list · Jul 2026,,,,
98,Verify website first,Martin Brothers Roofing,Roofing contractor,Phoenix,AZ,'+1 623-400-8500,,4.9,25,Reviews,65,No website in source · manual check required,https://www.google.com/search?q=Martin%20Brothers%20Roofing%20Phoenix%20AZ%20%2B1%20623-400-8500,,Source record only; verify immediately before outreach.,2026-07,Phoenix trades call list · Jul 2026,,,,
99,Verify website first,"Arizona Boy Air Conditioning & Heating, LLC",HVAC contractor,Phoenix area - exact city unknown,AZ,'+1 480-561-8532,,4.4,25,Reviews,65,No website in source · manual check required,https://www.google.com/search?q=Arizona%20Boy%20Air%20Conditioning%20%26%20Heating%2C%20LLC%20AZ%20%2B1%20480-561-8532,,Source record only; verify immediately before outreach.,2026-07,Phoenix trades call list · Jul 2026,,,,
100,Verify website first,Pro Electrical Inc,Electrician,Phoenix,AZ,'+1 602-898-1834,,4.8,24,Reviews,61,No website in source · manual check required,https://www.google.com/search?q=Pro%20Electrical%20Inc%20Phoenix%20AZ%20%2B1%20602-898-1834,,Source record only; verify immediately before outreach.,2026-07,Phoenix trades call list · Jul 2026,,,,
101,Verify website first,Hinged Overhead Door Company,Garage door supplier,Phoenix area - exact city unknown,AZ,'+1 623-235-4543,,4.7,24,Reviews,61,No website in source · manual check required,https://www.google.com/search?q=Hinged%20Overhead%20Door%20Company%20AZ%20%2B1%20623-235-4543,,Source record only; verify immediately before outreach.,2026-07,Phoenix trades call list · Jul 2026,,,,
102,Verify website first,Copper State Plumbing Services LLC,Plumber,Surprise,AZ,'+1 602-561-3391,,4,24,Reviews,61,No website in source · manual check required,https://www.google.com/search?q=Copper%20State%20Plumbing%20Services%20LLC%20Surprise%20AZ%20%2B1%20602-561-3391,,Source record only; verify immediately before outreach.,2026-07,Phoenix trades call list · Jul 2026,,,,
103,Verify website first,Eric's Custom Doors,Door supplier,Phoenix,AZ,'+1 602-323-2928,,4.6,22,Reviews,51,No website in source · manual check required,https://www.google.com/search?q=Eric's%20Custom%20Doors%20Phoenix%20AZ%20%2B1%20602-323-2928,,Source record only; verify immediately before outreach.,2026-07,Phoenix trades call list · Jul 2026,,,,
104,Verify website first,Air Conditioning Services Arizona,HVAC contractor,Phoenix,AZ,'+1 520-839-3522,,4.5,22,Reviews,61,No website in source · manual check required,https://www.google.com/search?q=Air%20Conditioning%20Services%20Arizona%20Phoenix%20AZ%20%2B1%20520-839-3522,,Source record only; verify immediately before outreach.,2026-07,Phoenix trades call list · Jul 2026,,,,
105,Verify website first,Fair Air Heating & Cooling,HVAC contractor,Phoenix area - exact city unknown,AZ,'+1 602-551-0771,,4.3,22,Reviews,61,No website in source · manual check required,https://www.google.com/search?q=Fair%20Air%20Heating%20%26%20Cooling%20AZ%20%2B1%20602-551-0771,,Source record only; verify immediately before outreach.,2026-07,Phoenix trades call list · Jul 2026,,,,
106,Verify website first,Max Auto Electric,Mechanic,Phoenix,AZ,'+1 909-682-3756,,5,21,Research First,51,No website in source · manual check required,https://www.google.com/search?q=Max%20Auto%20Electric%20Phoenix%20AZ%20%2B1%20909-682-3756,,Source record only; verify immediately before outreach.,2026-07,Phoenix trades call list · Jul 2026,,,,
107,Verify website first,Tru Line Painting,Painter,Chandler,AZ,'+1 602-568-7447,,4.9,21,Reviews,61,No website in source · manual check required,https://www.google.com/search?q=Tru%20Line%20Painting%20Chandler%20AZ%20%2B1%20602-568-7447,,Source record only; verify immediately before outreach.,2026-07,Phoenix trades call list · Jul 2026,,,,
108,Verify website first,Ace Plumbers Phoenix AZ,Plumber,Phoenix,AZ,'+1 602-603-4819,,4.8,21,Reviews,61,No website in source · manual check required,https://www.google.com/search?q=Ace%20Plumbers%20Phoenix%20AZ%20Phoenix%20AZ%20%2B1%20602-603-4819,,Source record only; verify immediately before outreach.,2026-07,Phoenix trades call list · Jul 2026,,,,
109,Verify website first,IP Painting LLC,Painter,Phoenix area - exact city unknown,AZ,'+1 602-497-6233,,5,20,Reviews,61,No website in source · manual check required,https://www.google.com/search?q=IP%20Painting%20LLC%20AZ%20%2B1%20602-497-6233,,Source record only; verify immediately before outreach.,2026-07,Phoenix trades call list · Jul 2026,,,,
110,Verify website first,Phoenix Electrical Contracting,Electrician,Phoenix,AZ,'+1 866-650-9644,,4.9,20,Reviews,61,No website in source · manual check required,https://www.google.com/search?q=Phoenix%20Electrical%20Contracting%20Phoenix%20AZ%20%2B1%20866-650-9644,,Source record only; verify immediately before outreach.,2026-07,Phoenix trades call list · Jul 2026,,,,
111,Verify website first,VEGA'S PAINTING SERVICES,Pintor,Buckeye,AZ,'+1 602-400-8818,,4.8,20,Reviews,51,No website in source · manual check required,https://www.google.com/search?q=VEGA'S%20PAINTING%20SERVICES%20Buckeye%20AZ%20%2B1%20602-400-8818,,Source record only; verify immediately before outreach.,2026-07,Phoenix trades call list · Jul 2026,,,,
112,Verify website first,Phoenix Air Conditioning and Heating,Air conditioning contractor,Phoenix,AZ,'+1 480-903-0875,,4.6,20,Reviews,61,No website in source · manual check required,https://www.google.com/search?q=Phoenix%20Air%20Conditioning%20and%20Heating%20Phoenix%20AZ%20%2B1%20480-903-0875,,Source record only; verify immediately before outreach.,2026-07,Phoenix trades call list · Jul 2026,,,,
113,Verify website first,Big Titan Electrical Service,Electrician,Avondale,AZ,'+1 602-838-1940,,4.5,20,Reviews,61,No website in source · manual check required,https://www.google.com/search?q=Big%20Titan%20Electrical%20Service%20Avondale%20AZ%20%2B1%20602-838-1940,,Source record only; verify immediately before outreach.,2026-07,Phoenix trades call list · Jul 2026,,,,
114,Verify website first,Galan Roofing,Roofing contractor,Phoenix area - exact city unknown,AZ,'+1 602-802-9393,,4.8,19,Reviews,61,No website in source · manual check required,https://www.google.com/search?q=Galan%20Roofing%20AZ%20%2B1%20602-802-9393,,Source record only; verify immediately before outreach.,2026-07,Phoenix trades call list · Jul 2026,,,,
115,Verify website first,Crystal Coatings Arizona,Painting,Phoenix,AZ,'+1 602-374-5956,,4.4,19,Reviews,61,No website in source · manual check required,https://www.google.com/search?q=Crystal%20Coatings%20Arizona%20Phoenix%20AZ%20%2B1%20602-374-5956,,Source record only; verify immediately before outreach.,2026-07,Phoenix trades call list · Jul 2026,,,,
116,Verify website first,Pacific Air Heating and cooling LLC,HVAC contractor,Phoenix area - exact city unknown,AZ,'+1 714-319-3522,,5,18,Reviews,61,No website in source · manual check required,https://www.google.com/search?q=Pacific%20Air%20Heating%20and%20cooling%20LLC%20AZ%20%2B1%20714-319-3522,,Source record only; verify immediately before outreach.,2026-07,Phoenix trades call list · Jul 2026,,,,
117,Verify website first,WARTHOG ROOFING LLC,Roofing contractor,Phoenix area - exact city unknown,AZ,'+1 602-785-6420,,5,18,Reviews,61,No website in source · manual check required,https://www.google.com/search?q=WARTHOG%20ROOFING%20LLC%20AZ%20%2B1%20602-785-6420,,Source record only; verify immediately before outreach.,2026-07,Phoenix trades call list · Jul 2026,,,,
118,Verify website first,"MZ Montana Colors, Auto Paint & Supplies",Auto painting,Phoenix,AZ,'+1 480-955-4091,,4.8,18,Reviews,61,No website in source · manual check required,https://www.google.com/search?q=MZ%20Montana%20Colors%2C%20Auto%20Paint%20%26%20Supplies%20Phoenix%20AZ%20%2B1%20480-955-4091,,Source record only; verify immediately before outreach.,2026-07,Phoenix trades call list · Jul 2026,,,,
119,Verify website first,Chilson & Son Painting LLC,Painting,Surprise,AZ,'+1 623-412-0500,,4.6,18,Reviews,61,No website in source · manual check required,https://www.google.com/search?q=Chilson%20%26%20Son%20Painting%20LLC%20Surprise%20AZ%20%2B1%20623-412-0500,,Source record only; verify immediately before outreach.,2026-07,Phoenix trades call list · Jul 2026,,,,
120,Verify website first,Meade Electric Co.,Electrician,Phoenix,AZ,'+1 602-503-5859,,4.2,18,Reviews,61,No website in source · manual check required,https://www.google.com/search?q=Meade%20Electric%20Co.%20Phoenix%20AZ%20%2B1%20602-503-5859,,Source record only; verify immediately before outreach.,2026-07,Phoenix trades call list · Jul 2026,,,,
121,Verify website first,bird dog plumbing,Contractor,Phoenix,AZ,'+1 602-509-1796,,4.8,17,Reviews,61,No website in source · manual check required,https://www.google.com/search?q=bird%20dog%20plumbing%20Phoenix%20AZ%20%2B1%20602-509-1796,,Source record only; verify immediately before outreach.,2026-07,Phoenix trades call list · Jul 2026,,,,
122,Verify website first,Mk Electric Inc.,Electrician,Glendale,AZ,'+1 623-939-0438,,4.6,17,Reviews,61,No website in source · manual check required,https://www.google.com/search?q=Mk%20Electric%20Inc.%20Glendale%20AZ%20%2B1%20623-939-0438,,Source record only; verify immediately before outreach.,2026-07,Phoenix trades call list · Jul 2026,,,,
123,Verify website first,A2Z Rooter & Plumbing LLC,Plumber,Phoenix area - exact city unknown,AZ,'+1 623-292-1255,,4.5,17,Reviews,61,No website in source · manual check required,https://www.google.com/search?q=A2Z%20Rooter%20%26%20Plumbing%20LLC%20AZ%20%2B1%20623-292-1255,,Source record only; verify immediately before outreach.,2026-07,Phoenix trades call list · Jul 2026,,,,
124,Verify website first,J's Quality Painting LLC,Painting,Buckeye,AZ,'+1 602-690-7264,,4.4,17,Reviews,61,No website in source · manual check required,https://www.google.com/search?q=J's%20Quality%20Painting%20LLC%20Buckeye%20AZ%20%2B1%20602-690-7264,,Source record only; verify immediately before outreach.,2026-07,Phoenix trades call list · Jul 2026,,,,
125,Verify website first,Frigid Air Heating and Cooling,Air conditioning contractor,Buckeye,AZ,'+1 623-299-5696,,4.3,17,Reviews,61,No website in source · manual check required,https://www.google.com/search?q=Frigid%20Air%20Heating%20and%20Cooling%20Buckeye%20AZ%20%2B1%20623-299-5696,,Source record only; verify immediately before outreach.,2026-07,Phoenix trades call list · Jul 2026,,,,
126,Verify website first,"Hyde Electric, Inc.",Electrician,Phoenix,AZ,'+1 602-669-3826,,4.3,17,Reviews,61,No website in source · manual check required,https://www.google.com/search?q=Hyde%20Electric%2C%20Inc.%20Phoenix%20AZ%20%2B1%20602-669-3826,,Source record only; verify immediately before outreach.,2026-07,Phoenix trades call list · Jul 2026,,,,
127,Verify website first,West Side Roofing LLC,Roofing contractor,Avondale,AZ,'+1 602-721-2583,,4.1,16,Reviews,61,No website in source · manual check required,https://www.google.com/search?q=West%20Side%20Roofing%20LLC%20Avondale%20AZ%20%2B1%20602-721-2583,,Source record only; verify immediately before outreach.,2026-07,Phoenix trades call list · Jul 2026,,,,
128,Verify website first,Electrical Dynamics Phoenix,Electrician,Peoria,AZ,'+1 520-337-8031,,5,15,Reviews,61,No website in source · manual check required,https://www.google.com/search?q=Electrical%20Dynamics%20Phoenix%20Peoria%20AZ%20%2B1%20520-337-8031,,Source record only; verify immediately before outreach.,2026-07,Phoenix trades call list · Jul 2026,,,,
129,Verify website first,Omart Painting Services | Painter,Painter,Phoenix area - exact city unknown,AZ,'+1 480-208-2590,,5,15,Reviews,61,No website in source · manual check required,https://www.google.com/search?q=Omart%20Painting%20Services%20%7C%20Painter%20AZ%20%2B1%20480-208-2590,,Source record only; verify immediately before outreach.,2026-07,Phoenix trades call list · Jul 2026,,,,
130,Verify website first,Solution Roofing LLC,Roofing contractor,Phoenix area - exact city unknown,AZ,'+1 719-646-7457,,5,15,Reviews,61,No website in source · manual check required,https://www.google.com/search?q=Solution%20Roofing%20LLC%20AZ%20%2B1%20719-646-7457,,Source record only; verify immediately before outreach.,2026-07,Phoenix trades call list · Jul 2026,,,,
131,Verify website first,Just 1 Plumber LLC,Plumber,Phoenix area - exact city unknown,AZ,'+1 623-385-6301,,4.7,15,Reviews,61,No website in source · manual check required,https://www.google.com/search?q=Just%201%20Plumber%20LLC%20AZ%20%2B1%20623-385-6301,,Source record only; verify immediately before outreach.,2026-07,Phoenix trades call list · Jul 2026,,,,
132,Verify website first,Bradley Electric,Electrician,Phoenix,AZ,'+1 602-273-3838,,4.1,15,Reviews,61,No website in source · manual check required,https://www.google.com/search?q=Bradley%20Electric%20Phoenix%20AZ%20%2B1%20602-273-3838,,Source record only; verify immediately before outreach.,2026-07,Phoenix trades call list · Jul 2026,,,,
133,Verify website first,Casado Roofing LLC,Roofing contractor,Buckeye,AZ,'+1 480-343-3802,,5,14,Reviews,61,No website in source · manual check required,https://www.google.com/search?q=Casado%20Roofing%20LLC%20Buckeye%20AZ%20%2B1%20480-343-3802,,Source record only; verify immediately before outreach.,2026-07,Phoenix trades call list · Jul 2026,,,,
134,Verify website first,RJM Plumbing,Plumber,Phoenix area - exact city unknown,AZ,'+1 480-252-6963,,5,14,Reviews,61,No website in source · manual check required,https://www.google.com/search?q=RJM%20Plumbing%20AZ%20%2B1%20480-252-6963,,Source record only; verify immediately before outreach.,2026-07,Phoenix trades call list · Jul 2026,,,,
135,Verify website first,Ahead Of Time Services Inc,Property maintenance,Phoenix area - exact city unknown,AZ,'+1 480-768-8146,,5,14,Reviews,51,No website in source · manual check required,https://www.google.com/search?q=Ahead%20Of%20Time%20Services%20Inc%20AZ%20%2B1%20480-768-8146,,Source record only; verify immediately before outreach.,2026-07,Phoenix trades call list · Jul 2026,,,,
136,Verify website first,"Acosta Electric, Inc.",Electrician,Phoenix area - exact city unknown,AZ,'+1 623-975-9011,,4.7,14,Reviews,61,No website in source · manual check required,https://www.google.com/search?q=Acosta%20Electric%2C%20Inc.%20AZ%20%2B1%20623-975-9011,,Source record only; verify immediately before outreach.,2026-07,Phoenix trades call list · Jul 2026,,,,
137,Verify website first,PRESTIGE Plumbing & Drain Cleaning,Serviced accommodation,Avondale,AZ,'+1 623-305-7010,,4.7,14,Reviews,51,No website in source · manual check required,https://www.google.com/search?q=PRESTIGE%20Plumbing%20%26%20Drain%20Cleaning%20Avondale%20AZ%20%2B1%20623-305-7010,,Source record only; verify immediately before outreach.,2026-07,Phoenix trades call list · Jul 2026,,,,
138,Verify website first,AJP Electric Inc,Electrician,Phoenix,AZ,'+1 888-681-7568,,4.6,14,Reviews,61,No website in source · manual check required,https://www.google.com/search?q=AJP%20Electric%20Inc%20Phoenix%20AZ%20%2B1%20888-681-7568,,Source record only; verify immediately before outreach.,2026-07,Phoenix trades call list · Jul 2026,,,,
139,Verify website first,Home Electric Phoenix,Electrician,Phoenix,AZ,'+1 520-688-4910,,4.4,14,Reviews,61,No website in source · manual check required,https://www.google.com/search?q=Home%20Electric%20Phoenix%20Phoenix%20AZ%20%2B1%20520-688-4910,,Source record only; verify immediately before outreach.,2026-07,Phoenix trades call list · Jul 2026,,,,
140,Verify website first,All Perfection Electric,Electrician,Surprise,AZ,'+1 602-748-7008,,4.1,14,Reviews,61,No website in source · manual check required,https://www.google.com/search?q=All%20Perfection%20Electric%20Surprise%20AZ%20%2B1%20602-748-7008,,Source record only; verify immediately before outreach.,2026-07,Phoenix trades call list · Jul 2026,,,,
141,Verify website first,Reynolds Electric,Electrician,Phoenix,AZ,'+1 623-780-2008,,5,13,Reviews,61,No website in source · manual check required,https://www.google.com/search?q=Reynolds%20Electric%20Phoenix%20AZ%20%2B1%20623-780-2008,,Source record only; verify immediately before outreach.,2026-07,Phoenix trades call list · Jul 2026,,,,
142,Verify website first,Vela Electric LLC,Electrician,Phoenix area - exact city unknown,AZ,'+1 480-340-4997,,5,13,Reviews,61,No website in source · manual check required,https://www.google.com/search?q=Vela%20Electric%20LLC%20AZ%20%2B1%20480-340-4997,,Source record only; verify immediately before outreach.,2026-07,Phoenix trades call list · Jul 2026,,,,
143,Verify website first,Titleist Painting And Roof Coatings,Corporate office,Phoenix,AZ,'+1 602-790-9025,,5,13,Reviews,51,No website in source · manual check required,https://www.google.com/search?q=Titleist%20Painting%20And%20Roof%20Coatings%20Phoenix%20AZ%20%2B1%20602-790-9025,,Source record only; verify immediately before outreach.,2026-07,Phoenix trades call list · Jul 2026,,,,
144,Verify website first,Myers Mobile Home Roofing,Roofing contractor,Phoenix,AZ,'+1 602-470-0787,,4.8,13,Reviews,61,No website in source · manual check required,https://www.google.com/search?q=Myers%20Mobile%20Home%20Roofing%20Phoenix%20AZ%20%2B1%20602-470-0787,,Source record only; verify immediately before outreach.,2026-07,Phoenix trades call list · Jul 2026,,,,
145,Verify website first,The A1 Electric Phoenix,Electrician,Phoenix,AZ,'+1 602-313-3670,,4.5,13,Reviews,61,No website in source · manual check required,https://www.google.com/search?q=The%20A1%20Electric%20Phoenix%20Phoenix%20AZ%20%2B1%20602-313-3670,,Source record only; verify immediately before outreach.,2026-07,Phoenix trades call list · Jul 2026,,,,
146,Verify website first,The Repair Guys L.L.C.,Roofing contractor,Phoenix,AZ,'+1 602-501-7653,,4.5,13,Reviews,61,No website in source · manual check required,https://www.google.com/search?q=The%20Repair%20Guys%20L.L.C.%20Phoenix%20AZ%20%2B1%20602-501-7653,,Source record only; verify immediately before outreach.,2026-07,Phoenix trades call list · Jul 2026,,,,
147,Verify website first,Always On Electric LLC,Electrician,Phoenix area - exact city unknown,AZ,'+1 623-692-5331,,5,12,Reviews,61,No website in source · manual check required,https://www.google.com/search?q=Always%20On%20Electric%20LLC%20AZ%20%2B1%20623-692-5331,,Source record only; verify immediately before outreach.,2026-07,Phoenix trades call list · Jul 2026,,,,
148,Verify website first,Bobcat Electric Inc,Electrical installation service,Sun City West,AZ,'+1 253-377-2937,,5,12,Reviews,61,No website in source · manual check required,https://www.google.com/search?q=Bobcat%20Electric%20Inc%20Sun%20City%20West%20AZ%20%2B1%20253-377-2937,,Source record only; verify immediately before outreach.,2026-07,Phoenix trades call list · Jul 2026,,,,
149,Verify website first,Surface Masters Inc,Roofing contractor,Phoenix,AZ,'+1 602-973-0999,,5,12,Reviews,61,No website in source · manual check required,https://www.google.com/search?q=Surface%20Masters%20Inc%20Phoenix%20AZ%20%2B1%20602-973-0999,,Source record only; verify immediately before outreach.,2026-07,Phoenix trades call list · Jul 2026,,,,
150,Verify website first,CurrentElectric Inc,Electrician,Phoenix,AZ,'+1 520-346-8937,,4.7,12,Reviews,61,No website in source · manual check required,https://www.google.com/search?q=CurrentElectric%20Inc%20Phoenix%20AZ%20%2B1%20520-346-8937,,Source record only; verify immediately before outreach.,2026-07,Phoenix trades call list · Jul 2026,,,,
151,Verify website first,Bryner Painting LLC,Painting,Phoenix area - exact city unknown,AZ,'+1 602-499-1334,,5,11,Reviews,61,No website in source · manual check required,https://www.google.com/search?q=Bryner%20Painting%20LLC%20AZ%20%2B1%20602-499-1334,,Source record only; verify immediately before outreach.,2026-07,Phoenix trades call list · Jul 2026,,,,
152,Verify website first,Carrillo Mechanical Home Services,HVAC contractor,Phoenix area - exact city unknown,AZ,'+1 602-751-1776,,5,11,Reviews,61,No website in source · manual check required,https://www.google.com/search?q=Carrillo%20Mechanical%20Home%20Services%20AZ%20%2B1%20602-751-1776,,Source record only; verify immediately before outreach.,2026-07,Phoenix trades call list · Jul 2026,,,,
153,Verify website first,Plumbing Buckeye Sol,Plumber,Buckeye,AZ,'+1 602-559-1515,,5,11,Reviews,61,No website in source · manual check required,https://www.google.com/search?q=Plumbing%20Buckeye%20Sol%20Buckeye%20AZ%20%2B1%20602-559-1515,,Source record only; verify immediately before outreach.,2026-07,Phoenix trades call list · Jul 2026,,,,
154,Verify website first,Primos Remodeling Services,Painting,Buckeye,AZ,'+1 480-529-1606,,5,11,Reviews,61,No website in source · manual check required,https://www.google.com/search?q=Primos%20Remodeling%20Services%20Buckeye%20AZ%20%2B1%20480-529-1606,,Source record only; verify immediately before outreach.,2026-07,Phoenix trades call list · Jul 2026,,,,
155,Verify website first,White Electric,Electrician,Peoria,AZ,'+1 520-346-4566,,5,11,Reviews,61,No website in source · manual check required,https://www.google.com/search?q=White%20Electric%20Peoria%20AZ%20%2B1%20520-346-4566,,Source record only; verify immediately before outreach.,2026-07,Phoenix trades call list · Jul 2026,,,,
156,Verify website first,Copper Star Handyman Services,Handyman/Handywoman/Handyperson,Surprise,AZ,'+1 623-203-7946,,5,11,Reviews,51,No website in source · manual check required,https://www.google.com/search?q=Copper%20Star%20Handyman%20Services%20Surprise%20AZ%20%2B1%20623-203-7946,,Source record only; verify immediately before outreach.,2026-07,Phoenix trades call list · Jul 2026,,,,
157,Verify website first,Urbn painting company LLC,Painting,Phoenix area - exact city unknown,AZ,'+1 602-706-6142,,4.9,11,Reviews,61,No website in source · manual check required,https://www.google.com/search?q=Urbn%20painting%20company%20LLC%20AZ%20%2B1%20602-706-6142,,Source record only; verify immediately before outreach.,2026-07,Phoenix trades call list · Jul 2026,,,,
158,Verify website first,Heartland Plumbing LLC,Plumber,Phoenix area - exact city unknown,AZ,'+1 480-487-5336,,4.6,11,Reviews,61,No website in source · manual check required,https://www.google.com/search?q=Heartland%20Plumbing%20LLC%20AZ%20%2B1%20480-487-5336,,Source record only; verify immediately before outreach.,2026-07,Phoenix trades call list · Jul 2026,,,,
159,Verify website first,Avondale Plumbing & Drain Services Exp,Plumber,Avondale,AZ,'+1 623-220-4266,,5,10,Reviews,61,No website in source · manual check required,https://www.google.com/search?q=Avondale%20Plumbing%20%26%20Drain%20Services%20Exp%20Avondale%20AZ%20%2B1%20623-220-4266,,Source record only; verify immediately before outreach.,2026-07,Phoenix trades call list · Jul 2026,,,,
160,Verify website first,"DLC Electrical Services, LLC",Electrician,Goodyear,AZ,'+1 623-745-1002,,5,10,Reviews,61,No website in source · manual check required,https://www.google.com/search?q=DLC%20Electrical%20Services%2C%20LLC%20Goodyear%20AZ%20%2B1%20623-745-1002,,Source record only; verify immediately before outreach.,2026-07,Phoenix trades call list · Jul 2026,,,,
161,Verify website first,Elite Comfort Cooling and Heating LLC,HVAC contractor,Phoenix area - exact city unknown,AZ,'+1 623-810-2744,,5,10,Reviews,61,No website in source · manual check required,https://www.google.com/search?q=Elite%20Comfort%20Cooling%20and%20Heating%20LLC%20AZ%20%2B1%20623-810-2744,,Source record only; verify immediately before outreach.,2026-07,Phoenix trades call list · Jul 2026,,,,
162,Verify website first,House Painting Solution LLC,Painter,Phoenix,AZ,'+1 602-465-1908,,5,10,Reviews,61,No website in source · manual check required,https://www.google.com/search?q=House%20Painting%20Solution%20LLC%20Phoenix%20AZ%20%2B1%20602-465-1908,,Source record only; verify immediately before outreach.,2026-07,Phoenix trades call list · Jul 2026,,,,
163,Verify website first,Simple Paint,Painter,Phoenix area - exact city unknown,AZ,'+1 602-390-8007,,5,10,Reviews,61,No website in source · manual check required,https://www.google.com/search?q=Simple%20Paint%20AZ%20%2B1%20602-390-8007,,Source record only; verify immediately before outreach.,2026-07,Phoenix trades call list · Jul 2026,,,,
164,Verify website first,Vent Tech Pro Solutions,Air conditioning repair service,Surprise,AZ,'+1 623-283-2416,,5,10,Reviews,51,No website in source · manual check required,https://www.google.com/search?q=Vent%20Tech%20Pro%20Solutions%20Surprise%20AZ%20%2B1%20623-283-2416,,Source record only; verify immediately before outreach.,2026-07,Phoenix trades call list · Jul 2026,,,,
165,Verify website first,Two brothers Pool service & repairs LLC,Pool service,Glendale,AZ,(602) 918-4761,,3.8,16,Research First,81,Website build candidate · no site in source,https://maps.google.com/?cid=17361039350310510577&g_mp=Cidnb29nbGUubWFwcy5wbGFjZXMudjEuUGxhY2VzLlNlYXJjaFRleHQQAhgEIAA,https://maps.google.com/?cid=17361039350310510577&g_mp=Cidnb29nbGUubWFwcy5wbGFjZXMudjEuUGxhY2VzLlNlYXJjaFRleHQQAhgEIAA,Jul 8 source has no website; search the business name and phone before calling.,2026-07-08,Phoenix pool/garage probe · Jul 8,,,,
166,Verify website first,SEC Door & Development Service,Garage door service,Gilbert,AZ,(480) 360-4323,,4.9,9,Reviews,77,Website build candidate · no site in source,https://maps.google.com/?cid=13812486087782050420&g_mp=Cidnb29nbGUubWFwcy5wbGFjZXMudjEuUGxhY2VzLlNlYXJjaFRleHQQAhgEIAA,https://maps.google.com/?cid=13812486087782050420&g_mp=Cidnb29nbGUubWFwcy5wbGFjZXMudjEuUGxhY2VzLlNlYXJjaFRleHQQAhgEIAA,Jul 8 source has no website; search the business name and phone before calling.,2026-07-08,Phoenix pool/garage probe · Jul 8,,,,
167,Verify website first,Blue Turtle Pool Service,Pool service,Avondale,AZ,(623) 632-8889,,4.4,9,Reviews,77,Website build candidate · no site in source,https://maps.google.com/?cid=17495724851012665959&g_mp=Cidnb29nbGUubWFwcy5wbGFjZXMudjEuUGxhY2VzLlNlYXJjaFRleHQQAhgEIAA,https://maps.google.com/?cid=17495724851012665959&g_mp=Cidnb29nbGUubWFwcy5wbGFjZXMudjEuUGxhY2VzLlNlYXJjaFRleHQQAhgEIAA,Jul 8 source has no website; search the business name and phone before calling.,2026-07-08,Phoenix pool/garage probe · Jul 8,,,,
168,Verify website first,Backyard Oasis Pool and Spa,Pool service,Mesa,AZ,(480) 766-6483,,4.1,9,Reviews,77,Website build candidate · no site in source,https://maps.google.com/?cid=4448495515369107316&g_mp=Cidnb29nbGUubWFwcy5wbGFjZXMudjEuUGxhY2VzLlNlYXJjaFRleHQQAhgEIAA,https://maps.google.com/?cid=4448495515369107316&g_mp=Cidnb29nbGUubWFwcy5wbGFjZXMudjEuUGxhY2VzLlNlYXJjaFRleHQQAhgEIAA,Jul 8 source has no website; search the business name and phone before calling.,2026-07-08,Phoenix pool/garage probe · Jul 8,,,,
169,Verify website first,Badger Tree Service,Tree service,Phoenix,AZ,'+1 602-944-3431,,4.1,9,Reviews,57,No website in vendor source · manual check required,"https://www.google.com/maps/place/Badger+Tree+Service/@33.541677799999995,-112.05776639999999,14z/data=!4m8!1m2!2m1!1sBadger+Tree+Service!3m4!1s0x872b6d76c60d67b9:0x8b328118c923e91f!8m2!3d33.541677799999995!4d-112.05776639999999","https://www.google.com/maps/place/Badger+Tree+Service/@33.541677799999995,-112.05776639999999,14z/data=!4m8!1m2!2m1!1sBadger+Tree+Service!3m4!1s0x872b6d76c60d67b9:0x8b328118c923e91f!8m2!3d33.541677799999995!4d-112.05776639999999",Source record only; verify immediately before outreach.,2026-05-15,Tree-service Outscraper · May 15,,,,
170,Verify website first,Pool Dogs AZ,Pool service,Surprise,AZ,(623) 738-7398,,5,8,Research First,77,Website build candidate · no site in source,https://maps.google.com/?cid=17963451815261498864&g_mp=Cidnb29nbGUubWFwcy5wbGFjZXMudjEuUGxhY2VzLlNlYXJjaFRleHQQAhgEIAA,https://maps.google.com/?cid=17963451815261498864&g_mp=Cidnb29nbGUubWFwcy5wbGFjZXMudjEuUGxhY2VzLlNlYXJjaFRleHQQAhgEIAA,Jul 8 source has no website; search the business name and phone before calling.,2026-07-08,Phoenix pool/garage probe · Jul 8,,,,
171,Verify website first,All Pools Service & Repair LLC Roc #342096,Pool service,Mesa,AZ,(480) 612-3333,,4.9,8,Reviews,77,Website build candidate · no site in source,https://maps.google.com/?cid=2508679592837224545&g_mp=Cidnb29nbGUubWFwcy5wbGFjZXMudjEuUGxhY2VzLlNlYXJjaFRleHQQAhgEIAA,https://maps.google.com/?cid=2508679592837224545&g_mp=Cidnb29nbGUubWFwcy5wbGFjZXMudjEuUGxhY2VzLlNlYXJjaFRleHQQAhgEIAA,Jul 8 source has no website; search the business name and phone before calling.,2026-07-08,Phoenix pool/garage probe · Jul 8,,,,
172,Verify website first,Swimming Pool Paramedic LLC,Pool service,Buckeye,AZ,(914) 907-1668,,5,7,Research First,77,Website build candidate · no site in source,https://maps.google.com/?cid=11948935276790149013&g_mp=Cidnb29nbGUubWFwcy5wbGFjZXMudjEuUGxhY2VzLlNlYXJjaFRleHQQAhgEIAA,https://maps.google.com/?cid=11948935276790149013&g_mp=Cidnb29nbGUubWFwcy5wbGFjZXMudjEuUGxhY2VzLlNlYXJjaFRleHQQAhgEIAA,Jul 8 source has no website; search the business name and phone before calling.,2026-07-08,Phoenix pool/garage probe · Jul 8,,,,
173,Verify website first,Urban Splash Pool Care,Pool service,Scottsdale,AZ,(480) 295-6294,,5,7,Research First,77,Website build candidate · no site in source,https://maps.google.com/?cid=3477712959416091428&g_mp=Cidnb29nbGUubWFwcy5wbGFjZXMudjEuUGxhY2VzLlNlYXJjaFRleHQQAhgEIAA,https://maps.google.com/?cid=3477712959416091428&g_mp=Cidnb29nbGUubWFwcy5wbGFjZXMudjEuUGxhY2VzLlNlYXJjaFRleHQQAhgEIAA,Jul 8 source has no website; search the business name and phone before calling.,2026-07-08,Phoenix pool/garage probe · Jul 8,,,,
174,Verify website first,A1 Garage Door Repair Scottsdale AZ,Garage door service,Scottsdale,AZ,(480) 790-6523,,3.9,7,Research First,77,Website build candidate · no site in source,https://maps.google.com/?cid=13257585835743996853&g_mp=Cidnb29nbGUubWFwcy5wbGFjZXMudjEuUGxhY2VzLlNlYXJjaFRleHQQAhgEIAA,https://maps.google.com/?cid=13257585835743996853&g_mp=Cidnb29nbGUubWFwcy5wbGFjZXMudjEuUGxhY2VzLlNlYXJjaFRleHQQAhgEIAA,Jul 8 source has no website; search the business name and phone before calling.,2026-07-08,Phoenix trades call list · Jul 2026 | Phoenix pool/garage probe · Jul 8,,,,
175,Verify website first,Used Pool Pump Parts,Pool service,Phoenix,AZ,(602) 742-5345,,3.9,7,Research First,77,Website build candidate · no site in source,https://maps.google.com/?cid=3870223650947525686&g_mp=Cidnb29nbGUubWFwcy5wbGFjZXMudjEuUGxhY2VzLlNlYXJjaFRleHQQAhgEIAA,https://maps.google.com/?cid=3870223650947525686&g_mp=Cidnb29nbGUubWFwcy5wbGFjZXMudjEuUGxhY2VzLlNlYXJjaFRleHQQAhgEIAA,Jul 8 source has no website; search the business name and phone before calling.,2026-07-08,Phoenix pool/garage probe · Jul 8,,,,
176,Verify website first,Steve's Tile & Grout Cleaning of Scottsdale,tile and grout cleaning,Cave Creek,AZ,'+14808102107,,5,6,Research First,77,Website build candidate · no site linked on Google,https://www.google.com/maps/search/?api=1&query=Steve's%20Tile%20%26%20Grout%20Cleaning%20of%20Scottsdale&query_place_id=ChIJk0iplcd7K4cRn8n-9hYWkWE,https://www.google.com/maps/search/?api=1&query=Steve's%20Tile%20%26%20Grout%20Cleaning%20of%20Scottsdale&query_place_id=ChIJk0iplcd7K4cRn8n-9hYWkWE,Google profile had no website link on Jul 8; search for an independent official site before calling.,2026-07-08,Arizona service leads · Maps Jul 8 / audit Jul 9,,,,
177,Verify website first,Phoenix Appliance Repair,appliance repair,Phoenix,AZ,'+15204927485,,4.3,6,Research First,77,Website build candidate · no site linked on Google,https://www.google.com/maps/search/?api=1&query=Phoenix%20Appliance%20Repair&query_place_id=ChIJWSLBFT9uK4cRoBZ22BN7oCg,https://www.google.com/maps/search/?api=1&query=Phoenix%20Appliance%20Repair&query_place_id=ChIJWSLBFT9uK4cRoBZ22BN7oCg,Google profile had no website link on Jul 8; search for an independent official site before calling.,2026-07-08,Arizona service leads · Maps Jul 8 / audit Jul 9,,,,
178,Verify website first,Toms Valleywide Pools : Pool maintenance services and repairs,Pool service,Glendale,AZ,(480) 259-2060,,5,5,Research First,77,Website build candidate · no site in source,https://maps.google.com/?cid=1295899960911740696&g_mp=Cidnb29nbGUubWFwcy5wbGFjZXMudjEuUGxhY2VzLlNlYXJjaFRleHQQAhgEIAA,https://maps.google.com/?cid=1295899960911740696&g_mp=Cidnb29nbGUubWFwcy5wbGFjZXMudjEuUGxhY2VzLlNlYXJjaFRleHQQAhgEIAA,Jul 8 source has no website; search the business name and phone before calling.,2026-07-08,Phoenix pool/garage probe · Jul 8,,,,
179,Verify website first,"Sparkle & Shine House Cleaning Surprise, AZ",house cleaning,Surprise,AZ,'+16025713008,,4.4,5,Research First,77,Website build candidate · no owned domain found,https://www.google.com/maps/search/?api=1&query=Sparkle%20%26%20Shine%20House%20Cleaning%20Surprise%2C%20AZ&query_place_id=ChIJ0dw2h8BbK4cR3nK2dK6asYg,https://www.google.com/maps/search/?api=1&query=Sparkle%20%26%20Shine%20House%20Cleaning%20Surprise%2C%20AZ&query_place_id=ChIJ0dw2h8BbK4cR3nK2dK6asYg,Current search on 2026-07-20 surfaced active social and directory profiles but no owned website. Confirm once more immediately before the call.,2026-07-08,Arizona service leads · Maps Jul 8 / audit Jul 9,,,,
180,Verify website first,Dragon Pools,Pool service,Goodyear,AZ,(253) 355-6070,,5,4,Research First,77,Website build candidate · no site in source,https://maps.google.com/?cid=378581449875905608&g_mp=Cidnb29nbGUubWFwcy5wbGFjZXMudjEuUGxhY2VzLlNlYXJjaFRleHQQAhgEIAA,https://maps.google.com/?cid=378581449875905608&g_mp=Cidnb29nbGUubWFwcy5wbGFjZXMudjEuUGxhY2VzLlNlYXJjaFRleHQQAhgEIAA,Jul 8 source has no website; search the business name and phone before calling.,2026-07-08,Phoenix pool/garage probe · Jul 8,,,,
181,Verify website first,Gilbert Appliance Repair Service,appliance repair,Gilbert,AZ,'+13218328482,,5,4,Research First,77,Website build candidate · no site linked on Google,https://www.google.com/maps/search/?api=1&query=Gilbert%20Appliance%20Repair%20Service&query_place_id=ChIJvb20BgKpK4cRQL73D68xCSo,https://www.google.com/maps/search/?api=1&query=Gilbert%20Appliance%20Repair%20Service&query_place_id=ChIJvb20BgKpK4cRQL73D68xCSo,Google profile had no website link on Jul 8; search for an independent official site before calling.,2026-07-08,Arizona service leads · Maps Jul 8 / audit Jul 9,,,,
182,Verify website first,H H Pool Service And Repair,Pool service,Apache Junction,AZ,(480) 310-0373,,5,4,Research First,77,Website build candidate · no site in source,https://maps.google.com/?cid=11928685758043404706&g_mp=Cidnb29nbGUubWFwcy5wbGFjZXMudjEuUGxhY2VzLlNlYXJjaFRleHQQAhgEIAA,https://maps.google.com/?cid=11928685758043404706&g_mp=Cidnb29nbGUubWFwcy5wbGFjZXMudjEuUGxhY2VzLlNlYXJjaFRleHQQAhgEIAA,Jul 8 source has no website; search the business name and phone before calling.,2026-07-08,Phoenix pool/garage probe · Jul 8,,,,
183,Verify website first,Life Stride Three Zero Nine,Garage door service,Peoria,AZ,(928) 459-5898,,5,4,Research First,77,Website build candidate · no site in source,https://maps.google.com/?cid=14910882851206541424&g_mp=Cidnb29nbGUubWFwcy5wbGFjZXMudjEuUGxhY2VzLlNlYXJjaFRleHQQAhgEIAA,https://maps.google.com/?cid=14910882851206541424&g_mp=Cidnb29nbGUubWFwcy5wbGFjZXMudjEuUGxhY2VzLlNlYXJjaFRleHQQAhgEIAA,Jul 8 source has no website; search the business name and phone before calling.,2026-07-08,Phoenix pool/garage probe · Jul 8,,,,
184,Verify website first,Flores Pool Care,Pool service,Phoenix,AZ,(602) 879-1701,,5,3,Research First,77,Website build candidate · no site in source,https://maps.google.com/?cid=12886101155404200083&g_mp=Cidnb29nbGUubWFwcy5wbGFjZXMudjEuUGxhY2VzLlNlYXJjaFRleHQQAhgEIAA,https://maps.google.com/?cid=12886101155404200083&g_mp=Cidnb29nbGUubWFwcy5wbGFjZXMudjEuUGxhY2VzLlNlYXJjaFRleHQQAhgEIAA,Jul 8 source has no website; search the business name and phone before calling.,2026-07-08,Phoenix pool/garage probe · Jul 8,,,,
185,Verify website first,LiftPro Garage Door Scottsdale,Garage door service,Scottsdale,AZ,(480) 407-1615,,5,3,Research First,77,Website build candidate · no site in source,https://maps.google.com/?cid=8477020297617979370&g_mp=Cidnb29nbGUubWFwcy5wbGFjZXMudjEuUGxhY2VzLlNlYXJjaFRleHQQAhgEIAA,https://maps.google.com/?cid=8477020297617979370&g_mp=Cidnb29nbGUubWFwcy5wbGFjZXMudjEuUGxhY2VzLlNlYXJjaFRleHQQAhgEIAA,Jul 8 source has no website; search the business name and phone before calling.,2026-07-08,Phoenix pool/garage probe · Jul 8,,,,
186,Verify website first,Don's Pool Services,Pool service,Glendale,AZ,(623) 915-7804,,4.7,3,Reviews,77,Website build candidate · no site in source,https://maps.google.com/?cid=1174756010875064976&g_mp=Cidnb29nbGUubWFwcy5wbGFjZXMudjEuUGxhY2VzLlNlYXJjaFRleHQQAhgEIAA,https://maps.google.com/?cid=1174756010875064976&g_mp=Cidnb29nbGUubWFwcy5wbGFjZXMudjEuUGxhY2VzLlNlYXJjaFRleHQQAhgEIAA,Jul 8 source has no website; search the business name and phone before calling.,2026-07-08,Phoenix pool/garage probe · Jul 8,,,,
187,Verify website first,Waterbug Pool Service,Pool service,Apache Junction,AZ,(480) 735-1291,,4,3,Reviews,77,Website build candidate · no site in source,https://maps.google.com/?cid=608822356981966525&g_mp=Cidnb29nbGUubWFwcy5wbGFjZXMudjEuUGxhY2VzLlNlYXJjaFRleHQQAhgEIAA,https://maps.google.com/?cid=608822356981966525&g_mp=Cidnb29nbGUubWFwcy5wbGFjZXMudjEuUGxhY2VzLlNlYXJjaFRleHQQAhgEIAA,Jul 8 source has no website; search the business name and phone before calling.,2026-07-08,Phoenix pool/garage probe · Jul 8,,,,
188,Verify website first,Ember Overhead Door & Development,Garage door service,Laveen Village,AZ,(480) 447-9174,,5,2,Research First,77,Website build candidate · no site in source,https://maps.google.com/?cid=382035363564003332&g_mp=Cidnb29nbGUubWFwcy5wbGFjZXMudjEuUGxhY2VzLlNlYXJjaFRleHQQAhgEIAA,https://maps.google.com/?cid=382035363564003332&g_mp=Cidnb29nbGUubWFwcy5wbGFjZXMudjEuUGxhY2VzLlNlYXJjaFRleHQQAhgEIAA,Jul 8 source has no website; search the business name and phone before calling.,2026-07-08,Phoenix pool/garage probe · Jul 8,,,,
189,Verify website first,First Choice Garage Door's Repair,Garage door service,Queen Creek,AZ,(480) 790-7110,,5,2,Research First,77,Website build candidate · no site in source,https://maps.google.com/?cid=3320263107328528018&g_mp=Cidnb29nbGUubWFwcy5wbGFjZXMudjEuUGxhY2VzLlNlYXJjaFRleHQQAhgEIAA,https://maps.google.com/?cid=3320263107328528018&g_mp=Cidnb29nbGUubWFwcy5wbGFjZXMudjEuUGxhY2VzLlNlYXJjaFRleHQQAhgEIAA,Jul 8 source has no website; search the business name and phone before calling.,2026-07-08,Phoenix pool/garage probe · Jul 8,,,,
190,Verify website first,Scottsdale Door Repair Solutions,Garage door service,Scottsdale,AZ,(480) 637-4173,,5,2,Research First,77,Website build candidate · no site in source,https://maps.google.com/?cid=14146127519412961514&g_mp=Cidnb29nbGUubWFwcy5wbGFjZXMudjEuUGxhY2VzLlNlYXJjaFRleHQQAhgEIAA,https://maps.google.com/?cid=14146127519412961514&g_mp=Cidnb29nbGUubWFwcy5wbGFjZXMudjEuUGxhY2VzLlNlYXJjaFRleHQQAhgEIAA,Jul 8 source has no website; search the business name and phone before calling.,2026-07-08,Phoenix pool/garage probe · Jul 8,,,,
191,Verify website first,Arrow-Tree Olive Spraying,Tree service,Phoenix,AZ,'+1 602-369-8733,,5,2,Research First,57,No website in vendor source · manual check required,"https://www.google.com/maps/place/Arrow-Tree+Olive+Spraying/@33.5052355,-112.02874489999999,14z/data=!4m8!1m2!2m1!1sArrow-Tree+Olive+Spraying!3m4!1s0x872b0d720938458f:0xe27abc6d1ad0c990!8m2!3d33.5052355!4d-112.02874489999999","https://www.google.com/maps/place/Arrow-Tree+Olive+Spraying/@33.5052355,-112.02874489999999,14z/data=!4m8!1m2!2m1!1sArrow-Tree+Olive+Spraying!3m4!1s0x872b0d720938458f:0xe27abc6d1ad0c990!8m2!3d33.5052355!4d-112.02874489999999",Source record only; verify immediately before outreach.,2026-05-15,Tree-service Outscraper · May 15,,,,
192,Verify website first,Maricopa Pool Marshall,Pool service,Maricopa,AZ,(520) 261-6821,,3.5,2,Research First,77,Website build candidate · no site in source,https://maps.google.com/?cid=12374273186119180111&g_mp=Cidnb29nbGUubWFwcy5wbGFjZXMudjEuUGxhY2VzLlNlYXJjaFRleHQQAhgEIAA,https://maps.google.com/?cid=12374273186119180111&g_mp=Cidnb29nbGUubWFwcy5wbGFjZXMudjEuUGxhY2VzLlNlYXJjaFRleHQQAhgEIAA,Jul 8 source has no website; search the business name and phone before calling.,2026-07-08,Phoenix pool/garage probe · Jul 8,,,,
193,Verify website first,Owens Pool Service,Pool service,Maricopa,AZ,(520) 450-3324,,5,1,Research First,77,Website build candidate · no site in source,https://maps.google.com/?cid=560777837402569205&g_mp=Cidnb29nbGUubWFwcy5wbGFjZXMudjEuUGxhY2VzLlNlYXJjaFRleHQQAhgEIAA,https://maps.google.com/?cid=560777837402569205&g_mp=Cidnb29nbGUubWFwcy5wbGFjZXMudjEuUGxhY2VzLlNlYXJjaFRleHQQAhgEIAA,Jul 8 source has no website; search the business name and phone before calling.,2026-07-08,Phoenix pool/garage probe · Jul 8,,,,
194,Verify website first,"Reef Pool Company, LLC",Pool service,Cave Creek,AZ,(602) 367-1588,,5,1,Research First,77,Website build candidate · no site in source,https://maps.google.com/?cid=2360335751027525234&g_mp=Cidnb29nbGUubWFwcy5wbGFjZXMudjEuUGxhY2VzLlNlYXJjaFRleHQQAhgEIAA,https://maps.google.com/?cid=2360335751027525234&g_mp=Cidnb29nbGUubWFwcy5wbGFjZXMudjEuUGxhY2VzLlNlYXJjaFRleHQQAhgEIAA,Jul 8 source has no website; search the business name and phone before calling.,2026-07-08,Phoenix pool/garage probe · Jul 8,,,,
195,Verify website first,Anderson's landscaping LLC,Contractor,Phoenix,AZ,'+1 480-708-0221,,5,1,Research First,57,No website in vendor source · manual check required,"https://www.google.com/maps/place/Anderson%27s+landscaping+LLC/@33.647560999999996,-112.03184789999999,14z/data=!4m8!1m2!2m1!1sAnderson%27s+landscaping+LLC!3m4!1s0x872b71c3971aaaab:0xa141bbb1b9801896!8m2!3d33.647560999999996!4d-112.03184789999999","https://www.google.com/maps/place/Anderson%27s+landscaping+LLC/@33.647560999999996,-112.03184789999999,14z/data=!4m8!1m2!2m1!1sAnderson%27s+landscaping+LLC!3m4!1s0x872b71c3971aaaab:0xa141bbb1b9801896!8m2!3d33.647560999999996!4d-112.03184789999999",Source record only; verify immediately before outreach.,2026-05-15,Tree-service Outscraper · May 15,,,,
196,Verify website first,Tree Specialty,Tree service,Phoenix,AZ,'+1 623-229-7144,,5,1,Research First,57,No website in vendor source · manual check required,"https://www.google.com/maps/place/Tree+Specialty/@33.4821688,-111.99936129999999,14z/data=!4m8!1m2!2m1!1sTree+Specialty!3m4!1s0x872b0daa17b0c5f1:0x393a1debb4a62894!8m2!3d33.4821688!4d-111.99936129999999","https://www.google.com/maps/place/Tree+Specialty/@33.4821688,-111.99936129999999,14z/data=!4m8!1m2!2m1!1sTree+Specialty!3m4!1s0x872b0daa17b0c5f1:0x393a1debb4a62894!8m2!3d33.4821688!4d-111.99936129999999",Source record only; verify immediately before outreach.,2026-05-15,Tree-service Outscraper · May 15,,,,
197,Verify website first,Scotty's Pools,Pool service,Tempe,AZ,(602) 741-3637,,4,1,Reviews,77,Website build candidate · no site in source,https://maps.google.com/?cid=3694775784527400042&g_mp=Cidnb29nbGUubWFwcy5wbGFjZXMudjEuUGxhY2VzLlNlYXJjaFRleHQQAhgEIAA,https://maps.google.com/?cid=3694775784527400042&g_mp=Cidnb29nbGUubWFwcy5wbGFjZXMudjEuUGxhY2VzLlNlYXJjaFRleHQQAhgEIAA,Jul 8 source has no website; search the business name and phone before calling.,2026-07-08,Phoenix pool/garage probe · Jul 8,,,,
198,Verify website first,Marvin lanscaping,Servicio de limpieza,Phoenix,AZ,'+1 602-575-7958,,1,1,Research First,57,No website in vendor source · manual check required,"https://www.google.com/maps/place/Marvin+lanscaping/@33.6386651,-112.02354849999999,14z/data=!4m8!1m2!2m1!1sMarvin+lanscaping!3m4!1s0x872b7190d083b77d:0x6c2669571821179e!8m2!3d33.6386651!4d-112.02354849999999","https://www.google.com/maps/place/Marvin+lanscaping/@33.6386651,-112.02354849999999,14z/data=!4m8!1m2!2m1!1sMarvin+lanscaping!3m4!1s0x872b7190d083b77d:0x6c2669571821179e!8m2!3d33.6386651!4d-112.02354849999999",Source record only; verify immediately before outreach.,2026-05-15,Tree-service Outscraper · May 15,,,,
199,Verify website first,A Quality Electric,Electrician,Phoenix,AZ,'+1 602-867-0806,,3.6,23,Research First,61,No website in source · manual check required,https://www.google.com/search?q=A%20Quality%20Electric%20Phoenix%20AZ%20%2B1%20602-867-0806,,Source record only; verify immediately before outreach.,2026-07,Phoenix trades call list · Jul 2026,,,,
200,Verify website first,Pez’s Appliance Works LLC,Appliance repair service,Avondale,AZ,'+1 602-492-0000,,2,23,Research First,61,No website in source · manual check required,https://www.google.com/search?q=Pez%E2%80%99s%20Appliance%20Works%20LLC%20Avondale%20AZ%20%2B1%20602-492-0000,,Source record only; verify immediately before outreach.,2026-07,Phoenix trades call list · Jul 2026,,,,
201,Verify website first,"Polaris Refrigeration, Inc.",Air conditioning contractor,Phoenix,AZ,'+1 602-484-4519,,3.5,20,Research First,61,No website in source · manual check required,https://www.google.com/search?q=Polaris%20Refrigeration%2C%20Inc.%20Phoenix%20AZ%20%2B1%20602-484-4519,,Source record only; verify immediately before outreach.,2026-07,Phoenix trades call list · Jul 2026,,,,
202,Verify website first,Legacy Roofing,Roofing contractor,Glendale,AZ,'+1 623-581-0274,,3.5,13,Research First,61,No website in source · manual check required,https://www.google.com/search?q=Legacy%20Roofing%20Glendale%20AZ%20%2B1%20623-581-0274,,Source record only; verify immediately before outreach.,2026-07,Phoenix trades call list · Jul 2026,,,,
203,Verify website first,WEST VALLEY REPAIR SERVICE LLC,Air conditioning contractor,Avondale,AZ,'+1 623-225-4055,,3.8,12,Research First,61,No website in source · manual check required,https://www.google.com/search?q=WEST%20VALLEY%20REPAIR%20SERVICE%20LLC%20Avondale%20AZ%20%2B1%20623-225-4055,,Source record only; verify immediately before outreach.,2026-07,Phoenix trades call list · Jul 2026,,,,
204,Verify website first,Abco Roofing,Roofing contractor,Peoria,AZ,'+1 602-348-5207,,3.7,11,Research First,61,No website in source · manual check required,https://www.google.com/search?q=Abco%20Roofing%20Peoria%20AZ%20%2B1%20602-348-5207,,Source record only; verify immediately before outreach.,2026-07,Phoenix trades call list · Jul 2026,,,,
205,Verify website first,Connect Electrical Co,Electrician,Phoenix,AZ,'+1 602-536-5018,,3,11,Research First,61,No website in source · manual check required,https://www.google.com/search?q=Connect%20Electrical%20Co%20Phoenix%20AZ%20%2B1%20602-536-5018,,Source record only; verify immediately before outreach.,2026-07,Phoenix trades call list · Jul 2026,,,,
206,Verify website first,PAINTERS INK LLC,Painter,Surprise,AZ,'+1 602-405-1781,,3.8,10,Research First,61,No website in source · manual check required,https://www.google.com/search?q=PAINTERS%20INK%20LLC%20Surprise%20AZ%20%2B1%20602-405-1781,,Source record only; verify immediately before outreach.,2026-07,Phoenix trades call list · Jul 2026,,,,
207,Verify website first,Anthem Electric,Electrician,Phoenix,AZ,'+1 602-669-3809,,5,9,Research First,57,No website in source · manual check required,https://www.google.com/search?q=Anthem%20Electric%20Phoenix%20AZ%20%2B1%20602-669-3809,,Source record only; verify immediately before outreach.,2026-07,Phoenix trades call list · Jul 2026,,,,
208,Verify website first,New River Air Conditioning,HVAC contractor,Phoenix area - exact city unknown,AZ,'+1 602-786-8286,,5,9,Research First,57,No website in source · manual check required,https://www.google.com/search?q=New%20River%20Air%20Conditioning%20AZ%20%2B1%20602-786-8286,,Source record only; verify immediately before outreach.,2026-07,Phoenix trades call list · Jul 2026,,,,
209,Verify website first,Pino's Contracting & Home,General contractor,Buckeye,AZ,'+1 623-853-1954,,3.4,9,Research First,57,No website in source · manual check required,https://www.google.com/search?q=Pino's%20Contracting%20%26%20Home%20Buckeye%20AZ%20%2B1%20623-853-1954,,Source record only; verify immediately before outreach.,2026-07,Phoenix trades call list · Jul 2026,,,,
210,Verify website first,LeForce Painting,Painting,Phoenix area - exact city unknown,AZ,'+1 623-734-7894,,5,8,Research First,57,No website in source · manual check required,https://www.google.com/search?q=LeForce%20Painting%20AZ%20%2B1%20623-734-7894,,Source record only; verify immediately before outreach.,2026-07,Phoenix trades call list · Jul 2026,,,,
211,Verify website first,PFM Roofing,Roofing contractor,Phoenix area - exact city unknown,AZ,'+1 480-274-1940,,5,8,Research First,57,No website in source · manual check required,https://www.google.com/search?q=PFM%20Roofing%20AZ%20%2B1%20480-274-1940,,Source record only; verify immediately before outreach.,2026-07,Phoenix trades call list · Jul 2026,,,,
212,Verify website first,Thomas Electrical Contractors,Electrician,Phoenix,AZ,'+1 602-268-8620,,4.5,8,Reviews,57,No website in source · manual check required,https://www.google.com/search?q=Thomas%20Electrical%20Contractors%20Phoenix%20AZ%20%2B1%20602-268-8620,,Source record only; verify immediately before outreach.,2026-07,Phoenix trades call list · Jul 2026,,,,
213,Verify website first,Advance Roofing Systems,Roofing contractor,Goodyear,AZ,'+1 602-540-4019,,4,8,Reviews,57,No website in source · manual check required,https://www.google.com/search?q=Advance%20Roofing%20Systems%20Goodyear%20AZ%20%2B1%20602-540-4019,,Source record only; verify immediately before outreach.,2026-07,Phoenix trades call list · Jul 2026,,,,
214,Verify website first,Prime Electric Co.,Electrician,Phoenix,AZ,'+1 602-313-3679,,4,8,Reviews,57,No website in source · manual check required,https://www.google.com/search?q=Prime%20Electric%20Co.%20Phoenix%20AZ%20%2B1%20602-313-3679,,Source record only; verify immediately before outreach.,2026-07,Phoenix trades call list · Jul 2026,,,,
215,Verify website first,S&J Precision Paint LLC,Painting,Buckeye,AZ,'+1 623-523-7110,,5,7,Research First,57,No website in source · manual check required,https://www.google.com/search?q=S%26J%20Precision%20Paint%20LLC%20Buckeye%20AZ%20%2B1%20623-523-7110,,Source record only; verify immediately before outreach.,2026-07,Phoenix trades call list · Jul 2026,,,,
216,Verify website first,TWC Painting & Drywall LLC.,Painting,Phoenix area - exact city unknown,AZ,'+1 602-620-2128,,5,7,Research First,57,No website in source · manual check required,https://www.google.com/search?q=TWC%20Painting%20%26%20Drywall%20LLC.%20AZ%20%2B1%20602-620-2128,,Source record only; verify immediately before outreach.,2026-07,Phoenix trades call list · Jul 2026,,,,
217,Verify website first,Jump Electric,Electrician,Phoenix,AZ,'+1 602-536-5020,,4.6,7,Reviews,57,No website in source · manual check required,https://www.google.com/search?q=Jump%20Electric%20Phoenix%20AZ%20%2B1%20602-536-5020,,Source record only; verify immediately before outreach.,2026-07,Phoenix trades call list · Jul 2026,,,,
218,Verify website first,Alexander Juarez Painting LLC,Painter,Phoenix area - exact city unknown,AZ,'+1 602-878-2439,,5,6,Research First,57,No website in source · manual check required,https://www.google.com/search?q=Alexander%20Juarez%20Painting%20LLC%20AZ%20%2B1%20602-878-2439,,Source record only; verify immediately before outreach.,2026-07,Phoenix trades call list · Jul 2026,,,,
219,Verify website first,Grand Electric Phoenix,Electrician,Phoenix,AZ,'+1 602-669-4875,,5,6,Research First,57,No website in source · manual check required,https://www.google.com/search?q=Grand%20Electric%20Phoenix%20Phoenix%20AZ%20%2B1%20602-669-4875,,Source record only; verify immediately before outreach.,2026-07,Phoenix trades call list · Jul 2026,,,,
220,Verify website first,IC Painting,Painter,Phoenix area - exact city unknown,AZ,'+1 602-882-9494,,5,6,Research First,57,No website in source · manual check required,https://www.google.com/search?q=IC%20Painting%20AZ%20%2B1%20602-882-9494,,Source record only; verify immediately before outreach.,2026-07,Phoenix trades call list · Jul 2026,,,,
221,Verify website first,Navarrete Electric DBA,Electrician,Avondale,AZ,'+1 480-406-1694,,5,6,Research First,57,No website in source · manual check required,https://www.google.com/search?q=Navarrete%20Electric%20DBA%20Avondale%20AZ%20%2B1%20480-406-1694,,Source record only; verify immediately before outreach.,2026-07,Phoenix trades call list · Jul 2026,,,,
222,Verify website first,"Plumbers Near Me, Water Heater, and Plumbing Services of Phoenix",Plumber,Phoenix,AZ,'+1 602-887-0240,,5,6,Research First,57,No website in source · manual check required,https://www.google.com/search?q=Plumbers%20Near%20Me%2C%20Water%20Heater%2C%20and%20Plumbing%20Services%20of%20Phoenix%20Phoenix%20AZ%20%2B1%20602-887-0240,,Source record only; verify immediately before outreach.,2026-07,Phoenix trades call list · Jul 2026,,,,
223,Verify website first,"US Comfort Air Conditioning, LLC",HVAC contractor,Phoenix area - exact city unknown,AZ,'+1 602-434-7180,,5,6,Research First,57,No website in source · manual check required,https://www.google.com/search?q=US%20Comfort%20Air%20Conditioning%2C%20LLC%20AZ%20%2B1%20602-434-7180,,Source record only; verify immediately before outreach.,2026-07,Phoenix trades call list · Jul 2026,,,,
224,Verify website first,Aaron’s Paints,Painting,Phoenix area - exact city unknown,AZ,'+1 623-850-6939,,5,5,Research First,57,No website in source · manual check required,https://www.google.com/search?q=Aaron%E2%80%99s%20Paints%20AZ%20%2B1%20623-850-6939,,Source record only; verify immediately before outreach.,2026-07,Phoenix trades call list · Jul 2026,,,,
225,Verify website first,Grand Electric LLC,Electrician,Phoenix,AZ,'+1 928-264-4961,,5,5,Research First,57,No website in source · manual check required,https://www.google.com/search?q=Grand%20Electric%20LLC%20Phoenix%20AZ%20%2B1%20928-264-4961,,Source record only; verify immediately before outreach.,2026-07,Phoenix trades call list · Jul 2026,,,,
226,Verify website first,Mc Electric,Electric motor repair shop,Phoenix,AZ,'+1 602-272-6775,,5,5,Research First,57,No website in source · manual check required,https://www.google.com/search?q=Mc%20Electric%20Phoenix%20AZ%20%2B1%20602-272-6775,,Source record only; verify immediately before outreach.,2026-07,Phoenix trades call list · Jul 2026,,,,
227,Verify website first,"NB Magic Painting, LLC.",Painting,Phoenix,AZ,'+1 480-295-9032,,5,5,Research First,57,No website in source · manual check required,https://www.google.com/search?q=NB%20Magic%20Painting%2C%20LLC.%20Phoenix%20AZ%20%2B1%20480-295-9032,,Source record only; verify immediately before outreach.,2026-07,Phoenix trades call list · Jul 2026,,,,
228,Verify website first,Preferred Electrical,Electrician,Surprise,AZ,'+1 909-800-5923,,5,5,Research First,57,No website in source · manual check required,https://www.google.com/search?q=Preferred%20Electrical%20Surprise%20AZ%20%2B1%20909-800-5923,,Source record only; verify immediately before outreach.,2026-07,Phoenix trades call list · Jul 2026,,,,
229,Verify website first,Prime HVAC contractor,HVAC contractor,Goodyear,AZ,'+1 623-920-0074,,4.8,5,Reviews,57,No website in source · manual check required,https://www.google.com/search?q=Prime%20HVAC%20contractor%20Goodyear%20AZ%20%2B1%20623-920-0074,,Source record only; verify immediately before outreach.,2026-07,Phoenix trades call list · Jul 2026,,,,
230,Verify website first,"""FINAL TOUCH PAINTING, LLC / Quality Contractors, LLC"" Minor Home Improvements ""A Sun City Contractor""",Painting,Phoenix area - exact city unknown,AZ,'+1 623-878-8427,,4.4,5,Reviews,57,No website in source · manual check required,https://www.google.com/search?q=%22FINAL%20TOUCH%20PAINTING%2C%20LLC%20%2F%20Quality%20Contractors%2C%20LLC%22%20Minor%20Home%20Improvements%20%22A%20Sun%20City%20Contractor%22%20AZ%20%2B1%20623-878-8427,,Source record only; verify immediately before outreach.,2026-07,Phoenix trades call list · Jul 2026,,,,
231,Verify website first,A Call Painting,Contractor,Goodyear,AZ,'+1 602-422-3648,,4.2,5,Reviews,57,No website in source · manual check required,https://www.google.com/search?q=A%20Call%20Painting%20Goodyear%20AZ%20%2B1%20602-422-3648,,Source record only; verify immediately before outreach.,2026-07,Phoenix trades call list · Jul 2026,,,,
232,Verify website first,Moran Plumbing LLC,Contractor,Buckeye,AZ,'+1 623-293-7095,,1.8,5,Research First,57,No website in source · manual check required,https://www.google.com/search?q=Moran%20Plumbing%20LLC%20Buckeye%20AZ%20%2B1%20623-293-7095,,Source record only; verify immediately before outreach.,2026-07,Phoenix trades call list · Jul 2026,,,,
233,Verify website first,Phx General Construction Llc,General contractor,Phoenix area - exact city unknown,AZ,'+1 602-486-7041,,5,4,Research First,57,No website in source · manual check required,https://www.google.com/search?q=Phx%20General%20Construction%20Llc%20AZ%20%2B1%20602-486-7041,,Source record only; verify immediately before outreach.,2026-07,Phoenix trades call list · Jul 2026,,,,
234,Verify website first,Power Electric of Phoenix,Electrician,Phoenix,AZ,'+1 602-894-0611,,5,4,Research First,57,No website in source · manual check required,https://www.google.com/search?q=Power%20Electric%20of%20Phoenix%20Phoenix%20AZ%20%2B1%20602-894-0611,,Source record only; verify immediately before outreach.,2026-07,Phoenix trades call list · Jul 2026,,,,
235,Verify website first,Quality HVAC Repair Phoenix,HVAC contractor,Phoenix,AZ,'+1 480-210-9778,,5,4,Research First,57,No website in source · manual check required,https://www.google.com/search?q=Quality%20HVAC%20Repair%20Phoenix%20Phoenix%20AZ%20%2B1%20480-210-9778,,Source record only; verify immediately before outreach.,2026-07,Phoenix trades call list · Jul 2026,,,,
236,Verify website first,Spark Electric Inc,Electrician,Surprise,AZ,'+1 520-581-8140,,5,4,Research First,57,No website in source · manual check required,https://www.google.com/search?q=Spark%20Electric%20Inc%20Surprise%20AZ%20%2B1%20520-581-8140,,Source record only; verify immediately before outreach.,2026-07,Phoenix trades call list · Jul 2026,,,,
237,Verify website first,State Electrical Contractors,Electrician,Phoenix area - exact city unknown,AZ,'+1 480-837-9765,,5,4,Research First,57,No website in source · manual check required,https://www.google.com/search?q=State%20Electrical%20Contractors%20AZ%20%2B1%20480-837-9765,,Source record only; verify immediately before outreach.,2026-07,Phoenix trades call list · Jul 2026,,,,
238,Verify website first,Tino's Painting LLC,Painting,Phoenix area - exact city unknown,AZ,'+1 602-318-1553,,5,4,Research First,57,No website in source · manual check required,https://www.google.com/search?q=Tino's%20Painting%20LLC%20AZ%20%2B1%20602-318-1553,,Source record only; verify immediately before outreach.,2026-07,Phoenix trades call list · Jul 2026,,,,
239,Verify website first,TRACK - Smarter Home Air Conditioning Phoenix,HVAC contractor,Phoenix,AZ,'+1 602-962-8722,,5,4,Research First,57,No website in source · manual check required,https://www.google.com/search?q=TRACK%20-%20Smarter%20Home%20Air%20Conditioning%20Phoenix%20Phoenix%20AZ%20%2B1%20602-962-8722,,Source record only; verify immediately before outreach.,2026-07,Phoenix trades call list · Jul 2026,,,,
240,Verify website first,Tymeson Electric,Electrician,Goodyear,AZ,'+1 623-293-3478,,5,4,Research First,57,No website in source · manual check required,https://www.google.com/search?q=Tymeson%20Electric%20Goodyear%20AZ%20%2B1%20623-293-3478,,Source record only; verify immediately before outreach.,2026-07,Phoenix trades call list · Jul 2026,,,,
241,Verify website first,Universal HVAC Repair Buckeye AZ,HVAC contractor,Buckeye,AZ,'+1 623-469-6427,,5,4,Research First,57,No website in source · manual check required,https://www.google.com/search?q=Universal%20HVAC%20Repair%20Buckeye%20AZ%20Buckeye%20AZ%20%2B1%20623-469-6427,,Source record only; verify immediately before outreach.,2026-07,Phoenix trades call list · Jul 2026,,,,
242,Verify website first,CID Electrical Arizona LLC,Electrician,Surprise,AZ,'+1 623-255-0366,,4.8,4,Reviews,57,No website in source · manual check required,https://www.google.com/search?q=CID%20Electrical%20Arizona%20LLC%20Surprise%20AZ%20%2B1%20623-255-0366,,Source record only; verify immediately before outreach.,2026-07,Phoenix trades call list · Jul 2026,,,,
243,Verify website first,Shon’s Electrical Services,Electrician,Phoenix area - exact city unknown,AZ,'+1 623-292-9909,,4.3,4,Reviews,57,No website in source · manual check required,https://www.google.com/search?q=Shon%E2%80%99s%20Electrical%20Services%20AZ%20%2B1%20623-292-9909,,Source record only; verify immediately before outreach.,2026-07,Phoenix trades call list · Jul 2026,,,,
244,Verify website first,Desert Royal Painting,Painter,Phoenix area - exact city unknown,AZ,'+1 602-723-2420,,4,4,Reviews,57,No website in source · manual check required,https://www.google.com/search?q=Desert%20Royal%20Painting%20AZ%20%2B1%20602-723-2420,,Source record only; verify immediately before outreach.,2026-07,Phoenix trades call list · Jul 2026,,,,
245,Verify website first,Star's Roofing Llc,Roofing contractor,Phoenix area - exact city unknown,AZ,'+1 602-614-6356,,4,4,Reviews,57,No website in source · manual check required,https://www.google.com/search?q=Star's%20Roofing%20Llc%20AZ%20%2B1%20602-614-6356,,Source record only; verify immediately before outreach.,2026-07,Phoenix trades call list · Jul 2026,,,,
246,Verify website first,Waddell AC Repair,HVAC contractor,Phoenix area - exact city unknown,AZ,'+1 623-244-4361,,4,4,Reviews,57,No website in source · manual check required,https://www.google.com/search?q=Waddell%20AC%20Repair%20AZ%20%2B1%20623-244-4361,,Source record only; verify immediately before outreach.,2026-07,Phoenix trades call list · Jul 2026,,,,
247,Verify website first,Abel's Roofing Repair.,Roofing contractor,Phoenix,AZ,'+1 602-574-2760,,3,4,Research First,57,No website in source · manual check required,https://www.google.com/search?q=Abel's%20Roofing%20Repair.%20Phoenix%20AZ%20%2B1%20602-574-2760,,Source record only; verify immediately before outreach.,2026-07,Phoenix trades call list · Jul 2026,,,,
248,Verify website first,B&B Propainting,Painter,Avondale,AZ,'+1 385-207-9562,,5,3,Research First,57,No website in source · manual check required,https://www.google.com/search?q=B%26B%20Propainting%20Avondale%20AZ%20%2B1%20385-207-9562,,Source record only; verify immediately before outreach.,2026-07,Phoenix trades call list · Jul 2026,,,,
249,Verify website first,Cardinal Electric Surprise,Electrician,Phoenix area - exact city unknown,AZ,'+1 623-387-4935,,5,3,Research First,57,No website in source · manual check required,https://www.google.com/search?q=Cardinal%20Electric%20Surprise%20AZ%20%2B1%20623-387-4935,,Source record only; verify immediately before outreach.,2026-07,Phoenix trades call list · Jul 2026,,,,
250,Verify website first,color crafters painting LLC,Painting,Buckeye,AZ,'+1 602-471-5473,,5,3,Research First,57,No website in source · manual check required,https://www.google.com/search?q=color%20crafters%20painting%20LLC%20Buckeye%20AZ%20%2B1%20602-471-5473,,Source record only; verify immediately before outreach.,2026-07,Phoenix trades call list · Jul 2026,,,,
251,Verify website first,Escalante's Plumbing,Plumber,Phoenix,AZ,'+1 602-758-8442,,5,3,Research First,57,No website in source · manual check required,https://www.google.com/search?q=Escalante's%20Plumbing%20Phoenix%20AZ%20%2B1%20602-758-8442,,Source record only; verify immediately before outreach.,2026-07,Phoenix trades call list · Jul 2026,,,,
252,Verify website first,Exquisite Painting,Painter,Phoenix area - exact city unknown,AZ,'+1 623-451-6088,,5,3,Research First,57,No website in source · manual check required,https://www.google.com/search?q=Exquisite%20Painting%20AZ%20%2B1%20623-451-6088,,Source record only; verify immediately before outreach.,2026-07,Phoenix trades call list · Jul 2026,,,,
253,Verify website first,Goodyear Air Conditioning & Heater Repair | Free Estimates,HVAC contractor,Phoenix area - exact city unknown,AZ,'+1 623-777-9448,,5,3,Research First,57,No website in source · manual check required,https://www.google.com/search?q=Goodyear%20Air%20Conditioning%20%26%20Heater%20Repair%20%7C%20Free%20Estimates%20AZ%20%2B1%20623-777-9448,,Source record only; verify immediately before outreach.,2026-07,Phoenix trades call list · Jul 2026,,,,
254,Verify website first,JORGE ROOFING,Roofing contractor,Phoenix,AZ,'+1 602-687-3230,,5,3,Research First,57,No website in source · manual check required,https://www.google.com/search?q=JORGE%20ROOFING%20Phoenix%20AZ%20%2B1%20602-687-3230,,Source record only; verify immediately before outreach.,2026-07,Phoenix trades call list · Jul 2026,,,,
255,Verify website first,Kad Electric Co,Electrician,Surprise,AZ,'+1 623-278-2622,,5,3,Research First,57,No website in source · manual check required,https://www.google.com/search?q=Kad%20Electric%20Co%20Surprise%20AZ%20%2B1%20623-278-2622,,Source record only; verify immediately before outreach.,2026-07,Phoenix trades call list · Jul 2026,,,,
256,Verify website first,Rightway Electrical Inc,Electrician,Avondale,AZ,'+1 623-224-5050,,5,3,Research First,57,No website in source · manual check required,https://www.google.com/search?q=Rightway%20Electrical%20Inc%20Avondale%20AZ%20%2B1%20623-224-5050,,Source record only; verify immediately before outreach.,2026-07,Phoenix trades call list · Jul 2026,,,,
257,Verify website first,Voita Painting Company LLC,Painter,Phoenix area - exact city unknown,AZ,'+1 480-356-7736,,5,3,Research First,57,No website in source · manual check required,https://www.google.com/search?q=Voita%20Painting%20Company%20LLC%20AZ%20%2B1%20480-356-7736,,Source record only; verify immediately before outreach.,2026-07,Phoenix trades call list · Jul 2026,,,,
258,Verify website first,Active Air Duct Co.,Cleaners,Waddell,AZ,'+1 602-362-6887,,5,3,Research First,47,No website in source · manual check required,https://www.google.com/search?q=Active%20Air%20Duct%20Co.%20Waddell%20AZ%20%2B1%20602-362-6887,,Source record only; verify immediately before outreach.,2026-07,Phoenix trades call list · Jul 2026,,,,
259,Verify website first,Veteran HVAC Services LLC,Air conditioning repair service,Phoenix area - exact city unknown,AZ,'+1 602-638-6433,,5,3,Research First,47,No website in source · manual check required,https://www.google.com/search?q=Veteran%20HVAC%20Services%20LLC%20AZ%20%2B1%20602-638-6433,,Source record only; verify immediately before outreach.,2026-07,Phoenix trades call list · Jul 2026,,,,
260,Verify website first,Riggs Garage Door Service,Garage door supplier,Phoenix area - exact city unknown,AZ,'+1 480-708-0689,,4.7,3,Reviews,57,No website in source · manual check required,https://www.google.com/search?q=Riggs%20Garage%20Door%20Service%20AZ%20%2B1%20480-708-0689,,Source record only; verify immediately before outreach.,2026-07,Phoenix trades call list · Jul 2026,,,,
261,Verify website first,Coldwater Plumbing,Plumber,Buckeye,AZ,'+1 602-317-6419,,2.7,3,Research First,57,No website in source · manual check required,https://www.google.com/search?q=Coldwater%20Plumbing%20Buckeye%20AZ%20%2B1%20602-317-6419,,Source record only; verify immediately before outreach.,2026-07,Phoenix trades call list · Jul 2026,,,,
262,Verify website first,Bright Electric Phoenix,Electrician,Phoenix,AZ,'+1 520-337-8053,,1,3,Research First,57,No website in source · manual check required,https://www.google.com/search?q=Bright%20Electric%20Phoenix%20Phoenix%20AZ%20%2B1%20520-337-8053,,Source record only; verify immediately before outreach.,2026-07,Phoenix trades call list · Jul 2026,,,,
263,Verify website first,24 HR Emergency Plumber Phoenix Inc,Plumber,Phoenix,AZ,'+1 602-806-7614,,5,2,Research First,57,No website in source · manual check required,https://www.google.com/search?q=24%20HR%20Emergency%20Plumber%20Phoenix%20Inc%20Phoenix%20AZ%20%2B1%20602-806-7614,,Source record only; verify immediately before outreach.,2026-07,Phoenix trades call list · Jul 2026,,,,
264,Verify website first,AC Repair Specialists,HVAC contractor,Phoenix,AZ,'+1 602-731-3234,,5,2,Research First,57,No website in source · manual check required,https://www.google.com/search?q=AC%20Repair%20Specialists%20Phoenix%20AZ%20%2B1%20602-731-3234,,Source record only; verify immediately before outreach.,2026-07,Phoenix trades call list · Jul 2026,,,,
265,Verify website first,Ace Refrigeration & HVAC,Air conditioning contractor,Phoenix area - exact city unknown,AZ,'+1 623-205-2528,,5,2,Research First,57,No website in source · manual check required,https://www.google.com/search?q=Ace%20Refrigeration%20%26%20HVAC%20AZ%20%2B1%20623-205-2528,,Source record only; verify immediately before outreach.,2026-07,Phoenix trades call list · Jul 2026,,,,
266,Verify website first,Always Painting,Painter,Tolleson,AZ,'+1 602-429-9110,,5,2,Research First,57,No website in source · manual check required,https://www.google.com/search?q=Always%20Painting%20Tolleson%20AZ%20%2B1%20602-429-9110,,Source record only; verify immediately before outreach.,2026-07,Phoenix trades call list · Jul 2026,,,,
267,Verify website first,ARB Roofing Remodeling,Roofing contractor,Phoenix,AZ,'+1 602-790-8208,,5,2,Research First,57,No website in source · manual check required,https://www.google.com/search?q=ARB%20Roofing%20Remodeling%20Phoenix%20AZ%20%2B1%20602-790-8208,,Source record only; verify immediately before outreach.,2026-07,Phoenix trades call list · Jul 2026,,,,
268,Verify website first,Arizona pro painting LLC,Painting,Phoenix area - exact city unknown,AZ,'+1 602-930-2136,,5,2,Research First,57,No website in source · manual check required,https://www.google.com/search?q=Arizona%20pro%20painting%20LLC%20AZ%20%2B1%20602-930-2136,,Source record only; verify immediately before outreach.,2026-07,Phoenix trades call list · Jul 2026,,,,
269,Verify website first,AZ Home Services Group AC Repair & Plumbing Services of Peoria,HVAC contractor,Peoria,AZ,'+1 623-335-4835,,5,2,Research First,57,No website in source · manual check required,https://www.google.com/search?q=AZ%20Home%20Services%20Group%20AC%20Repair%20%26%20Plumbing%20Services%20of%20Peoria%20Peoria%20AZ%20%2B1%20623-335-4835,,Source record only; verify immediately before outreach.,2026-07,Phoenix trades call list · Jul 2026,,,,
270,Verify website first,Blue Planet Painting LLC,Painter,Phoenix area - exact city unknown,AZ,'+1 623-258-0765,,5,2,Research First,57,No website in source · manual check required,https://www.google.com/search?q=Blue%20Planet%20Painting%20LLC%20AZ%20%2B1%20623-258-0765,,Source record only; verify immediately before outreach.,2026-07,Phoenix trades call list · Jul 2026,,,,
271,Verify website first,Cactus to Coast painting llc,Painting,Phoenix area - exact city unknown,AZ,'+1 909-576-4837,,5,2,Research First,57,No website in source · manual check required,https://www.google.com/search?q=Cactus%20to%20Coast%20painting%20llc%20AZ%20%2B1%20909-576-4837,,Source record only; verify immediately before outreach.,2026-07,Phoenix trades call list · Jul 2026,,,,
272,Verify website first,Central ACs & Heating Repair LLC,HVAC contractor,Buckeye,AZ,'+1 623-887-4060,,5,2,Research First,57,No website in source · manual check required,https://www.google.com/search?q=Central%20ACs%20%26%20Heating%20Repair%20LLC%20Buckeye%20AZ%20%2B1%20623-887-4060,,Source record only; verify immediately before outreach.,2026-07,Phoenix trades call list · Jul 2026,,,,
273,Verify website first,Commercial HVAC System Sweeping,Air duct cleaning service,Phoenix,AZ,'+1 928-216-3951,,5,2,Research First,57,No website in source · manual check required,https://www.google.com/search?q=Commercial%20HVAC%20System%20Sweeping%20Phoenix%20AZ%20%2B1%20928-216-3951,,Source record only; verify immediately before outreach.,2026-07,Phoenix trades call list · Jul 2026,,,,
274,Verify website first,Cowboy Electric,Electrician,Phoenix,AZ,'+1 602-296-7319,,5,2,Research First,57,No website in source · manual check required,https://www.google.com/search?q=Cowboy%20Electric%20Phoenix%20AZ%20%2B1%20602-296-7319,,Source record only; verify immediately before outreach.,2026-07,Phoenix trades call list · Jul 2026,,,,
275,Verify website first,Edison Electricians of Phoenix,Electrician,Phoenix,AZ,'+1 602-552-7772,,5,2,Research First,57,No website in source · manual check required,https://www.google.com/search?q=Edison%20Electricians%20of%20Phoenix%20Phoenix%20AZ%20%2B1%20602-552-7772,,Source record only; verify immediately before outreach.,2026-07,Phoenix trades call list · Jul 2026,,,,
276,Verify website first,JT Design and Coating,Flooring contractor,Phoenix area - exact city unknown,AZ,'+1 605-929-5047,,5,2,Research First,57,No website in source · manual check required,https://www.google.com/search?q=JT%20Design%20and%20Coating%20AZ%20%2B1%20605-929-5047,,Source record only; verify immediately before outreach.,2026-07,Phoenix trades call list · Jul 2026,,,,
277,Verify website first,MRM ELITE CONSTRUCTION LLC,General contractor,Goodyear,AZ,'+1 602-486-2423,,5,2,Research First,57,No website in source · manual check required,https://www.google.com/search?q=MRM%20ELITE%20CONSTRUCTION%20LLC%20Goodyear%20AZ%20%2B1%20602-486-2423,,Source record only; verify immediately before outreach.,2026-07,Phoenix trades call list · Jul 2026,,,,
278,Verify website first,Reliable Phoenix HVAC Experts,HVAC contractor,Phoenix,AZ,'+1 602-842-9331,,5,2,Research First,57,No website in source · manual check required,https://www.google.com/search?q=Reliable%20Phoenix%20HVAC%20Experts%20Phoenix%20AZ%20%2B1%20602-842-9331,,Source record only; verify immediately before outreach.,2026-07,Phoenix trades call list · Jul 2026,,,,
279,Verify website first,Residential painting,Painter,Phoenix area - exact city unknown,AZ,'+1 480-849-3479,,5,2,Research First,57,No website in source · manual check required,https://www.google.com/search?q=Residential%20painting%20AZ%20%2B1%20480-849-3479,,Source record only; verify immediately before outreach.,2026-07,Phoenix trades call list · Jul 2026,,,,
280,Verify website first,The Valley of The Sun Garage Door Repair,Garage door supplier,Phoenix area - exact city unknown,AZ,'+1 602-618-2318,,5,2,Research First,57,No website in source · manual check required,https://www.google.com/search?q=The%20Valley%20of%20The%20Sun%20Garage%20Door%20Repair%20AZ%20%2B1%20602-618-2318,,Source record only; verify immediately before outreach.,2026-07,Phoenix trades call list · Jul 2026,,,,
281,Verify website first,Surprise City Interior Renovation Works,Custom home builder,Surprise,AZ,'+1 623-471-9424,,5,2,Research First,47,No website in source · manual check required,https://www.google.com/search?q=Surprise%20City%20Interior%20Renovation%20Works%20Surprise%20AZ%20%2B1%20623-471-9424,,Source record only; verify immediately before outreach.,2026-07,Phoenix trades call list · Jul 2026,,,,
282,Verify website first,United paint and body,Car repair and maintenance service,Phoenix,AZ,'+1 602-583-8789,,5,2,Research First,47,No website in source · manual check required,https://www.google.com/search?q=United%20paint%20and%20body%20Phoenix%20AZ%20%2B1%20602-583-8789,,Source record only; verify immediately before outreach.,2026-07,Phoenix trades call list · Jul 2026,,,,
283,Verify website first,Electricians Near You,Electrician,Goodyear,AZ,'+1 800-583-6339,,3,2,Research First,57,No website in source · manual check required,https://www.google.com/search?q=Electricians%20Near%20You%20Goodyear%20AZ%20%2B1%20800-583-6339,,Source record only; verify immediately before outreach.,2026-07,Phoenix trades call list · Jul 2026,,,,
284,Verify website first,RG Handyman & Roofing Specialties,Roofing contractor,Buckeye,AZ,'+1 480-331-4911,,2.5,2,Research First,57,No website in source · manual check required,https://www.google.com/search?q=RG%20Handyman%20%26%20Roofing%20Specialties%20Buckeye%20AZ%20%2B1%20480-331-4911,,Source record only; verify immediately before outreach.,2026-07,Phoenix trades call list · Jul 2026,,,,
285,Verify website first,A & J Painting,Painter,Tolleson,AZ,'+1 602-326-1304,,5,1,Research First,57,No website in source · manual check required,https://www.google.com/search?q=A%20%26%20J%20Painting%20Tolleson%20AZ%20%2B1%20602-326-1304,,Source record only; verify immediately before outreach.,2026-07,Phoenix trades call list · Jul 2026,,,,
286,Verify website first,AC Repair Near Me of Phoenix,Air conditioning contractor,Phoenix,AZ,'+1 602-812-2085,,5,1,Research First,57,No website in source · manual check required,https://www.google.com/search?q=AC%20Repair%20Near%20Me%20of%20Phoenix%20Phoenix%20AZ%20%2B1%20602-812-2085,,Source record only; verify immediately before outreach.,2026-07,Phoenix trades call list · Jul 2026,,,,
287,Verify website first,Brush Stroke Painting,Painter,Goodyear,AZ,'+1 602-722-7696,,5,1,Research First,57,No website in source · manual check required,https://www.google.com/search?q=Brush%20Stroke%20Painting%20Goodyear%20AZ%20%2B1%20602-722-7696,,Source record only; verify immediately before outreach.,2026-07,Phoenix trades call list · Jul 2026,,,,
288,Verify website first,Desert HVAC Repair,HVAC contractor,Phoenix,AZ,'+1 602-461-7077,,5,1,Research First,57,No website in source · manual check required,https://www.google.com/search?q=Desert%20HVAC%20Repair%20Phoenix%20AZ%20%2B1%20602-461-7077,,Source record only; verify immediately before outreach.,2026-07,Phoenix trades call list · Jul 2026,,,,
289,Verify website first,Enriquez Roofing: Roofing Contractor Phoenix AZ,Roofing contractor,Phoenix,AZ,'+1 480-422-4344,,5,1,Research First,57,No website in source · manual check required,https://www.google.com/search?q=Enriquez%20Roofing%3A%20Roofing%20Contractor%20Phoenix%20AZ%20Phoenix%20AZ%20%2B1%20480-422-4344,,Source record only; verify immediately before outreach.,2026-07,Phoenix trades call list · Jul 2026,,,,
290,Verify website first,HVAC Near Me Repair and Installation of Phoenix,Air conditioning contractor,Phoenix,AZ,'+1 602-932-1150,,5,1,Research First,57,No website in source · manual check required,https://www.google.com/search?q=HVAC%20Near%20Me%20Repair%20and%20Installation%20of%20Phoenix%20Phoenix%20AZ%20%2B1%20602-932-1150,,Source record only; verify immediately before outreach.,2026-07,Phoenix trades call list · Jul 2026,,,,
291,Verify website first,Montano Bros Painting LLC,Contractor,Phoenix area - exact city unknown,AZ,'+1 602-512-5241,,5,1,Research First,57,No website in source · manual check required,https://www.google.com/search?q=Montano%20Bros%20Painting%20LLC%20AZ%20%2B1%20602-512-5241,,Source record only; verify immediately before outreach.,2026-07,Phoenix trades call list · Jul 2026,,,,
292,Verify website first,Mountain roofing,Roofing contractor,Phoenix area - exact city unknown,AZ,'+1 623-498-3095,,5,1,Research First,57,No website in source · manual check required,https://www.google.com/search?q=Mountain%20roofing%20AZ%20%2B1%20623-498-3095,,Source record only; verify immediately before outreach.,2026-07,Phoenix trades call list · Jul 2026,,,,
293,Verify website first,PAINT CORPS of Goodyear-Tolleson,Painter,Phoenix area - exact city unknown,AZ,'+1 623-295-0636,,5,1,Research First,57,No website in source · manual check required,https://www.google.com/search?q=PAINT%20CORPS%20of%20Goodyear-Tolleson%20AZ%20%2B1%20623-295-0636,,Source record only; verify immediately before outreach.,2026-07,Phoenix trades call list · Jul 2026,,,,
294,Verify website first,Purex HVAC Repair Phoenix,HVAC contractor,Phoenix,AZ,'+1 480-956-6156,,5,1,Research First,57,No website in source · manual check required,https://www.google.com/search?q=Purex%20HVAC%20Repair%20Phoenix%20Phoenix%20AZ%20%2B1%20480-956-6156,,Source record only; verify immediately before outreach.,2026-07,Phoenix trades call list · Jul 2026,,,,
295,Verify website first,R & S Paint & Drywall,Construction company,Phoenix,AZ,'+1 480-988-4838,,5,1,Research First,57,No website in source · manual check required,https://www.google.com/search?q=R%20%26%20S%20Paint%20%26%20Drywall%20Phoenix%20AZ%20%2B1%20480-988-4838,,Source record only; verify immediately before outreach.,2026-07,Phoenix trades call list · Jul 2026,,,,
296,Verify website first,ST Electrical LLC,Electrician,Phoenix area - exact city unknown,AZ,'+1 623-263-6828,,5,1,Research First,57,No website in source · manual check required,https://www.google.com/search?q=ST%20Electrical%20LLC%20AZ%20%2B1%20623-263-6828,,Source record only; verify immediately before outreach.,2026-07,Phoenix trades call list · Jul 2026,,,,
297,Verify website first,Supreme Electrical,Electrician,Phoenix,AZ,'+1 602-669-4795,,5,1,Research First,57,No website in source · manual check required,https://www.google.com/search?q=Supreme%20Electrical%20Phoenix%20AZ%20%2B1%20602-669-4795,,Source record only; verify immediately before outreach.,2026-07,Phoenix trades call list · Jul 2026,,,,
298,Verify website first,Unlimited Drywall & Painting,Dry wall contractor,Peoria,AZ,'+1 623-879-9006,,5,1,Research First,57,No website in source · manual check required,https://www.google.com/search?q=Unlimited%20Drywall%20%26%20Painting%20Peoria%20AZ%20%2B1%20623-879-9006,,Source record only; verify immediately before outreach.,2026-07,Phoenix trades call list · Jul 2026,,,,
299,Verify website first,Pat's Air Conditioning & Heating LLC,Local service,Buckeye,AZ,'+1 623-386-4061,,2,1,Research First,47,No website in source · manual check required,https://www.google.com/search?q=Pat's%20Air%20Conditioning%20%26%20Heating%20LLC%20Buckeye%20AZ%20%2B1%20623-386-4061,,Source record only; verify immediately before outreach.,2026-07,Phoenix trades call list · Jul 2026,,,,
300,Verify website first,Grounded Electric,Electrician,Goodyear,AZ,'+1 602-821-0277,,1,1,Research First,57,No website in source · manual check required,https://www.google.com/search?q=Grounded%20Electric%20Goodyear%20AZ%20%2B1%20602-821-0277,,Source record only; verify immediately before outreach.,2026-07,Phoenix trades call list · Jul 2026,,,,
