Research rank,Callable rank,Existing cockpit record,Business,Category,City / service area,State,Phone,Email,Paid channel(s),Paid-signal confidence,Paid evidence,Platform response / demand,Recommended first conversation,Why this angle,Google profile status,Google rating,Google reviews,Google Maps,Google search,Website status,Website,Platform profile(s),Evidence page(s),Observed,Cockpit lead ID,Match method,Possible existing IDs,Status,Notes
1,1,Existing cockpit record · enriched in place,"Temperature Control, Inc. A/C-Heating & Plumbing - Tucson, AZ",hvac contractor,Tucson,AZ,'+15207753566,,Angi,Confirmed paid,Angi: Approved advertiser badge (Confirmed paid) | Angi: Approved advertiser badge (Confirmed paid),Angi · response 2 days · 409 recent quote requests | Angi · response 11 hrs · rate 91% · 562 recent quote requests,Lead recovery,"Angi shows the company is already acquiring leads. Its basic website/Google presence is established, so qualify what happens when a paid call or form is missed.",Current Google profile matched,4.9,2219,https://www.google.com/maps/search/?api=1&query=Temperature%20Control%2C%20Inc.%20A%2FC-Heating%20%26%20Plumbing%20-%20Tucson%2C%20AZ&query_place_id=ChIJZ5Be8T9x1oYR-4MljaoTYSE,https://www.google.com/maps/search/?api=1&query=Temperature%20Control%20Plumbing%2C%20LLC%20Arizona,Live,https://temp-con.com/,,https://www.angi.com/companylist/us/az/tucson/plumbing.htm | https://www.angi.com/companylist/us/az/tucson/hvac.htm,2026-07-22,place-ChIJZ5Be8T9x1oYR-4MljaoTYSE,Reviewed cross-platform identity match,,,
2,2,Existing cockpit record · enriched in place,Custom Plumbing of Arizona - Phoenix,plumber,Phoenix,AZ,'+16028662665,denise@customplumbingaz.com,Angi,Confirmed paid,Angi: Approved advertiser badge (Confirmed paid),Angi · 2735 recent quote requests,Lead recovery,"Angi shows the company is already acquiring leads. Its basic website/Google presence is established, so qualify what happens when a paid call or form is missed.",Current Google profile matched,4.7,687,https://www.google.com/maps/search/?api=1&query=Custom%20Plumbing%20of%20Arizona%20-%20Phoenix&query_place_id=ChIJFRKRVhFCK4cRxn6Ult7LGrg,"https://www.google.com/maps/place/Custom+Plumbing+of+Arizona+-+Phoenix/@33.6773351,-112.0373128,14z/data=!4m8!1m2!2m1!1sCustom+Plumbing+of+Arizona+-+Phoenix!3m4!1s0x872b421156911215:0xb81acbde96947ec6!8m2!3d33.6773351!4d-112.0373128",Live,https://customplumbingaz.com/,https://www.angi.com/companylist/us/az/phoenix/custom-plumbing-of-arizona-llc-reviews-2.htm,https://www.angi.com/companylist/us/az/phoenix/plumbing.htm,2026-07-22,place-ChIJFRKRVhFCK4cRxn6Ult7LGrg,Reviewed cross-platform identity match,,,
3,3,Existing cockpit record · enriched in place,"Benjamin Franklin Plumbing of Phoenix, AZ",Plumber,Phoenix,AZ,'+1 480-223-9348,jfraccascia@benfranklinplumbingaz.com,Angi + Google Search Ads,Confirmed paid,Angi: Approved advertiser badge (Confirmed paid) | Google Search Ads: Active lead-platform signal (Confirmed paid),Angi · response 50 mins · 124 recent quote requests,Lead recovery,"Angi + Google Search Ads shows the company is already acquiring leads. Its basic website/Google presence is established, so qualify what happens when a paid call or form is missed.",Current Google profile signal · direct link needs recheck,4.8,1956,,https://www.google.com/maps/search/?api=1&query=Benjamin%20Franklin%20The%20Punctual%20Plumber%20Arizona,Website linked on Angi profile · live state not audited,http://www.benfranklinplumbingaz.com/,https://www.angi.com/companylist/us/az/scottsdale/benjamin-franklin-the-punctual-plumber-reviews-1.htm,https://www.angi.com/companylist/us/az/phoenix/plumbing.htm | https://www.google.com/search?q=plumber+phoenix+az,2026-07-21 | 2026-07-22,phone-4802239348,Exact phone/place/domain/name + service-area match,,,
4,4,Existing cockpit record · enriched in place,Plumber of Tucson,plumber,Tucson,AZ,'+15209009010,,Angi + Yelp,Confirmed paid,Angi: Approved advertiser badge (Confirmed paid) | Yelp: Sponsored result (Confirmed paid),Angi · response 2 hrs · rate 93% | Yelp · response 10 mins,Lead recovery,"Angi + Yelp shows the company is already acquiring leads. Its basic website/Google presence is established, so qualify what happens when a paid call or form is missed.",Current Google profile matched,4.9,353,https://www.google.com/maps/search/?api=1&query=Plumber%20of%20Tucson&query_place_id=ChIJ__-Po1Fw1oYRMM9-08W0cCQ,https://www.google.com/maps/search/?api=1&query=Plumber%20of%20Tucson%20Arizona,Basic website checks pass,https://plumberoftucson.com/,https://www.yelp.com/biz/plumber-of-tucson-tucson-2,https://www.angi.com/companylist/us/az/tucson/plumbing.htm | https://www.yelp.com/search?find_desc=Plumbers&find_loc=Tucson%2C%20AZ,2026-07-21 | 2026-07-22,place-ChIJ__-Po1Fw1oYRMM9-08W0cCQ,Exact phone/place/domain/name + service-area match,,,
5,5,Existing cockpit record · enriched in place,Blue Fox Garage Doors,Garage door service,Gilbert,AZ,(480) 877-9841,,Angi,Confirmed paid,Angi: Approved advertiser badge (Confirmed paid) | Angi: Approved advertiser badge (Confirmed paid),Angi · response 5 hrs · rate 95% · 241 recent quote requests | Angi · response 5 hrs · rate 95% · 241 recent quote requests,Website,The company is buying visibility while its recorded website has a current website rescue candidate · parked/thin page signal.,Current Google profile matched,5,907,https://maps.google.com/?cid=18026172247038571114&g_mp=Cidnb29nbGUubWFwcy5wbGFjZXMudjEuUGxhY2VzLlNlYXJjaFRleHQQAhgEIAA,https://www.google.com/maps/search/?api=1&query=Blue%20Fox%20Garage%20Doors%20Arizona,Website rescue candidate · parked/thin page,https://bluefoxgaragedoors.com/,,https://www.angi.com/companylist/us/az/phoenix/garage-doors.htm | https://www.angi.com/companylist/us/az/tucson/garage-doors.htm,2026-07-22,phone-4808779841,Exact normalized business-name match,,,
6,6,Existing cockpit record · enriched in place,"Platinum Elite Steam Cleaning, Inc. Tuscon AZ",tile and grout cleaning,Tucson,AZ,'+15205265502,,Angi,Confirmed paid,Angi: Approved advertiser badge (Confirmed paid),Angi · response 4 hrs · 49 recent quote requests,Website,Paid acquisition is active and the existing Google/site audit did not find an owned website. Recheck before saying this on the call.,Current Google profile matched,5,34,https://www.google.com/maps/search/?api=1&query=Platinum%20Elite%20Steam%20Cleaning%2C%20Inc.%20Tuscon%20AZ&query_place_id=ChIJYZRs8lRxAoIRyQlFBMm-Ao8,https://www.google.com/maps/search/?api=1&query=PLATINUM%20ELITE%20STEAM%20CLEANING%20INC.%20Arizona,Website build candidate · no site linked on Google,,,https://www.angi.com/companylist/us/az/tucson/house-cleaning.htm,2026-07-22,place-ChIJYZRs8lRxAoIRyQlFBMm-Ao8,Reviewed cross-platform identity match,,,
7,7,Existing cockpit record · enriched in place,Preferred Choice Pest Control,pest control,Surprise,AZ,'+16027411059,,Angi,Confirmed paid,Angi: Approved advertiser badge (Confirmed paid),Angi · response 2 hrs,Website,The company is buying visibility while its recorded website has a current conversion fix candidate · technical flags signal.,Current Google profile matched,5,33,https://www.google.com/maps/search/?api=1&query=Preferred%20Choice%20Pest%20Control&query_place_id=ChIJ411J7kv7OQoRk1whQUMili8,https://www.google.com/maps/search/?api=1&query=Preferred%20Choice%20Pest%20Control%20Arizona,Conversion fix candidate · technical flags,https://www.preferredchoicepestcontrol.com/,,https://www.angi.com/companylist/us/az/phoenix/pest-control.htm,2026-07-22,place-ChIJ411J7kv7OQoRk1whQUMili8,Exact normalized business-name match,,,
8,8,Existing cockpit record · enriched in place,Elite Garage Doors & Gates,garage door repair,Flagstaff,AZ,'+19288468607,damcnelis@yahoo.com,Angi,Confirmed paid,Angi: Approved advertiser badge (Confirmed paid),Angi · response 4 hrs · 205 recent quote requests,Website,The company is buying visibility while its recorded website has a current conversion fix candidate · technical flags signal.,Current Google profile matched,4.8,20,https://www.google.com/maps/search/?api=1&query=Elite%20Garage%20Doors%20%26%20Gates&query_place_id=ChIJndcIYyuPLYcRuO71XYh23ds,https://www.google.com/maps/search/?api=1&query=Elite%20Garage%20Doors%20%26%20Gates%20Arizona,Conversion fix candidate · technical flags,https://elitegaragedoorsandgates.com/garage-door-repair-flagstaff-az/,,https://www.angi.com/companylist/us/az/tucson/garage-doors.htm,2026-07-22,place-ChIJndcIYyuPLYcRuO71XYh23ds,Exact phone/place/domain/name + service-area match,,,
9,9,Existing cockpit record · enriched in place,Best Pest & Wildlife Control Arizona,pest control,Tempe,AZ,'+14804288948,,Angi,Confirmed paid,Angi: Approved advertiser badge (Confirmed paid),Angi · response 1 day · rate 100% · 98 recent quote requests,Reviews,"Angi shows paid lead activity; Google currently shows 123 reviews at 4.8, creating a concrete reputation-system conversation.",Current Google profile matched,4.8,123,https://www.google.com/maps/search/?api=1&query=Best%20Pest%20%26%20Wildlife%20Control%20Arizona&query_place_id=ChIJFS7bdVDjBkERP9uLKj3Sa0k,"https://www.google.com/maps/place/Best+Pest+%26+Wildlife+Control+Arizona/@33.019338,-112.0206415,14z/data=!4m8!1m2!2m1!1sBest+Pest+%26+Wildlife+Control+Arizona!3m4!1s0x4106e35075db2e15:0x496bd23d2a8bdb3f!8m2!3d33.019338!4d-112.0206415",Live,https://bestpestwildlife.com/arizona/,,https://www.angi.com/companylist/us/az/tucson/pest-control.htm,2026-07-22,place-ChIJFS7bdVDjBkERP9uLKj3Sa0k,Reviewed cross-platform identity match,,,
10,10,Existing cockpit record · enriched in place,Tucson Pest Control,pest control,Tucson,AZ,'+15207751845,,Angi,Confirmed paid,Angi: Approved advertiser badge (Confirmed paid),Angi · 3 recent quote requests,Reviews,"Angi shows paid lead activity; Google currently shows 81 reviews at 4.9, creating a concrete reputation-system conversation.",Current Google profile matched,4.9,81,https://www.google.com/maps/search/?api=1&query=Tucson%20Pest%20Control&query_place_id=ChIJn0E1usjX1YYREVGufmD_0xQ,https://www.google.com/maps/search/?api=1&query=Tucson%20Pest%20Control%20Arizona,Basic website checks pass,https://www.mytucsonpestcontrol.com/,,https://www.angi.com/companylist/us/az/tucson/pest-control.htm,2026-07-22,place-ChIJn0E1usjX1YYREVGufmD_0xQ,Exact phone/place/domain/name + service-area match,,,
11,11,Existing cockpit record · enriched in place,ACTION Termite and Pest Control,pest control,Scottsdale,AZ,'+14809457378,,Angi,Confirmed paid,Angi: Approved advertiser badge (Confirmed paid) | Angi: Approved advertiser badge (Confirmed paid),,Reviews,"Angi shows paid lead activity; Google currently shows 57 reviews at 5.0, creating a concrete reputation-system conversation.",Current Google profile matched,5,57,https://www.google.com/maps/search/?api=1&query=ACTION%20Termite%20and%20Pest%20Control&query_place_id=ChIJZ2_0Idt1K4cR2s3GkLiG78c,https://www.google.com/maps/search/?api=1&query=ACTION%20Termite%20%26%20Pest%20Control%20Arizona,Basic website checks pass,https://www.actiontermitecontrol.com/scottsdale/,,https://www.angi.com/companylist/us/az/phoenix/pest-control.htm | https://www.angi.com/companylist/us/az/tucson/pest-control.htm,2026-07-22,place-ChIJZ2_0Idt1K4cR2s3GkLiG78c,Exact phone/place/domain/name + service-area match,,,
12,12,Existing cockpit record · enriched in place,Desert Spring Garage Door Repair,Garage door service,Phoenix,AZ,(602) 694-3212,drew@hngr8.com,Angi,Confirmed paid,Angi: Approved advertiser badge (Confirmed paid),Angi · 10 recent quote requests,Reviews,"Angi shows paid lead activity; Google currently shows 28 reviews at 5.0, creating a concrete reputation-system conversation.",Current Google profile matched,5,28,https://maps.google.com/?cid=17406728300688316682&g_mp=Cidnb29nbGUubWFwcy5wbGFjZXMudjEuUGxhY2VzLlNlYXJjaFRleHQQAhgEIAA,https://www.google.com/maps/search/?api=1&query=DESERT%20SPRING%20GARAGE%20DOOR%20REPAIR%20LLC%20Arizona,Basic website checks pass,https://desertspringgarage.com/,,https://www.angi.com/companylist/us/az/phoenix/garage-doors.htm,2026-07-22,phone-6026943212,Exact normalized business-name match,,,
13,13,Existing cockpit record · enriched in place,Parker & Sons,hvac contractor,Phoenix,AZ,'+16024249619,,Google Local Services,Confirmed paid,Google Local Services: Active lead-platform signal (Confirmed paid) | Google Local Services: Active lead-platform signal (Confirmed paid),,Lead recovery,"Google Local Services shows the company is already acquiring leads. Its basic website/Google presence is established, so qualify what happens when a paid call or form is missed.",Current Google profile matched,4.7,34252,https://www.google.com/maps/search/?api=1&query=Parker%20%26%20Sons&query_place_id=ChIJh9Zo0KoPK4cRzTwhKAxIE8s,https://www.google.com/maps/search/?api=1&query=Parker%20%26%20Sons&query_place_id=ChIJh9Zo0KoPK4cRzTwhKAxIE8s,Website listed · not audited,https://www.parkerandsons.com/,,https://www.google.com/search?q=plumber+phoenix+az | https://www.google.com/search?q=air+conditioning+repair+tucson+az,2026-07-21,place-ChIJh9Zo0KoPK4cRzTwhKAxIE8s,Exact phone/place/domain/name + service-area match,,,
14,14,Existing cockpit record · enriched in place,"Day & Night Air Conditioning, Heating, & Plumbing",hvac contractor,Phoenix,AZ,'+16025847758,glfjunky72@msn.com,Google Local Services,Confirmed paid,Google Local Services: Active lead-platform signal (Confirmed paid),,Lead recovery,"Google Local Services shows the company is already acquiring leads. Its basic website/Google presence is established, so qualify what happens when a paid call or form is missed.",Current Google profile matched,4.9,9652,https://www.google.com/maps/search/?api=1&query=Day%20%26%20Night%20Air%20Conditioning%2C%20Heating%2C%20%26%20Plumbing&query_place_id=ChIJmaAujXcNK4cRhAXQO7SXvGw,https://www.google.com/maps/search/?api=1&query=Day%20%26%20Night%20Air%20Conditioning%2C%20Heating%2C%20%26%20Plumbing&query_place_id=ChIJmaAujXcNK4cRhAXQO7SXvGw,Website listed · not audited,https://www.dayandnightair.com/,,https://www.google.com/search?q=plumber+phoenix+az,2026-07-21,place-ChIJmaAujXcNK4cRhAXQO7SXvGw,Exact phone/place/domain/name + service-area match,,,
15,15,Existing cockpit record · enriched in place,Goody Garage Doors,Garage door service,Mesa,AZ,(480) 409-7569,,Angi,Confirmed paid,Angi: Approved advertiser badge (Confirmed paid),Angi · 12 recent quote requests,Lead recovery,"Angi shows the company is already acquiring leads. Its basic website/Google presence is established, so qualify what happens when a paid call or form is missed.",Current Google profile matched,4.9,6176,https://maps.google.com/?cid=9145672913263740442&g_mp=Cidnb29nbGUubWFwcy5wbGFjZXMudjEuUGxhY2VzLlNlYXJjaFRleHQQAhgEIAA,https://www.google.com/maps/search/?api=1&query=Goody%20Garage%20Doors%20Arizona,Basic website checks pass,https://goodygaragedoors.com/,,https://www.angi.com/companylist/us/az/phoenix/garage-doors.htm,2026-07-22,phone-4804097569,Exact normalized business-name match,,,
16,16,Existing cockpit record · enriched in place,Green Mango Pest Control - Chandler,pest control,Chandler,AZ,'+14807178174,,Angi,Confirmed paid,Angi: Approved advertiser badge (Confirmed paid),,Lead recovery,"Angi shows the company is already acquiring leads. Its basic website/Google presence is established, so qualify what happens when a paid call or form is missed.",Current Google profile matched,4.8,4489,https://www.google.com/maps/search/?api=1&query=Green%20Mango%20Pest%20Control%20-%20Chandler&query_place_id=ChIJJ8WmUIOrK4cRHp9bql0CT98,https://www.google.com/maps/search/?api=1&query=Green%20Mango%20Pest%20Control%20Arizona,Website listed · not audited,https://greenmangopest.com/,,https://www.angi.com/companylist/us/az/phoenix/pest-control.htm,2026-07-22,place-ChIJJ8WmUIOrK4cRHp9bql0CT98,Reviewed cross-platform identity match,,,
17,17,Existing cockpit record · enriched in place,Al Coronado Plumbing,plumber,Tucson,AZ,'+15202785780,,Yelp,Confirmed paid,Yelp: Sponsored result (Confirmed paid),Yelp · response 10 mins,Lead recovery,"Yelp shows the company is already acquiring leads. Its basic website/Google presence is established, so qualify what happens when a paid call or form is missed.",Current Google profile matched,4.9,2798,https://www.google.com/maps/search/?api=1&query=Al%20Coronado%20Plumbing&query_place_id=ChIJYW170Ttx1oYRHf2_1f1OEQo,https://www.google.com/maps/search/?api=1&query=Al%20Coronado%20Plumbing&query_place_id=ChIJYW170Ttx1oYRHf2_1f1OEQo,Website listed · not audited,https://alcoronadoplumbing.com/tucson-emergency-plumber/,https://www.yelp.com/biz/al-coronado-plumbing-tucson,https://www.yelp.com/search?find_desc=Plumbers&find_loc=Tucson%2C%20AZ,2026-07-21,place-ChIJYW170Ttx1oYRHf2_1f1OEQo,Exact phone/place/domain/name + service-area match,,,
18,18,Existing cockpit record · enriched in place,Canyon State Service Experts,hvac contractor,Surprise,AZ,'+16028444104,,Google Search Ads,Confirmed paid,Google Search Ads: Active lead-platform signal (Confirmed paid),,Lead recovery,"Google Search Ads shows the company is already acquiring leads. Its basic website/Google presence is established, so qualify what happens when a paid call or form is missed.",Current Google profile matched,4.9,2500,https://www.google.com/maps/search/?api=1&query=Canyon%20State%20Service%20Experts&query_place_id=ChIJg6EoJUhbK4cRgyFn6sg-jI8,https://www.google.com/maps/search/?api=1&query=Canyon%20State%20Service%20Experts%20Surprise%20AZ,Website listed · not audited,https://www.serviceexperts.com/surprise-az/,,https://www.google.com/search?q=plumber+phoenix+az,2026-07-21,place-ChIJg6EoJUhbK4cRgyFn6sg-jI8,Reviewed cross-platform identity match,,,
19,19,Existing cockpit record · enriched in place,Arizona Pest Control,pest control,Tucson,AZ,'+15208867378,,Angi,Confirmed paid,Angi: Approved advertiser badge (Confirmed paid),Angi · 1 recent quote requests,Lead recovery,"Angi shows the company is already acquiring leads. Its basic website/Google presence is established, so qualify what happens when a paid call or form is missed.",Current Google profile matched,4.8,2444,https://www.google.com/maps/search/?api=1&query=Arizona%20Pest%20Control&query_place_id=ChIJ96_P46tv1oYR6hhfGp-MvLA,https://www.google.com/maps/search/?api=1&query=Arizona%20Pest%20Control%20Arizona,Website listed · not audited,https://www.azpest.com/,,https://www.angi.com/companylist/us/az/tucson/pest-control.htm,2026-07-22,place-ChIJ96_P46tv1oYR6hhfGp-MvLA,Exact phone/place/domain/name + service-area match,,,
20,20,Existing cockpit record · enriched in place,ASAP Plumbing,plumber,Tempe,AZ,'+14809331511,,Angi,Confirmed paid,Angi: Approved advertiser badge (Confirmed paid),Angi · response 50 mins · 104 recent quote requests,Lead recovery,"Angi shows the company is already acquiring leads. Its basic website/Google presence is established, so qualify what happens when a paid call or form is missed.",Current Google profile matched,4.7,2263,https://www.google.com/maps/search/?api=1&query=ASAP%20Plumbing&query_place_id=ChIJJxonw86pK4cRVg0jV5-sgOo,https://www.google.com/maps/search/?api=1&query=ASAP%20Plumbing%20Arizona,Website listed · not audited,https://asapplumbingaz.com/,,https://www.angi.com/companylist/us/az/casa-grande/plumbing.htm,2026-07-22,place-ChIJJxonw86pK4cRVg0jV5-sgOo,Exact normalized business-name match,,,
21,21,Existing cockpit record · enriched in place,Bulwark Exterminating,pest control,Mesa,AZ,'+14809697474,,Angi,Confirmed paid,Angi: Approved advertiser badge (Confirmed paid),,Lead recovery,"Angi shows the company is already acquiring leads. Its basic website/Google presence is established, so qualify what happens when a paid call or form is missed.",Current Google profile matched,4.9,2085,https://www.google.com/maps/search/?api=1&query=Bulwark%20Exterminating&query_place_id=ChIJLwiR5oGoK4cRo5-JJrfisO8,https://www.google.com/maps/search/?api=1&query=Bulwark%20Exterminating%2C%20LLC%20Arizona,Website listed · not audited,https://www.bulwarkpestcontrol.com/locations/mesa/?loc=mesa,,https://www.angi.com/companylist/us/az/tucson/pest-control.htm,2026-07-22,place-ChIJLwiR5oGoK4cRo5-JJrfisO8,Exact normalized business-name match,,,
22,22,Existing cockpit record · enriched in place,Reddi Services,plumber,Peoria,AZ,'+16027893910,,Angi,Confirmed paid,Angi: Approved advertiser badge (Confirmed paid),Angi · 1 recent quote requests,Lead recovery,"Angi shows the company is already acquiring leads. Its basic website/Google presence is established, so qualify what happens when a paid call or form is missed.",Current Google profile matched,4.9,1644,https://www.google.com/maps/search/?api=1&query=Reddi%20Services&query_place_id=ChIJDzqZK2wTK4cRlZMUQs3kPEA,https://www.google.com/maps/search/?api=1&query=Reddi%20Services%20Arizona,Website listed · not audited,https://www.reddiservices.com/,,https://www.angi.com/companylist/us/az/casa-grande/plumbing.htm,2026-07-22,place-ChIJDzqZK2wTK4cRlZMUQs3kPEA,Exact normalized business-name match,,,
23,23,Existing cockpit record · enriched in place,Lawson Family Plumbing Inc.,plumber,Gilbert,AZ,'+16024135790,,Yelp,Confirmed paid,Yelp: Sponsored result (Confirmed paid),Yelp · response 10 mins,Lead recovery,"Yelp shows the company is already acquiring leads. Its basic website/Google presence is established, so qualify what happens when a paid call or form is missed.",Current Google profile matched,4.8,1576,https://www.google.com/maps/search/?api=1&query=Lawson%20Family%20Plumbing%20Inc.&query_place_id=ChIJ7QC4ee6xK4cRMQUyA1V3coI,https://www.google.com/maps/search/?api=1&query=Lawson%20Family%20Plumbing%20Inc.&query_place_id=ChIJ7QC4ee6xK4cRMQUyA1V3coI,Website listed · not audited,https://lawsonfamilyplumbing.com/,https://www.yelp.com/biz/lawson-family-plumbing-gilbert-5,https://www.yelp.com/search?find_desc=Plumbers&find_loc=Phoenix%2C%20AZ,2026-07-21,place-ChIJ7QC4ee6xK4cRMQUyA1V3coI,Exact phone/place/domain/name + service-area match,,,
24,24,Existing cockpit record · enriched in place,Hansen Family Plumbing & Air,plumber,Mesa,AZ,'+16028054836,,Yelp,Confirmed paid,Yelp: Sponsored result (Confirmed paid),Yelp · response 10 mins,Lead recovery,"Yelp shows the company is already acquiring leads. Its basic website/Google presence is established, so qualify what happens when a paid call or form is missed.",Current Google profile matched,4.9,1427,https://www.google.com/maps/search/?api=1&query=Hansen%20Family%20Plumbing%20%26%20Air&query_place_id=ChIJbTe8jCkHK4cR70K7PKKg1u8,https://www.google.com/maps/search/?api=1&query=Hansen%20Family%20Plumbing%20%26%20Air&query_place_id=ChIJbTe8jCkHK4cR70K7PKKg1u8,Website listed · not audited,https://hansenfamilyplumbing.com/,https://www.yelp.com/biz/hansen-family-mesa-3,https://www.yelp.com/search?find_desc=Plumbers&find_loc=Phoenix%2C%20AZ,2026-07-21,place-ChIJbTe8jCkHK4cR70K7PKKg1u8,Reviewed business-name alias match,,,
25,25,Existing cockpit record · enriched in place,Desert Water Plumbing and Rooter,plumber,Peoria,AZ,'+16026412998,,Yelp,Confirmed paid,Yelp: Sponsored result (Confirmed paid),Yelp · response 10 mins,Lead recovery,"Yelp shows the company is already acquiring leads. Its basic website/Google presence is established, so qualify what happens when a paid call or form is missed.",Current Google profile matched,5,1148,https://www.google.com/maps/search/?api=1&query=Desert%20Water%20Plumbing%20and%20Rooter&query_place_id=ChIJVVXlGG-dLIcRqEyN_RegCXQ,https://www.google.com/maps/search/?api=1&query=Desert%20Water%20Plumbing%20and%20Rooter&query_place_id=ChIJVVXlGG-dLIcRqEyN_RegCXQ,Website listed · not audited,https://www.desertwateraz.com/near-me-plumber-peoria-az/,https://www.yelp.com/biz/desert-water-plumbing-and-rooter-peoria-2,https://www.yelp.com/search?find_desc=Plumbers&find_loc=Phoenix%2C%20AZ,2026-07-21,place-ChIJVVXlGG-dLIcRqEyN_RegCXQ,Exact phone/place/domain/name + service-area match,,,
26,26,Existing cockpit record · enriched in place,Dirt Busters House Cleaning,house cleaning,Peoria,AZ,'+15202314397,,Angi,Confirmed paid,Angi: Approved advertiser badge (Confirmed paid),Angi · 1 recent quote requests,Lead recovery,"Angi shows the company is already acquiring leads. Its basic website/Google presence is established, so qualify what happens when a paid call or form is missed.",Current Google profile matched,4.8,1141,https://www.google.com/maps/search/?api=1&query=Dirt%20Busters%20House%20Cleaning&query_place_id=ChIJf3jwYCZCK4cRulZ1sHqbQuo,https://www.google.com/maps/search/?api=1&query=Dirt%20Busters%20House%20Cleaning%20Arizona,Website listed · not audited,https://bookdirtbusters.com/,,https://www.angi.com/companylist/us/az/phoenix/house-cleaning.htm,2026-07-22,place-ChIJf3jwYCZCK4cRulZ1sHqbQuo,Exact normalized business-name match,,,
27,27,Existing cockpit record · enriched in place,Reimagine Roofing,Roofing contractor,Phoenix,AZ,'+1 480-900-7663,,Angi,Confirmed paid,Angi: Approved advertiser badge (Confirmed paid) | Angi: Approved advertiser badge (Confirmed paid),Angi · 309 recent quote requests | Angi · 304 recent quote requests,Lead recovery,"Angi shows the company is already acquiring leads. Its basic website/Google presence is established, so qualify what happens when a paid call or form is missed.",Current Google profile matched,4.8,853,"https://www.google.com/maps/place/Reimagine+Roofing/@33.474471,-111.719127,14z/data=!4m8!1m2!2m1!1sReimagine+Roofing!3m4!1s0x872ba502262b3735:0x6918ffeb779e5233!8m2!3d33.474471!4d-111.719127","https://www.google.com/maps/place/Reimagine+Roofing/@33.474471,-111.719127,14z/data=!4m8!1m2!2m1!1sReimagine+Roofing!3m4!1s0x872ba502262b3735:0x6918ffeb779e5233!8m2!3d33.474471!4d-111.719127",Live,https://www.reimagineroofing.com/,,https://www.angi.com/companylist/us/az/sierra-vista/roofing.htm | https://www.angi.com/companylist/us/az/casa-grande/roofing.htm,2026-07-22,phone-4809007663,Reviewed cross-platform identity match,,,
28,28,Existing cockpit record · enriched in place,Ambiance Pool Service,pool service,Tucson,AZ,'+15204259186,,Angi,Confirmed paid,Angi: Approved advertiser badge (Confirmed paid),Angi · response 1 day · rate 86%,Lead recovery,"Angi shows the company is already acquiring leads. Its basic website/Google presence is established, so qualify what happens when a paid call or form is missed.",Current Google profile matched,4.8,651,https://www.google.com/maps/search/?api=1&query=Ambiance%20Pool%20Service&query_place_id=ChIJ8bLTE8tz1oYRN7Sn9qRiuCo,https://www.google.com/maps/search/?api=1&query=Ambiance%20Pool%20Service%20and%20Supplies%20Arizona,Website listed · not audited,https://ambiancepoolservice.com/,,https://www.angi.com/companylist/us/az/tucson/pool-and-spa-service.htm,2026-07-22,place-ChIJ8bLTE8tz1oYRN7Sn9qRiuCo,Reviewed cross-platform identity match,,,
29,29,Existing cockpit record · enriched in place,Varsity Termite and Pest Control,pest control,Mesa,AZ,'+16027578252,,Angi,Confirmed paid,Angi: Approved advertiser badge (Confirmed paid),Angi · 10 recent quote requests,Lead recovery,"Angi shows the company is already acquiring leads. Its basic website/Google presence is established, so qualify what happens when a paid call or form is missed.",Current Google profile matched,4.9,565,https://www.google.com/maps/search/?api=1&query=Varsity%20Termite%20and%20Pest%20Control&query_place_id=ChIJ6TfE3k2uK4cR91P2i5GNZOk,https://www.google.com/maps/search/?api=1&query=Varsity%20Termite%20and%20Pest%20Control%20Arizona,Website listed · not audited,https://www.varsitytermiteandpestcontrol.com/,,https://www.angi.com/companylist/us/az/phoenix/pest-control.htm,2026-07-22,place-ChIJ6TfE3k2uK4cR91P2i5GNZOk,Exact normalized business-name match,,,
30,30,Existing cockpit record · enriched in place,Flush King Plumbing,plumber,Scottsdale,AZ,'+16026441950,info@flushkingplumbing.com,Yelp,Confirmed paid,Yelp: Sponsored result (Confirmed paid),Yelp · response 10 mins,Lead recovery,"Yelp shows the company is already acquiring leads. Its basic website/Google presence is established, so qualify what happens when a paid call or form is missed.",Current Google profile matched,4.8,472,https://www.google.com/maps/search/?api=1&query=Flush%20King%20Plumbing&query_place_id=ChIJ36aZWc4TK4cRbgJ-FyroXmo,https://www.google.com/maps/search/?api=1&query=Flush%20King%20Plumbing&query_place_id=ChIJ36aZWc4TK4cRbgJ-FyroXmo,Basic website checks pass,https://flushking.com/,https://www.yelp.com/biz/flush-king-plumbing-phoenix-3,https://www.yelp.com/search?find_desc=Plumbers&find_loc=Phoenix%2C%20AZ,2026-07-21,place-ChIJ36aZWc4TK4cRbgJ-FyroXmo,Exact normalized business-name match,,,
31,31,Existing cockpit record · enriched in place,Swiftly Garage Doors,Garage door service,Phoenix,AZ,(623) 216-7185,justin@garagedoorinfospot.com,Angi,Confirmed paid,Angi: Approved advertiser badge (Confirmed paid),Angi · response 8 hrs · 13 recent quote requests,Lead recovery,"Angi shows the company is already acquiring leads. Its basic website/Google presence is established, so qualify what happens when a paid call or form is missed.",Current Google profile matched,4.9,407,https://maps.google.com/?cid=5077193035886361185&g_mp=Cidnb29nbGUubWFwcy5wbGFjZXMudjEuUGxhY2VzLlNlYXJjaFRleHQQAhgEIAA,https://www.google.com/maps/search/?api=1&query=Swiftly%20Garage%20Doors%20Arizona,Basic website checks pass,https://swiftlygaragedoors.com/,,https://www.angi.com/companylist/us/az/phoenix/garage-doors.htm,2026-07-22,phone-6232167185,Exact phone/place/domain/name + service-area match,,,
32,32,Existing cockpit record · enriched in place,GOGO Garage Door Service,Garage door service,Apache Junction,AZ,(480) 779-7774,office@gogogarageservice.com,Angi,Confirmed paid,Angi: Approved advertiser badge (Confirmed paid),Angi · response 30 mins · 13 recent quote requests,Lead recovery,"Angi shows the company is already acquiring leads. Its basic website/Google presence is established, so qualify what happens when a paid call or form is missed.",Current Google profile matched,5,321,https://maps.google.com/?cid=3993175692697339496&g_mp=Cidnb29nbGUubWFwcy5wbGFjZXMudjEuUGxhY2VzLlNlYXJjaFRleHQQAhgEIAA,https://www.google.com/maps/search/?api=1&query=GoGo%20Garage%20Door%20Service%20LLC%20Arizona,Basic website checks pass,https://gogogarageservice.com/,,https://www.angi.com/companylist/us/az/phoenix/garage-doors.htm,2026-07-22,phone-4807797774,Exact normalized business-name match,,,
33,33,Existing cockpit record · enriched in place,Jorge's Plumbing LLC,plumber,Yuma,AZ,'+19283236418,,Angi,Confirmed paid,Angi: Approved advertiser badge (Confirmed paid),Angi · 6 recent quote requests,Lead recovery,"Angi shows the company is already acquiring leads. Its basic website/Google presence is established, so qualify what happens when a paid call or form is missed.",Current Google profile matched,4.9,271,https://www.google.com/maps/search/?api=1&query=Jorge's%20Plumbing%20LLC&query_place_id=ChIJDTxb4V5f1oARSpxsdIbCWtw,https://www.google.com/maps/search/?api=1&query=JORGE'S%20PLUMBING%20LLC%20Arizona,Website listed · not audited,https://www.jorgesplumbing.com/,,https://www.angi.com/companylist/us/az/yuma/plumbing.htm,2026-07-22,place-ChIJDTxb4V5f1oARSpxsdIbCWtw,Exact phone/place/domain/name + service-area match,,,
34,34,Existing cockpit record · enriched in place,West Plumbing LLC,plumber,Chandler,AZ,'+16028202531,,Angi,Confirmed paid,Angi: Approved advertiser badge (Confirmed paid),Angi · response 11 hrs · 2 recent quote requests,Lead recovery,"Angi shows the company is already acquiring leads. Its basic website/Google presence is established, so qualify what happens when a paid call or form is missed.",Current Google profile matched,4.8,247,https://www.google.com/maps/search/?api=1&query=West%20Plumbing%20LLC&query_place_id=ChIJVVVVVUEHK4cR7Y45OnL-U2k,https://www.google.com/maps/search/?api=1&query=West%20Plumbing%2C%20LLC%20Arizona,Website listed · not audited,https://www.westplumbingllc.com/,,https://www.angi.com/companylist/us/az/casa-grande/plumbing.htm,2026-07-22,place-ChIJVVVVVUEHK4cR7Y45OnL-U2k,Exact normalized business-name match,,,
35,35,Existing cockpit record · enriched in place,Expert Garage Door Service,Garage door service,Scottsdale,AZ,(602) 888-3639,,Angi,Confirmed paid,Angi: Approved advertiser badge (Confirmed paid),Angi · 10 recent quote requests,Lead recovery,"Angi shows the company is already acquiring leads. Its basic website/Google presence is established, so qualify what happens when a paid call or form is missed.",Current Google profile matched,5,212,https://maps.google.com/?cid=4628554263373915874&g_mp=Cidnb29nbGUubWFwcy5wbGFjZXMudjEuUGxhY2VzLlNlYXJjaFRleHQQAhgEIAA,https://www.google.com/maps/search/?api=1&query=EXPERT%20GARAGE%20DOOR%20SERVICE%20LLC%20Arizona,Basic website checks pass,https://expertgaragerepair.com/,,https://www.angi.com/companylist/us/az/phoenix/garage-doors.htm,2026-07-22,phone-6028883639,Exact normalized business-name match,,,
36,36,Existing cockpit record · enriched in place,Campbell's A/C,hvac contractor,Flagstaff,AZ,'+19283263709,,Angi,Confirmed paid,Angi: Approved advertiser badge (Confirmed paid),Angi · response 2 days · 22 recent quote requests,Lead recovery,"Angi shows the company is already acquiring leads. Its basic website/Google presence is established, so qualify what happens when a paid call or form is missed.",Current Google profile matched,4.8,190,https://www.google.com/maps/search/?api=1&query=Campbell's%20A%2FC&query_place_id=ChIJoYTFcO6RxKcRBfLjT2famoA,https://www.google.com/maps/search/?api=1&query=Campbell's%20A%2FC%2C%20LLC%20Arizona,Website listed · not audited,https://campbellsheatingandcooling.com/,,https://www.angi.com/companylist/us/az/flagstaff/hvac.htm,2026-07-22,place-ChIJoYTFcO6RxKcRBfLjT2famoA,Exact normalized business-name match,,,
37,37,Existing cockpit record · enriched in place,Aqua Spa and Pool Llc,Pool service,Scottsdale,AZ,(480) 515-9150,,Angi,Confirmed paid,Angi: Approved advertiser badge (Confirmed paid),,Lead recovery,"Angi shows the company is already acquiring leads. Its basic website/Google presence is established, so qualify what happens when a paid call or form is missed.",Current Google profile matched,4.8,176,https://maps.google.com/?cid=8209279246287010967&g_mp=Cidnb29nbGUubWFwcy5wbGFjZXMudjEuUGxhY2VzLlNlYXJjaFRleHQQAhgEIAA,https://www.google.com/maps/search/?api=1&query=Aqua%20Spa%20and%20Pool%2C%20LLC%20Arizona,Basic website checks pass,http://azaquaspa.com/,,https://www.angi.com/companylist/us/az/phoenix/pool-and-spa-service.htm,2026-07-22,phone-4805159150,Exact normalized business-name match,,,
38,38,Existing cockpit record · enriched in place,American Plumbing and Rooter,plumber,Chandler,AZ,'+14808885213,,Yelp,Confirmed paid,Yelp: Sponsored result (Confirmed paid),Yelp · response 10 mins,Lead recovery,"Yelp shows the company is already acquiring leads. Its basic website/Google presence is established, so qualify what happens when a paid call or form is missed.",Current Google profile matched,4.9,151,https://www.google.com/maps/search/?api=1&query=American%20Plumbing%20and%20Rooter&query_place_id=ChIJi4LUWimoK4cRnqNZvQMV7us,https://www.google.com/maps/search/?api=1&query=American%20Plumbing%20and%20Rooter&query_place_id=ChIJi4LUWimoK4cRnqNZvQMV7us,Website listed · not audited,https://americanplumbingaz.com/,https://www.yelp.com/biz/american-plumbing-and-rooter-chandler,https://www.yelp.com/search?find_desc=Plumbers&find_loc=Phoenix%2C%20AZ,2026-07-21,place-ChIJi4LUWimoK4cRnqNZvQMV7us,Exact phone/place/domain/name + service-area match,,,
39,39,Existing cockpit record · enriched in place,Sandy Bottom Pool Service & Repair,pool service,Phoenix,AZ,'+16233498210,,Angi,Confirmed paid,Angi: Approved advertiser badge (Confirmed paid),Angi · response 1 day · rate 93% · 5 recent quote requests,Lead recovery,"Angi shows the company is already acquiring leads. Its basic website/Google presence is established, so qualify what happens when a paid call or form is missed.",Current Google profile matched,4.9,70,https://www.google.com/maps/search/?api=1&query=Sandy%20Bottom%20Pool%20Service%20%26%20Repair&query_place_id=ChIJERKIncGHfCIRw1gv3mVjfMQ,https://www.google.com/maps/search/?api=1&query=Sandy%20Bottom%20Pools%20LLC%20Arizona,Basic website checks pass,https://www.sandybottompools.com/,,https://www.angi.com/companylist/us/az/phoenix/pool-and-spa-service.htm,2026-07-22,place-ChIJERKIncGHfCIRw1gv3mVjfMQ,Reviewed cross-platform identity match,,,
40,40,Existing cockpit record · enriched in place,"All Terrain Landscape Creations, Inc.",landscaper,Tucson,AZ,'+15207216631,,Angi,Confirmed paid,Angi: Approved advertiser badge (Confirmed paid),Angi · 1 recent quote requests,Lead recovery,"Angi shows the company is already acquiring leads. Its basic website/Google presence is established, so qualify what happens when a paid call or form is missed.",Current Google profile matched,4.3,68,https://www.google.com/maps/search/?api=1&query=All%20Terrain%20Landscape%20Creations%2C%20Inc.&query_place_id=ChIJZ32dK-Vx1oYRWkGl6HFCCTY,https://www.google.com/maps/search/?api=1&query=All%20Terrain%20Landscape%20Creations%20Inc%20Arizona,Website listed · not audited,https://www.allterraintucson.com/,,https://www.angi.com/companylist/us/az/tucson/landscaping.htm,2026-07-22,place-ChIJZ32dK-Vx1oYRWkGl6HFCCTY,Exact phone/place/domain/name + service-area match,,,
41,41,Existing cockpit record · enriched in place,Goettl Air Conditioning and Plumbing - Phoenix AZ,HVAC contractor,Phoenix,AZ,'+1 602-517-0039,enriquem@arsawardsandgifts.com,Angi,Confirmed paid,Angi: Approved advertiser badge (Confirmed paid) | Angi: Approved advertiser badge (Confirmed paid),Angi · 287 recent quote requests | Angi · 60 recent quote requests,Lead recovery,"Angi shows paid lead activity and this signal was joined to an existing cockpit contact. The direct Google profile link still needs a recheck, so lead with missed paid calls rather than a Google claim.",Google rating in lead data · profile link needs recheck,4.7,14206,,https://www.google.com/maps/search/?api=1&query=Goettl%20Air%20Conditioning%20%26%20Plumbing%20Arizona,Website listed · not live-audited,https://www.goettl.com/location/phoenix-arizona/,,https://www.angi.com/companylist/us/az/casa-grande/hvac.htm | https://www.angi.com/companylist/us/az/casa-grande/plumbing.htm,2026-07-22,phone-6025170039,Reviewed cross-platform identity match,,,
42,42,Existing cockpit record · enriched in place,A1 Garage Door Service,Garage door supplier,Phoenix,AZ,'+1 602-563-6467,acronenberg@a1garage.com,Angi,Confirmed paid,Angi: Approved advertiser badge (Confirmed paid),Angi · 18 recent quote requests,Lead recovery,"Angi shows paid lead activity and this signal was joined to an existing cockpit contact. The direct Google profile link still needs a recheck, so lead with missed paid calls rather than a Google claim.",Google rating in lead data · profile link needs recheck,4.8,13120,,https://www.google.com/maps/search/?api=1&query=A1%20Garage%20Door%20Service%2C%20LLC%20Arizona,Website listed · not live-audited,https://a1garage.com/arizona-garage-door-repair-installation-near-you/,,https://www.angi.com/companylist/us/az/tucson/garage-doors.htm,2026-07-22,phone-6025636467,Exact normalized business-name match,,,
43,43,Existing cockpit record · enriched in place,George Brazil Plumbing & Electrical,Plumber,Phoenix,AZ,'+1 602-529-3749,dgonzalezcsr@att.net,Angi,Confirmed paid,Angi: Approved advertiser badge (Confirmed paid),Angi · response 4 days · 10 recent quote requests,Lead recovery,"Angi shows paid lead activity and this signal was joined to an existing cockpit contact. The direct Google profile link still needs a recheck, so lead with missed paid calls rather than a Google claim.",Google rating in lead data · profile link needs recheck,4.7,3049,,https://www.google.com/maps/search/?api=1&query=George%20Brazil%20Electric%20Arizona,Website listed · not live-audited,https://georgebrazilplumbingelectrical.com/,,https://www.angi.com/companylist/us/az/casa-grande/electrical.htm,2026-07-22,phone-6025293749,Reviewed cross-platform identity match,,,
44,44,Existing cockpit record · enriched in place,Jacuzzi Bath Remodel of Arizona,Bathroom remodeler,Phoenix,AZ,'+1 928-460-8115,astevens@azbaths.com,Angi,Confirmed paid,Angi: Approved advertiser badge (Confirmed paid) | Angi: Approved advertiser badge (Confirmed paid),Angi · 51 recent quote requests | Angi · 48 recent quote requests,Lead recovery,"Angi shows paid lead activity and this signal was joined to an existing cockpit contact. The direct Google profile link still needs a recheck, so lead with missed paid calls rather than a Google claim.",Google rating in lead data · profile link needs recheck,4.6,1605,,https://www.google.com/maps/search/?api=1&query=Jacuzzi%20Bath%20Remodel%20Arizona%20Arizona,Website listed · not live-audited,https://azbaths.com/,,https://www.angi.com/companylist/us/az/tucson/kitchen-and-bath-remodeling.htm | https://www.angi.com/companylist/us/az/sierra-vista/plumbing.htm,2026-07-22,phone-9284608115,Reviewed cross-platform identity match,,,
45,45,Existing cockpit record · enriched in place,Mr. Electric of Phoenix Metro,Electrician,Phoenix,AZ,'+1 480-582-1249,,Angi,Confirmed paid,Angi: Approved advertiser badge (Confirmed paid) | Angi: Approved advertiser badge (Confirmed paid),Angi · 1 recent quote requests | Angi · 1 recent quote requests,Lead recovery,"Angi shows paid lead activity and this signal was joined to an existing cockpit contact. The direct Google profile link still needs a recheck, so lead with missed paid calls rather than a Google claim.",Google rating in lead data · profile link needs recheck,4.9,1265,,https://www.google.com/maps/search/?api=1&query=Mr.%20Electric%20of%20Phoenix%20Metro%20Arizona,Website listed · not live-audited,https://mrelectric.com/phoenix-metro/?cid=LSTL_MRE000196,,https://www.angi.com/companylist/us/az/phoenix/electrical.htm | https://www.angi.com/companylist/us/az/casa-grande/electrical.htm,2026-07-22,phone-4805821249,Exact phone/place/domain/name + service-area match,,,
46,46,Existing cockpit record · enriched in place,All About Roofing LLC,Roofing contractor,Surprise,AZ,'+1 602-500-0652,,Angi,Confirmed paid,Angi: Approved advertiser badge (Confirmed paid) | Angi: Approved advertiser badge (Confirmed paid),Angi · response 9 hrs · 40 recent quote requests | Angi · response 9 hrs · 40 recent quote requests,Lead recovery,"Angi shows paid lead activity and this signal was joined to an existing cockpit contact. The direct Google profile link still needs a recheck, so lead with missed paid calls rather than a Google claim.",Google rating in lead data · profile link needs recheck,4.8,1027,,https://www.google.com/maps/search/?api=1&query=All%20About%20Roofing%2C%20LLC%20Arizona,Website listed · not live-audited,https://allaboutroofing.com/,,https://www.angi.com/companylist/us/az/phoenix/roofing.htm | https://www.angi.com/companylist/us/az/prescott/roofing.htm,2026-07-22,phone-6025000652,Exact normalized business-name match,,,
47,47,Existing cockpit record · enriched in place,Turn It On Electric,Electrician,Phoenix,AZ,'+1 602-313-3460,,Angi,Confirmed paid,Angi: Approved advertiser badge (Confirmed paid) | Angi: Approved advertiser badge (Confirmed paid),Angi · 26 recent quote requests | Angi · 26 recent quote requests,Lead recovery,"Angi shows paid lead activity and this signal was joined to an existing cockpit contact. The direct Google profile link still needs a recheck, so lead with missed paid calls rather than a Google claim.",Google rating in lead data · profile link needs recheck,4.6,480,,https://www.google.com/maps/search/?api=1&query=Turn%20It%20On%20Electric%20Arizona,Website listed · not live-audited,https://turnitonelectric.com/,,https://www.angi.com/companylist/us/az/phoenix/electrical.htm | https://www.angi.com/companylist/us/az/casa-grande/electrical.htm,2026-07-22,phone-6023133460,Exact phone/place/domain/name + service-area match,,,
48,48,Existing cockpit record · enriched in place,Bolt Electric,Electrician,Chandler,AZ,'+1 602-566-9503,,Angi,Confirmed paid,Angi: Approved advertiser badge (Confirmed paid),Angi · 4 recent quote requests,Lead recovery,"Angi shows paid lead activity and this signal was joined to an existing cockpit contact. The direct Google profile link still needs a recheck, so lead with missed paid calls rather than a Google claim.",Google rating in lead data · profile link needs recheck,4.9,435,,https://www.google.com/maps/search/?api=1&query=Bolt%20Electric%20Arizona,Website listed · not live-audited,http://www.boltelectricaz.com/,,https://www.angi.com/companylist/us/az/phoenix/electrical.htm,2026-07-22,phone-6025669503,Exact normalized business-name match,,,
49,49,Existing cockpit record · enriched in place,Frontline Consultants & Contracting LLC Roofing,Roofing contractor,Peoria,AZ,'+1 928-252-6055,,Angi,Confirmed paid,Angi: Approved advertiser badge (Confirmed paid),Angi · response 1 day · 3 recent quote requests,Lead recovery,"Angi shows paid lead activity and this signal was joined to an existing cockpit contact. The direct Google profile link still needs a recheck, so lead with missed paid calls rather than a Google claim.",Google rating in lead data · profile link needs recheck,4.6,236,,https://www.google.com/maps/search/?api=1&query=Frontline%20Consultants%20and%20Contracting%2C%20LLC%20Arizona,Website listed · not live-audited,https://www.frontlineconsultantsllc.com/,,https://www.angi.com/companylist/us/az/prescott/roofing.htm,2026-07-22,phone-9282526055,Reviewed cross-platform identity match,,,
50,50,Existing cockpit record · enriched in place,Pink Plumbing and Sewer,Plumber,Phoenix,AZ,'+1 602-562-5290,pinkplumbingandsewer@gmail.com,Yelp,Confirmed paid,Yelp: Sponsored result (Confirmed paid),Yelp · response 20 mins,Lead recovery,"Yelp shows paid lead activity and this signal was joined to an existing cockpit contact. The direct Google profile link still needs a recheck, so lead with missed paid calls rather than a Google claim.",Google rating in lead data · profile link needs recheck,4.9,205,,https://www.google.com/search?q=Pink%20Plumbing%20and%20Sewer%20Phoenix%20AZ%20%2B1%20602-562-5290,Website listed · not live-audited,http://www.pinkplumbingandsewer.com/,https://www.yelp.com/biz/pink-plumbing-and-sewer-phoenix-7,https://www.yelp.com/search?find_desc=Plumbers&find_loc=Phoenix%2C%20AZ,2026-07-21,phone-6025625290,Exact phone/place/domain/name + service-area match,,,
51,51,Existing cockpit record · enriched in place,Sun Devil Heating and Cooling,Air conditioning contractor,Phoenix,AZ,'+1 602-466-1932,jason@sundevilaz.com,Angi,Confirmed paid,Angi: Approved advertiser badge (Confirmed paid),Angi · 68 recent quote requests,Lead recovery,"Angi shows paid lead activity and this signal was joined to an existing cockpit contact. The direct Google profile link still needs a recheck, so lead with missed paid calls rather than a Google claim.",Google rating in lead data · profile link needs recheck,4.8,200,,https://www.google.com/maps/search/?api=1&query=Sun%20Devil%20Heating%20and%20Cooling%2C%20Inc%20Arizona,Website linked on Angi profile · live state not audited,http://www.sundevilaz.com/,https://www.angi.com/companylist/us/az/peoria/sun-devil-heating-and-cooling%2C-inc-reviews-9033414.htm,https://www.angi.com/companylist/us/az/phoenix/hvac.htm,2026-07-22,phone-6024661932,Exact phone/place/domain/name + service-area match,,,
52,52,Existing cockpit record · enriched in place,Spencer 4 Hire Roofing LLC,Roofing contractor,Phoenix,AZ,'+1 480-446-7663,brandons@spencer4hireroofing.com,Angi,Confirmed paid,Angi: Approved advertiser badge (Confirmed paid) | Angi: Approved advertiser badge (Confirmed paid),Angi · 4 recent quote requests | Angi · 4 recent quote requests,Lead recovery,"Angi shows paid lead activity and this signal was joined to an existing cockpit contact. The direct Google profile link still needs a recheck, so lead with missed paid calls rather than a Google claim.",Google rating in lead data · profile link needs recheck,5,189,,https://www.google.com/maps/search/?api=1&query=Spencer%204%20Hire%20Roofing%20LLC%20Arizona,Website listed · not live-audited,https://spencer4hireroofing.com/,,https://www.angi.com/companylist/us/az/phoenix/roofing.htm | https://www.angi.com/companylist/us/az/casa-grande/roofing.htm,2026-07-22,phone-4804467663,Exact phone/place/domain/name + service-area match,,,
53,53,Existing cockpit record · enriched in place,Rich Electrical Services LLC,Electrician,Phoenix,AZ,'+1 623-760-5882,srichardson2@rocketmail.com,Angi,Confirmed paid,Angi: Approved advertiser badge (Confirmed paid),Angi · response 12 hrs,Lead recovery,"Angi shows paid lead activity and this signal was joined to an existing cockpit contact. The direct Google profile link still needs a recheck, so lead with missed paid calls rather than a Google claim.",Google rating in lead data · profile link needs recheck,4.9,183,,https://www.google.com/maps/search/?api=1&query=Rich%20Electrical%20Services%2C%20LLC%20Arizona,Website listed · not live-audited,https://richelectricalservices.com/,,https://www.angi.com/companylist/us/az/prescott/electrical.htm,2026-07-22,phone-6237605882,Exact normalized business-name match,,,
54,54,Existing cockpit record · enriched in place,Static Sun Electric & Solar,Electrician,Chandler,AZ,'+1 602-739-7498,,Angi,Confirmed paid,Angi: Approved advertiser badge (Confirmed paid),Angi · response 1 day · 7 recent quote requests,Lead recovery,"Angi shows paid lead activity and this signal was joined to an existing cockpit contact. The direct Google profile link still needs a recheck, so lead with missed paid calls rather than a Google claim.",Google rating in lead data · profile link needs recheck,5,179,,https://www.google.com/maps/search/?api=1&query=Static%20Sun%20Electric%20and%20Solar%2C%20LLC%20Arizona,Website listed · not live-audited,https://www.staticsunelectric.com/,,https://www.angi.com/companylist/us/az/flagstaff/electrical.htm,2026-07-22,phone-6027397498,Exact normalized business-name match,,,
55,55,Existing cockpit record · enriched in place,Al's Plumbing LLC,Plumber,Buckeye,AZ,'+1 623-329-5170,,Angi,Confirmed paid,Angi: Approved advertiser badge (Confirmed paid) | Angi: Approved advertiser badge (Confirmed paid),Angi · 156 recent quote requests | Angi · 156 recent quote requests,Lead recovery,"Angi shows paid lead activity and this signal was joined to an existing cockpit contact. The direct Google profile link still needs a recheck, so lead with missed paid calls rather than a Google claim.",Google rating in lead data · profile link needs recheck,4.7,99,,https://www.google.com/maps/search/?api=1&query=Al's%20Plumbing%20LLC%20Arizona,Website linked on Angi profile · live state not audited,http://www.alsplumbingllc.com/,https://www.angi.com/companylist/us/az/goodyear/al%27s-plumbing-llc-reviews-2355521.htm,https://www.angi.com/companylist/us/az/phoenix/plumbing.htm | https://www.angi.com/companylist/us/az/casa-grande/plumbing.htm,2026-07-22,phone-6233295170,Exact phone/place/domain/name + service-area match,,,
56,56,Existing cockpit record · enriched in place,Legacy Roofing,Roofing contractor,Anthem,AZ,'+1 623-209-6696,toby.e@legacyroofingnow.com,Angi,Confirmed paid,Angi: Approved advertiser badge (Confirmed paid) | Angi: Approved advertiser badge (Confirmed paid),Angi · 45 recent quote requests | Angi · 42 recent quote requests,Lead recovery,"Angi shows paid lead activity and this signal was joined to an existing cockpit contact. The direct Google profile link still needs a recheck, so lead with missed paid calls rather than a Google claim.",Google rating in lead data · profile link needs recheck,4.9,93,,https://www.google.com/maps/search/?api=1&query=Legacy%20Roofing%20--%20Prescott%20Arizona,Website listed · not live-audited,https://legacyroofingnow.com/anthem/,,https://www.angi.com/companylist/us/az/flagstaff/roofing.htm | https://www.angi.com/companylist/us/az/prescott/roofing.htm,2026-07-22,phone-6232096696,Reviewed cross-platform identity match,,,
57,57,Existing cockpit record · enriched in place,Erie Home Roofing,Roofing contractor,Phoenix,AZ,'+1 480-712-5013,sue@signaturemortgage.net,Angi,Confirmed paid,Angi: Approved advertiser badge (Confirmed paid),Angi · 31 recent quote requests,Lead recovery,"Angi shows paid lead activity and this signal was joined to an existing cockpit contact. The direct Google profile link still needs a recheck, so lead with missed paid calls rather than a Google claim.",Google rating in lead data · profile link needs recheck,4.2,74,,https://www.google.com/maps/search/?api=1&query=Erie%20Home%20Arizona,Website listed · not live-audited,https://eriehome.com/locations/roofing/phoenix-az/,,https://www.angi.com/companylist/us/az/lake-havasu-city/roofing.htm,2026-07-22,phone-4807125013,Reviewed cross-platform identity match,,,
58,58,Existing cockpit record · enriched in place,Cobra Rooter & Plumbing,Plumber,Phoenix,AZ,'+1 480-897-9211,eben@eyebytes.com,Angi,Confirmed paid,Angi: Approved advertiser badge (Confirmed paid),,Lead recovery,"Angi shows paid lead activity and this signal was joined to an existing cockpit contact. The direct Google profile link still needs a recheck, so lead with missed paid calls rather than a Google claim.",Google rating in lead data · profile link needs recheck,4.6,55,,https://www.google.com/maps/search/?api=1&query=Cobra%20Rooter%20%26%20Plumbing%20Service%20Arizona,Website linked on Angi profile · live state not audited,http://cobrarooter.com/,https://www.angi.com/companylist/us/az/phoenix/cobra-rooter-and-plumbing-service-reviews-328521.htm,https://www.angi.com/companylist/us/az/phoenix/plumbing.htm,2026-07-22,phone-4808979211,Reviewed cross-platform identity match,,,
59,59,Existing cockpit record · enriched in place,Top Notch Roofing LLC,Roofing contractor,Phoenix,AZ,'+1 602-516-9419,,Angi,Confirmed paid,Angi: Approved advertiser badge (Confirmed paid),Angi · response 10 hrs · 2 recent quote requests,Lead recovery,"Angi shows paid lead activity and this signal was joined to an existing cockpit contact. The direct Google profile link still needs a recheck, so lead with missed paid calls rather than a Google claim.",Google rating in lead data · profile link needs recheck,4.1,49,,https://www.google.com/maps/search/?api=1&query=Top%20Notch%20Roofing%20%26%20Home%20Improvements%20LLC%20Arizona,Website listed · not live-audited,http://www.topnotchroofing.webflow.io/,,https://www.angi.com/companylist/us/az/phoenix/roofing.htm,2026-07-22,phone-6025169419,Reviewed cross-platform identity match,,,
60,60,Existing cockpit record · enriched in place,Lawrence Electric Diversified Services,Electrician,Casa Grande,AZ,'+1 623-341-1817,,Angi,Confirmed paid,Angi: Approved advertiser badge (Confirmed paid),Angi · response 8 hrs · 4 recent quote requests,Lead recovery,"Angi shows paid lead activity and this signal was joined to an existing cockpit contact. The direct Google profile link still needs a recheck, so lead with missed paid calls rather than a Google claim.",Google rating in lead data · profile link needs recheck,5,48,,https://www.google.com/maps/search/?api=1&query=Lawrence%20Electric%20Diversified%20Services%2C%20LLC%20Arizona,No website in source · manual check required,,,https://www.angi.com/companylist/us/az/casa-grande/electrical.htm,2026-07-22,phone-6233411817,Exact normalized business-name match,,,
61,61,Existing cockpit record · enriched in place,AZ Grand Roofing & Painting,Roofing contractor,Phoenix,AZ,'+1 480-326-3155,info@azroofingandpainting.com,Angi,Confirmed paid,Angi: Approved advertiser badge (Confirmed paid),Angi · 3 recent quote requests,Lead recovery,"Angi shows paid lead activity and this signal was joined to an existing cockpit contact. The direct Google profile link still needs a recheck, so lead with missed paid calls rather than a Google claim.",Google rating in lead data · profile link needs recheck,4.9,37,,https://www.google.com/maps/search/?api=1&query=AZ%20Grand%20roofing%20and%20painting%20Arizona,Website listed · not live-audited,https://azroofingandpainting.com/,,https://www.angi.com/companylist/us/az/phoenix/painting.htm,2026-07-22,phone-4803263155,Exact normalized business-name match,,,
62,62,Existing cockpit record · enriched in place,Arizona Painting Company,Painter,Cave Creek,AZ,'+1 480-359-3822,joe@arizonapaintingcompany.com,Angi,Confirmed paid,Angi: Approved advertiser badge (Confirmed paid) | Angi: Approved advertiser badge (Confirmed paid),Angi · 5 recent quote requests | Angi · response 9 hrs · rate 100% · 5 recent quote requests,Lead recovery,"Angi shows paid lead activity and this signal was joined to an existing cockpit contact. The direct Google profile link still needs a recheck, so lead with missed paid calls rather than a Google claim.",Google rating in lead data · profile link needs recheck,5,30,,https://www.google.com/maps/search/?api=1&query=Arizona%20Painting%20Company%20Arizona,Website listed · not live-audited,https://arizonapaintingcompany.com/,,https://www.angi.com/companylist/us/az/phoenix/painting.htm | https://www.angi.com/companylist/us/az/tucson/painting.htm,2026-07-22,phone-4803593822,Exact normalized business-name match,,,
63,63,Existing cockpit record · enriched in place,Drainiology,Plumber,Phoenix,AZ,'+1 480-256-9226,info@drainiology.com,Angi,Confirmed paid,Angi: Approved advertiser badge (Confirmed paid),Angi · response 8 hrs · 30 recent quote requests,Lead recovery,"Angi shows paid lead activity and this signal was joined to an existing cockpit contact. The direct Google profile link still needs a recheck, so lead with missed paid calls rather than a Google claim.",Google rating in lead data · profile link needs recheck,5,29,,https://www.google.com/maps/search/?api=1&query=Drainiology%20Arizona,Website listed · not live-audited,https://www.drainiology.com/,,https://www.angi.com/companylist/us/az/casa-grande/plumbing.htm,2026-07-22,phone-4802569226,Exact normalized business-name match,,,
64,64,Existing cockpit record · enriched in place,R and R Painting Arizona LLC,Painting,Phoenix,AZ,'+1 602-540-7531,,Angi,Confirmed paid,Angi: Approved advertiser badge (Confirmed paid),Angi · 2 recent quote requests,Lead recovery,"Angi shows paid lead activity and this signal was joined to an existing cockpit contact. The direct Google profile link still needs a recheck, so lead with missed paid calls rather than a Google claim.",Google rating in lead data · profile link needs recheck,4.9,27,,https://www.google.com/maps/search/?api=1&query=R%20and%20R%20Painting%20AZ%20Arizona,Website listed · not live-audited,https://randrpaintingaz.com/,,https://www.angi.com/companylist/us/az/phoenix/painting.htm,2026-07-22,phone-6025407531,Reviewed cross-platform identity match,,,
65,65,Existing cockpit record · enriched in place,Denix Construction LLC,General contractor,Phoenix,AZ,'+1 602-674-5900,denixconstruction@gmail.com,Angi,Confirmed paid,Angi: Approved advertiser badge (Confirmed paid),Angi · 3 recent quote requests,Lead recovery,"Angi shows paid lead activity and this signal was joined to an existing cockpit contact. The direct Google profile link still needs a recheck, so lead with missed paid calls rather than a Google claim.",Google rating in lead data · profile link needs recheck,4.5,22,,https://www.google.com/maps/search/?api=1&query=Denix%20Construction%20LLC%20Arizona,Website listed · not live-audited,https://www.denixconstruction.com/,,https://www.angi.com/companylist/us/az/phoenix/contractor.htm,2026-07-22,phone-6026745900,Exact normalized business-name match,,,
66,66,Existing cockpit record · enriched in place,"D&M Construction, Electrical, & Plumbing",Construction company,Buckeye,AZ,'+1 602-739-1539,,Angi,Confirmed paid,Angi: Approved advertiser badge (Confirmed paid),Angi · 3 recent quote requests,Lead recovery,"Angi shows paid lead activity and this signal was joined to an existing cockpit contact. The direct Google profile link still needs a recheck, so lead with missed paid calls rather than a Google claim.",Google rating in lead data · profile link needs recheck,4.9,11,,https://www.google.com/maps/search/?api=1&query=D%26M%20Electrical%20and%20Plumbing%20Arizona,Website listed · not live-audited,https://www.dm-construction-llc.com/,,https://www.angi.com/companylist/us/az/casa-grande/plumbing.htm,2026-07-22,phone-6027391539,Reviewed cross-platform identity match,,,
67,67,Existing cockpit record · enriched in place,VR Electrical Services LLC,Electrical installation service,Phoenix,AZ,'+1 602-369-0457,vrelectricalservices9@gmail.com,Angi,Confirmed paid,Angi: Approved advertiser badge (Confirmed paid),Angi · response 5 hrs · 6 recent quote requests,Lead recovery,"Angi shows paid lead activity and this signal was joined to an existing cockpit contact. The direct Google profile link still needs a recheck, so lead with missed paid calls rather than a Google claim.",Google rating in lead data · profile link needs recheck,4.7,10,,https://www.google.com/maps/search/?api=1&query=VR%20Electrical%20Services%2C%20LLC%20Arizona,Website listed · not live-audited,https://www.vrelectricalservicesaz.com/,,https://www.angi.com/companylist/us/az/phoenix/electrical.htm,2026-07-22,phone-6023690457,Exact phone/place/domain/name + service-area match,,,
68,68,Existing cockpit record · enriched in place,George Brazil Air Conditioning & Heating,HVAC contractor,Phoenix,AZ,'+1 602-649-1374,acolon@qhmamerica.com,HomeAdvisor / Angi Leads,Likely active lead-buyer,HomeAdvisor / Angi Leads: Active lead-platform signal (Likely active lead-buyer),,Lead recovery,"HomeAdvisor / Angi Leads shows the company is already acquiring leads. Its basic website/Google presence is established, so qualify what happens when a paid call or form is missed.",Current Google profile matched,4.7,5429,https://www.google.com/maps/search/?api=1&query=George%20Brazil%20Air%20Conditioning%20%26%20Heating%20Phoenix%20AZ,https://www.google.com/maps/search/?api=1&query=George%20Brazil%20Air%20Conditioning%20%26%20Heating%20Phoenix%20AZ,Owned website found,https://georgebrazilhvac.com/,,https://www.homeadvisor.com/tloc/Rio-Verde-AZ/Heat-Pump-Repair-or-Service/,2026-07-21,phone-6026491374,Exact phone/place/domain/name + service-area match,,,
69,69,Existing cockpit record · enriched in place,Conserva Irrigation of Greater Scottsdale,irrigation repair,Scottsdale,AZ,'+14807716195,,HomeAdvisor / Angi Leads,Likely active lead-buyer,HomeAdvisor / Angi Leads: Active lead-platform signal (Likely active lead-buyer),,Lead recovery,"HomeAdvisor / Angi Leads shows the company is already acquiring leads. Its basic website/Google presence is established, so qualify what happens when a paid call or form is missed.",Current Google profile matched,4.8,218,https://www.google.com/maps/search/?api=1&query=Conserva%20Irrigation%20of%20Greater%20Scottsdale&query_place_id=ChIJi50C_8yKq2QRMRScbNkAwMc,https://www.google.com/maps/search/?api=1&query=Conserva%20Irrigation%20of%20Greater%20Scottsdale&query_place_id=ChIJi50C_8yKq2QRMRScbNkAwMc,Website listed · not audited,https://conservairrigation.com/,,https://www.homeadvisor.com/tloc/Scottsdale-AZ/Lawn-and-Garden-Sprinkler-System-Install/,2026-07-21,place-ChIJi50C_8yKq2QRMRScbNkAwMc,Exact phone/place/domain/name + service-area match,,,
70,70,New contact · identity and phone verified,"Signature Heating, Cooling and Plumbing, LLC",HVAC,Tucson,AZ,'+1 520-201-8043,,Angi + Yelp,Confirmed paid,Angi: Approved advertiser badge (Confirmed paid) | Yelp: Sponsored result (Confirmed paid),Angi · response 6 hrs · rate 93% · 229 recent quote requests | Yelp · response 2 hrs,Lead recovery,"Angi + Yelp shows the company is already acquiring leads. Its basic website/Google presence is established, so qualify what happens when a paid call or form is missed.",Current Google profile matched,4.8,630,"https://www.google.com/maps/place/Signature+Heating%2C+Cooling+and+Plumbing/@32.2204949,-110.8115847,14z/data=!4m8!1m2!2m1!1sSignature+Heating%2C+Cooling+and+Plumbing!3m4!1s0x86d6694bf5f458f5:0xe2df0b6e72e251f!8m2!3d32.2204949!4d-110.8115847","https://www.google.com/maps/place/Signature+Heating%2C+Cooling+and+Plumbing/@32.2204949,-110.8115847,14z/data=!4m8!1m2!2m1!1sSignature+Heating%2C+Cooling+and+Plumbing!3m4!1s0x86d6694bf5f458f5:0xe2df0b6e72e251f!8m2!3d32.2204949!4d-110.8115847",Live,https://www.signatureheatingandcooling.com/,https://www.yelp.com/biz/signature-heating-cooling-and-plumbing-tucson-3,https://www.angi.com/companylist/us/az/tucson/hvac.htm | https://www.yelp.com/search?find_desc=Plumbers&find_loc=Tucson%2C%20AZ,2026-07-21 | 2026-07-22,platform-signature-heating-cooling-and-plumbing-tucson,Exact phone/place/domain/name + service-area match,,,
71,71,New contact · identity and phone verified,"Balance Landscaping, LLC",Landscaping,Phoenix,AZ,'+1 602-459-6681,,Angi + HomeAdvisor / Angi Leads,Confirmed paid,Angi: Approved advertiser badge (Confirmed paid) | Angi: Approved advertiser badge (Confirmed paid) | HomeAdvisor / Angi Leads: Active lead-platform signal (Likely active lead-buyer),Angi · response 2 days · 69 recent quote requests | Angi · 7 recent quote requests,Lead recovery,"Angi + HomeAdvisor / Angi Leads shows paid lead activity and the current business phone was independently verified. Google profile identity is still unresolved, so lead with what happens to missed paid calls rather than making a Google claim.",Not yet cross-checked,,0,,https://www.google.com/maps/search/?api=1&query=Balance%20Landscaping%2C%20LLC%20Arizona,No owned website or confident Google profile identified; recheck manually before pitching a website,,,https://www.angi.com/companylist/us/az/phoenix/landscaping.htm | https://www.angi.com/companylist/us/az/tucson/landscaping.htm | https://www.homeadvisor.com/tloc/Scottsdale-AZ/Designer-Landscape/,2026-07-21 | 2026-07-22,platform-balance-landscaping-phoenix,Exact phone/place/domain/name + service-area match,,,
72,72,New contact · identity and phone verified,"Eazy Breezy Heating and Cooling, LLC",HVAC,Tucson,AZ,'+1 520-207-0334,,Angi,Confirmed paid,Angi: Approved advertiser badge (Confirmed paid),Angi · response 7 hrs · 39 recent quote requests,Reviews,"Angi shows paid lead activity; Google currently shows 44 reviews at 4.1, creating a concrete reputation-system conversation.",Current Google profile matched,4.1,44,"https://www.google.com/maps/place/Eazy+Breezy+Heating+%26+Cooling/@32.1795993,-110.9568903,14z/data=!4m8!1m2!2m1!1sEazy+Breezy+Heating+%26+Cooling!3m4!1s0x86d67aa6f9936821:0x75af3332eea5c267!8m2!3d32.1795993!4d-110.9568903","https://www.google.com/maps/place/Eazy+Breezy+Heating+%26+Cooling/@32.1795993,-110.9568903,14z/data=!4m8!1m2!2m1!1sEazy+Breezy+Heating+%26+Cooling!3m4!1s0x86d67aa6f9936821:0x75af3332eea5c267!8m2!3d32.1795993!4d-110.9568903",Live,https://www.eazybreezyheat-ac.com/,,https://www.angi.com/companylist/us/az/tucson/hvac.htm,2026-07-22,platform-eazy-breezy-heating-and-cooling-tucson,,,,
73,73,New contact · identity and phone verified,"W & D Roofing and Contracting, LLC",Roofing,Tucson,AZ,'+1 520-409-1812,,Angi,Confirmed paid,Angi: Approved advertiser badge (Confirmed paid) | Angi: Approved advertiser badge (Confirmed paid) | Angi: Approved advertiser badge (Confirmed paid),Angi · response 1 day · 77 recent quote requests | Angi · response 1 day · 74 recent quote requests | Angi · response 1 day · 73 recent quote requests,Reviews,"Angi shows paid lead activity; Google currently shows 34 reviews at 4.8, creating a concrete reputation-system conversation.",Current Google profile matched,4.8,34,"https://www.google.com/maps/place/W%26D+Roofing+and+Contracting/@32.1707661,-110.92422579999999,14z/data=!4m8!1m2!2m1!1sW%26D+Roofing+and+Contracting!3m4!1s0x86d67b799192c6c5:0x57512b096cdb9086!8m2!3d32.1707661!4d-110.92422579999999","https://www.google.com/maps/place/W%26D+Roofing+and+Contracting/@32.1707661,-110.92422579999999,14z/data=!4m8!1m2!2m1!1sW%26D+Roofing+and+Contracting!3m4!1s0x86d67b799192c6c5:0x57512b096cdb9086!8m2!3d32.1707661!4d-110.92422579999999",Live,https://arizonaroofpro.com/,,https://www.angi.com/companylist/us/az/tucson/roofing.htm | https://www.angi.com/companylist/us/az/sierra-vista/roofing.htm | https://www.angi.com/companylist/us/az/casa-grande/roofing.htm,2026-07-22,platform-w-and-d-roofing-and-contracting-tucson,,,,
74,74,New contact · identity and phone verified,Allied Electric LLC,Electrical; HVAC,Flagstaff,AZ,'+1 928-833-4681,,Angi,Confirmed paid,Angi: Approved advertiser badge (Confirmed paid) | Angi: Approved advertiser badge (Confirmed paid) | Angi: Approved advertiser badge (Confirmed paid) | Angi: Approved advertiser badge (Confirmed paid),Angi · response 1 day · rate 100% · 114 recent quote requests | Angi · response 6 hrs · rate 100% · 117 recent quote requests | Angi · response 1 day · rate 100% · 102 recent quote requests | Angi · response 1 day · rate 100% · 104 recent quote requests,Reviews,"Angi shows paid lead activity; Google currently shows 29 reviews at 4.8, creating a concrete reputation-system conversation.",Current Google profile matched,4.8,29,"https://www.google.com/maps/place/Allied+Electric%2C+Heating+%26+AC+Repair/@35.184455199999995,-111.6696851,14z/data=!4m8!1m2!2m1!1sAllied+Electric%2C+Heating+%26+AC+Repair!3m4!1s0x872d852147e4edf9:0x99c00347cd1bbbf3!8m2!3d35.184455199999995!4d-111.6696851","https://www.google.com/maps/place/Allied+Electric%2C+Heating+%26+AC+Repair/@35.184455199999995,-111.6696851,14z/data=!4m8!1m2!2m1!1sAllied+Electric%2C+Heating+%26+AC+Repair!3m4!1s0x872d852147e4edf9:0x99c00347cd1bbbf3!8m2!3d35.184455199999995!4d-111.6696851",Live,https://callalliedelectric.com/service-areas/flagstaff-az/,,https://www.angi.com/companylist/us/az/flagstaff/hvac.htm | https://www.angi.com/companylist/us/az/flagstaff/electrical.htm | https://www.angi.com/companylist/us/az/prescott/hvac.htm | https://www.angi.com/companylist/us/az/prescott/electrical.htm,2026-07-22,platform-allied-electric-flagstaff,,,,
75,75,New contact · identity and phone verified,"ValleyContracting, LLC",Roofing,Prescott,AZ,'+1 480-262-3604,,Angi,Confirmed paid,Angi: Approved advertiser badge (Confirmed paid) | Angi: Approved advertiser badge (Confirmed paid),Angi · response 3 hrs · 64 recent quote requests | Angi · response 3 hrs · 64 recent quote requests,Reviews,"Angi shows paid lead activity; Google currently shows 29 reviews at 4.9, creating a concrete reputation-system conversation.",Current Google profile matched,4.9,29,"https://www.google.com/maps/place/Valley+Contracting/@33.3074037,-111.87560049999999,14z/data=!4m8!1m2!2m1!1sValley+Contracting!3m4!1s0x872b00b382eabdf7:0xe82ef1d15c5d142f!8m2!3d33.3074037!4d-111.87560049999999","https://www.google.com/maps/place/Valley+Contracting/@33.3074037,-111.87560049999999,14z/data=!4m8!1m2!2m1!1sValley+Contracting!3m4!1s0x872b00b382eabdf7:0xe82ef1d15c5d142f!8m2!3d33.3074037!4d-111.87560049999999",Live,https://valleyraingutter.com/,,https://www.angi.com/companylist/us/az/prescott/roofing.htm | https://www.angi.com/companylist/us/az/casa-grande/roofing.htm,2026-07-22,platform-valleycontracting-prescott,,,,
76,76,New contact · identity and phone verified,Green Machine Pest Control,Pest Control,Phoenix,AZ,'+1 480-712-1105,,Angi,Confirmed paid,Angi: Approved advertiser badge (Confirmed paid) | Angi: Approved advertiser badge (Confirmed paid),Angi · response 8 hrs · 149 recent quote requests | Angi · response 8 hrs · 149 recent quote requests,Lead recovery,"Angi shows the company is already acquiring leads. Its basic website/Google presence is established, so qualify what happens when a paid call or form is missed.",Current Google profile matched,4.9,2094,"https://www.google.com/maps/place/Green+Machine+Pest+Control/@33.3086301,-111.6707366,14z/data=!4m8!1m2!2m1!1sGreen+Machine+Pest+Control!3m4!1s0x872baa261f2d58b7:0xbd3eda6a0ed53958!8m2!3d33.3086301!4d-111.6707366","https://www.google.com/maps/place/Green+Machine+Pest+Control/@33.3086301,-111.6707366,14z/data=!4m8!1m2!2m1!1sGreen+Machine+Pest+Control!3m4!1s0x872baa261f2d58b7:0xbd3eda6a0ed53958!8m2!3d33.3086301!4d-111.6707366",Live,https://www.greenmachinepest.com/,,https://www.angi.com/companylist/us/az/phoenix/pest-control.htm | https://www.angi.com/companylist/us/az/tucson/pest-control.htm,2026-07-22,platform-green-machine-pest-control-phoenix,,,,
77,77,New contact · identity and phone verified,"Home Concepts Custom Remodeling, LLC",Kitchen & Bath Remodeling; Plumbing,Phoenix,AZ,'+1 602-693-1678,,Angi,Confirmed paid,Angi: Approved advertiser badge (Confirmed paid) | Angi: Approved advertiser badge (Confirmed paid) | Angi: Approved advertiser badge (Confirmed paid) | Angi: Approved advertiser badge (Confirmed paid) | Angi: Approved advertiser badge (Confirmed paid),Angi · response 2 days · 281 recent quote requests | Angi · response 2 days · 280 recent quote requests | Angi · response 2 days · 283 recent quote requests | Angi · response 2 days · 283 recent quote requests | Angi · response 2 days · 286 recent quote requests,Lead recovery,"Angi shows the company is already acquiring leads. Its basic website/Google presence is established, so qualify what happens when a paid call or form is missed.",Current Google profile matched,4.9,336,"https://www.google.com/maps/place/Home+Concepts+Custom+Remodeling/@33.3826751,-111.941435,14z/data=!4m8!1m2!2m1!1sHome+Concepts+Custom+Remodeling!3m4!1s0x872bac0cadb6a653:0xf6053d3c3cc84329!8m2!3d33.3826751!4d-111.941435","https://www.google.com/maps/place/Home+Concepts+Custom+Remodeling/@33.3826751,-111.941435,14z/data=!4m8!1m2!2m1!1sHome+Concepts+Custom+Remodeling!3m4!1s0x872bac0cadb6a653:0xf6053d3c3cc84329!8m2!3d33.3826751!4d-111.941435",Live,https://www.homeconceptscustomremodeling.com/,,https://www.angi.com/companylist/us/az/phoenix/kitchen-and-bath-remodeling.htm | https://www.angi.com/companylist/us/az/tucson/kitchen-and-bath-remodeling.htm | https://www.angi.com/companylist/us/az/flagstaff/plumbing.htm | https://www.angi.com/companylist/us/az/prescott/plumbing.htm | https://www.angi.com/companylist/us/az/sierra-vista/plumbing.htm,2026-07-22,platform-home-concepts-custom-remodeling-phoenix,,,,
78,78,New contact · identity and phone verified,"Mission Accomplished Contracting, Inc.",HVAC; Plumbing,Lake Havasu City,AZ,'+1 928-517-7703,,Angi,Confirmed paid,Angi: Approved advertiser badge (Confirmed paid) | Angi: Approved advertiser badge (Confirmed paid),Angi · 67 recent quote requests | Angi · response 9 hrs · rate 98% · 73 recent quote requests,Lead recovery,"Angi shows the company is already acquiring leads. Its basic website/Google presence is established, so qualify what happens when a paid call or form is missed.",Current Google profile matched,4.9,219,"https://www.google.com/maps/place/Mission+Accomplished+Heating+and+Cooling/@34.4966844,-114.3372488,14z/data=!4m8!1m2!2m1!1sMission+Accomplished+Heating+and+Cooling!3m4!1s0x80d1ed2ba49184af:0x2bba5739d3f2f78f!8m2!3d34.4966844!4d-114.3372488","https://www.google.com/maps/place/Mission+Accomplished+Heating+and+Cooling/@34.4966844,-114.3372488,14z/data=!4m8!1m2!2m1!1sMission+Accomplished+Heating+and+Cooling!3m4!1s0x80d1ed2ba49184af:0x2bba5739d3f2f78f!8m2!3d34.4966844!4d-114.3372488",Live,https://callmissionaccomplished.com/,,https://www.angi.com/companylist/us/az/lake-havasu-city/hvac.htm | https://www.angi.com/companylist/us/az/lake-havasu-city/plumbing.htm,2026-07-22,platform-mission-accomplished-contracting-lake-havasu-city,,,,
79,79,New contact · identity and phone verified,"Oasis Air, LLC",HVAC,Phoenix,AZ,'+1 480-485-5630,,Angi,Confirmed paid,Angi: Approved advertiser badge (Confirmed paid) | Angi: Approved advertiser badge (Confirmed paid),Angi · response 2 hrs · rate 94% · 217 recent quote requests | Angi · response 2 hrs · rate 94% · 210 recent quote requests,Lead recovery,"Angi shows the company is already acquiring leads. Its basic website/Google presence is established, so qualify what happens when a paid call or form is missed.",Current Google profile matched,4.8,213,"https://www.google.com/maps/place/Oasis+Air+AZ/@33.488765,-111.9278205,14z/data=!4m8!1m2!2m1!1sOasis+Air+AZ!3m4!1s0x872b0be6b5a6a9d3:0x965f47e037fbea3a!8m2!3d33.488765!4d-111.9278205","https://www.google.com/maps/place/Oasis+Air+AZ/@33.488765,-111.9278205,14z/data=!4m8!1m2!2m1!1sOasis+Air+AZ!3m4!1s0x872b0be6b5a6a9d3:0x965f47e037fbea3a!8m2!3d33.488765!4d-111.9278205",Domain responds but automated check is blocked,https://oasisairaz.com/,https://www.angi.com/companylist/us/az/phoenix/oasis-air-llc-reviews-1.htm,https://www.angi.com/companylist/us/az/phoenix/hvac.htm | https://www.angi.com/companylist/us/az/casa-grande/hvac.htm,2026-07-22,platform-oasis-air-phoenix,,,,
80,80,New contact · identity and phone verified,Arizona VIP Plumbing LLC,Plumbing,Lake Havasu City,AZ,'+1 928-543-1949,,Angi,Confirmed paid,Angi: Approved advertiser badge (Confirmed paid),Angi · response 7 hrs · rate 87% · 36 recent quote requests,Lead recovery,"Angi shows the company is already acquiring leads. Its basic website/Google presence is established, so qualify what happens when a paid call or form is missed.",Current Google profile matched,4.8,84,"https://www.google.com/maps/place/Arizona+VIP+Plumbing+Sewer+%26+Fire+Protection/@34.4982258,-114.3476367,14z/data=!4m8!1m2!2m1!1sArizona+VIP+Plumbing+Sewer+%26+Fire+Protection!3m4!1s0x80d1f1aeab61e8fb:0x5553ee7d3c9f44ad!8m2!3d34.4982258!4d-114.3476367","https://www.google.com/maps/place/Arizona+VIP+Plumbing+Sewer+%26+Fire+Protection/@34.4982258,-114.3476367,14z/data=!4m8!1m2!2m1!1sArizona+VIP+Plumbing+Sewer+%26+Fire+Protection!3m4!1s0x80d1f1aeab61e8fb:0x5553ee7d3c9f44ad!8m2!3d34.4982258!4d-114.3476367",Live,https://arizonavipplumbing.com/,,https://www.angi.com/companylist/us/az/lake-havasu-city/plumbing.htm,2026-07-22,platform-arizona-vip-plumbing-lake-havasu-city,,,,
81,81,New contact · identity and phone verified,GreenGo Roofing,Roofing,Tucson,AZ,'+1 520-475-4000,,Angi,Confirmed paid,Angi: Approved advertiser badge (Confirmed paid),Angi · response 4 hrs · 36 recent quote requests,Lead recovery,"Angi shows the company is already acquiring leads. Its basic website/Google presence is established, so qualify what happens when a paid call or form is missed.",Current Google profile matched,5,54,"https://www.google.com/maps/place/GreenGo+Roofing/@32.2530782,-110.7811892,14z/data=!4m8!1m2!2m1!1sGreenGo+Roofing!3m4!1s0x86d66f8690f028bb:0xe6f7a421655a609d!8m2!3d32.2530782!4d-110.7811892","https://www.google.com/maps/place/GreenGo+Roofing/@32.2530782,-110.7811892,14z/data=!4m8!1m2!2m1!1sGreenGo+Roofing!3m4!1s0x86d66f8690f028bb:0xe6f7a421655a609d!8m2!3d32.2530782!4d-110.7811892",Live,https://greengoroofing.com/,,https://www.angi.com/companylist/us/az/tucson/roofing.htm,2026-07-22,platform-greengo-roofing-tucson,,,,
82,82,New contact · identity and phone verified,Varsity Zone HVAC of Scottsdale,HVAC,Tempe,AZ,'+1 480-590-4647,,Angi,Confirmed paid,Angi: Approved advertiser badge (Confirmed paid),Angi · response 40 mins · 26 recent quote requests,Lead recovery,"Angi shows the company is already acquiring leads. Its basic website/Google presence is established, so qualify what happens when a paid call or form is missed.",Current Google profile matched,5,46,"https://www.google.com/maps/place/Varsity+Zone+HVAC+of+Scottsdale/@33.4167,-111.9621492,14z/data=!4m8!1m2!2m1!1sVarsity+Zone+HVAC+of+Scottsdale!3m4!1s0x872b0f003ec5ff13:0x9a40e22a1fdd9ed7!8m2!3d33.4167!4d-111.9621492","https://www.google.com/maps/place/Varsity+Zone+HVAC+of+Scottsdale/@33.4167,-111.9621492,14z/data=!4m8!1m2!2m1!1sVarsity+Zone+HVAC+of+Scottsdale!3m4!1s0x872b0f003ec5ff13:0x9a40e22a1fdd9ed7!8m2!3d33.4167!4d-111.9621492",Live,https://www.varsityzone.com/scottsdale-az/,https://www.angi.com/companylist/us/az/tempe/varsity-zone-hvac-of-scottsdale-reviews-1.htm,https://www.angi.com/companylist/us/az/phoenix/hvac.htm,2026-07-22,platform-varsity-zone-hvac-of-scottsdale-tempe,,,,
83,83,New contact · identity and phone verified,ESPINOZA'S LANDSCAPING LLC,Landscaping,Tucson,AZ,'+1 520-727-1135,,Angi,Confirmed paid,Angi: Approved advertiser badge (Confirmed paid),Angi · response 10 mins · rate 95% · 21 recent quote requests,Lead recovery,"Angi shows the company is already acquiring leads. Its basic website/Google presence is established, so qualify what happens when a paid call or form is missed.",Current Google profile matched,5,2,"https://www.google.com/maps/place/Espinoz%40%27s+Landscaping+LLC/@31.9701219,-111.8908745,14z/data=!4m8!1m2!2m1!1sEspinoz%40%27s+Landscaping+LLC!3m4!1s0xa66d6969b4c14801:0x44f7d1a70c6ef9de!8m2!3d31.9701219!4d-111.8908745","https://www.google.com/maps/place/Espinoz%40%27s+Landscaping+LLC/@31.9701219,-111.8908745,14z/data=!4m8!1m2!2m1!1sEspinoz%40%27s+Landscaping+LLC!3m4!1s0xa66d6969b4c14801:0x44f7d1a70c6ef9de!8m2!3d31.9701219!4d-111.8908745",No owned website identified; official Instagram and Angi profiles found,,,https://www.angi.com/companylist/us/az/tucson/landscaping.htm,2026-07-22,platform-espinoza-s-landscaping-tucson,,,,
84,84,New contact · identity and phone verified,Chapillo Electric LLC,Electrical,Casa Grande,AZ,'+1 602-587-9929,,Angi,Confirmed paid,Angi: Approved advertiser badge (Confirmed paid),Angi · response 3 hrs · rate 85% · 84 recent quote requests,Lead recovery,"Angi shows the company is already acquiring leads. Its basic website/Google presence is established, so qualify what happens when a paid call or form is missed.",Current Google profile matched,,0,"https://www.google.com/maps/place/CHAPILLO+ELECTRIC/@33.347947,-112.219944,14z/data=!4m8!1m2!2m1!1sCHAPILLO+ELECTRIC!3m4!1s0xaa3b910c2738e329:0xd67fdf9206a9678f!8m2!3d33.347947!4d-112.219944","https://www.google.com/maps/place/CHAPILLO+ELECTRIC/@33.347947,-112.219944,14z/data=!4m8!1m2!2m1!1sCHAPILLO+ELECTRIC!3m4!1s0xaa3b910c2738e329:0xd67fdf9206a9678f!8m2!3d33.347947!4d-112.219944",No owned website identified; recheck manually before pitching a website,,,https://www.angi.com/companylist/us/az/casa-grande/electrical.htm,2026-07-22,platform-chapillo-electric-casa-grande,,,,
85,85,New contact · identity and phone verified,Five Star Bath Solutions of Phoenix AZ,Kitchen & Bath Remodeling; Plumbing,Phoenix,AZ,'+1 602-362-8814,,Angi,Confirmed paid,Angi: Approved advertiser badge (Confirmed paid) | Angi: Approved advertiser badge (Confirmed paid),Angi · 399 recent quote requests | Angi · 407 recent quote requests,Lead recovery,"Angi shows paid lead activity and the current business phone was independently verified. Google profile identity is still unresolved, so lead with what happens to missed paid calls rather than making a Google claim.",Not yet cross-checked,,0,,https://www.google.com/maps/search/?api=1&query=Five%20Star%20Bath%20Solutions%20of%20Phoenix%20AZ%20Arizona,Live,https://fivestarbathsolutions.com/,,https://www.angi.com/companylist/us/az/phoenix/kitchen-and-bath-remodeling.htm | https://www.angi.com/companylist/us/az/casa-grande/plumbing.htm,2026-07-22,platform-five-star-bath-solutions-of-phoenix-az-phoenix,,,,
86,,Research-only · not ready to call,Castle Cleaning,House Cleaning,Tucson,AZ,'+15208671328,,Angi + HomeAdvisor / Angi Leads,Confirmed paid,Angi: Approved advertiser badge (Confirmed paid) | HomeAdvisor / Angi Leads: Active lead-platform signal (Likely active lead-buyer),,Research first,"Paid lead-acquisition activity is verified, but the business identity, contact details, website, and Google profile still need to be joined before outreach.",Not yet cross-checked,,0,,https://www.google.com/maps/search/?api=1&query=Castle%20Cleaning%20Arizona,Owned website surfaced; verify live before outreach,http://www.castlecleaningaz.com/,,https://www.angi.com/companylist/us/az/tucson/house-cleaning.htm | https://www.homeadvisor.com/tloc/Tucson-AZ/Maid-Service/,2026-07-21 | 2026-07-22,platform-castle-cleaning-tucson,Exact phone/place/domain/name + service-area match,,,
87,,Research-only · not ready to call,Chex Landscaping,Landscaping,Tucson,AZ,'+1 520-289-3663,,Angi,Confirmed paid,Angi: Approved advertiser badge (Confirmed paid),Angi · response 1 day · 177 recent quote requests,Reviews,"Angi shows paid lead activity; Google currently shows 14 reviews at 4.6, creating a concrete reputation-system conversation.",Current Google profile matched,4.6,14,"https://www.google.com/maps/place/Chex+Landscaping/@32.1347769,-110.9643165,14z/data=!4m8!1m2!2m1!1sChex+Landscaping!3m4!1s0x2fa40998d356f4d3:0x31d856f0eda1ca7c!8m2!3d32.1347769!4d-110.9643165","https://www.google.com/maps/place/Chex+Landscaping/@32.1347769,-110.9643165,14z/data=!4m8!1m2!2m1!1sChex+Landscaping!3m4!1s0x2fa40998d356f4d3:0x31d856f0eda1ca7c!8m2!3d32.1347769!4d-110.9643165",Live,https://www.chexlandscaping.com/,,https://www.angi.com/companylist/us/az/tucson/landscaping.htm,2026-07-22,platform-chex-landscaping-tucson,,,,
88,,Research-only · not ready to call,"Valleywide Cooling, LLC",HVAC,Gilbert,AZ,'+1 480-439-9999,,Angi,Confirmed paid,Angi: Approved advertiser badge (Confirmed paid),Angi · response 7 hrs · rate 86% · 89 recent quote requests,Lead recovery,"Angi shows the company is already acquiring leads. Its basic website/Google presence is established, so qualify what happens when a paid call or form is missed.",Current Google profile matched,4.9,419,"https://www.google.com/maps/place/Valleywide+Cooling/@33.518260999999995,-111.8950935,14z/data=!4m8!1m2!2m1!1sValleywide+Cooling!3m4!1s0x872ba93d2aa5b245:0x4e0f1a947849aa1e!8m2!3d33.518260999999995!4d-111.8950935","https://www.google.com/maps/place/Valleywide+Cooling/@33.518260999999995,-111.8950935,14z/data=!4m8!1m2!2m1!1sValleywide+Cooling!3m4!1s0x872ba93d2aa5b245:0x4e0f1a947849aa1e!8m2!3d33.518260999999995!4d-111.8950935",Live,https://www.valleywidecooling.com/,https://www.angi.com/companylist/us/az/gilbert/valleywide-cooling-llc-reviews-1.htm,https://www.angi.com/companylist/us/az/phoenix/hvac.htm,2026-07-22,platform-valleywide-cooling-gilbert,,,,
89,,Research-only · not ready to call,GOOD FAITH HEATING AND AIR CONDITIONING INC.,HVAC,Lake Havasu City,AZ,'+1 928-598-3455,,Angi,Confirmed paid,Angi: Approved advertiser badge (Confirmed paid),Angi · response 8 hrs · 70 recent quote requests,Lead recovery,"Angi shows the company is already acquiring leads. Its basic website/Google presence is established, so qualify what happens when a paid call or form is missed.",Current Google profile matched,4.9,235,"https://www.google.com/maps/place/Good+Faith+Heating+and+Air+Conditioning/@35.2400235,-114.2848095,14z/data=!4m8!1m2!2m1!1sGood+Faith+Heating+and+Air+Conditioning!3m4!1s0xa8196820b151896d:0xad7b5d4a6ef380db!8m2!3d35.2400235!4d-114.2848095","https://www.google.com/maps/place/Good+Faith+Heating+and+Air+Conditioning/@35.2400235,-114.2848095,14z/data=!4m8!1m2!2m1!1sGood+Faith+Heating+and+Air+Conditioning!3m4!1s0xa8196820b151896d:0xad7b5d4a6ef380db!8m2!3d35.2400235!4d-114.2848095",Domain responds but automated check is blocked,http://goodfaithhvac.com/,,https://www.angi.com/companylist/us/az/lake-havasu-city/hvac.htm,2026-07-22,platform-good-faith-heating-and-air-conditioning-lake-havasu-city,,,,
90,,Research-only · not ready to call,Bluefrog Plumbing + Drain Of Gilbert,Plumbing,Gilbert,AZ,'+1 480-757-6295,,Angi,Confirmed paid,Angi: Approved advertiser badge (Confirmed paid),Angi · response 6 hrs · 96 recent quote requests,Lead recovery,"Angi shows the company is already acquiring leads. Its basic website/Google presence is established, so qualify what happens when a paid call or form is missed.",Current Google profile matched,5,145,"https://www.google.com/maps/place/bluefrog+Plumbing+and+Drain+of+Gilbert/@33.310857999999996,-111.74219389999999,14z/data=!4m8!1m2!2m1!1sbluefrog+Plumbing+and+Drain+of+Gilbert!3m4!1s0x40e8f2fc69371e8b:0x47345b7f1f7b944a!8m2!3d33.310857999999996!4d-111.74219389999999","https://www.google.com/maps/place/bluefrog+Plumbing+and+Drain+of+Gilbert/@33.310857999999996,-111.74219389999999,14z/data=!4m8!1m2!2m1!1sbluefrog+Plumbing+and+Drain+of+Gilbert!3m4!1s0x40e8f2fc69371e8b:0x47345b7f1f7b944a!8m2!3d33.310857999999996!4d-111.74219389999999",Live,https://bluefrogplumbing.com/gilbert/,https://www.angi.com/companylist/us/az/gilbert/prime-plumbing-professionals-reviews-1.htm,https://www.angi.com/companylist/us/az/phoenix/plumbing.htm,2026-07-22,platform-bluefrog-plumbing-drain-of-gilbert-gilbert,,,,
91,,Research-only · not ready to call,Darling Wildlife and Pest Control Services,Pest Control,Phoenix,AZ,'+1 480-848-6957,,Angi,Confirmed paid,Angi: Approved advertiser badge (Confirmed paid),Angi · response 3 hrs · 57 recent quote requests,Lead recovery,"Angi shows the company is already acquiring leads. Its basic website/Google presence is established, so qualify what happens when a paid call or form is missed.",Current Google profile matched,5,82,"https://www.google.com/maps/place/Darling+Wildlife+and+Pest+Control+Services/@33.5206984,-111.8398125,14z/data=!4m8!1m2!2m1!1sDarling+Wildlife+and+Pest+Control+Services!3m4!1s0x254d025b997ef53b:0x4a05ec0f9b284878!8m2!3d33.5206984!4d-111.8398125","https://www.google.com/maps/place/Darling+Wildlife+and+Pest+Control+Services/@33.5206984,-111.8398125,14z/data=!4m8!1m2!2m1!1sDarling+Wildlife+and+Pest+Control+Services!3m4!1s0x254d025b997ef53b:0x4a05ec0f9b284878!8m2!3d33.5206984!4d-111.8398125",Live,https://darlingwildlifeservices.com/,,https://www.angi.com/companylist/us/az/phoenix/pest-control.htm,2026-07-22,platform-darling-wildlife-and-pest-control-services-phoenix,,,,
92,,Research-only · not ready to call,Velo Property Solutions,Property maintenance and landscaping,El Mirage,AZ,'+16023253235,,Thumbtack,Confirmed paid,Thumbtack: Active lead-platform signal (Confirmed paid),,Lead recovery,"Thumbtack shows the company is already acquiring leads. Its basic website/Google presence is established, so qualify what happens when a paid call or form is missed.",Current Google profile matched,5,45,https://www.google.com/maps/search/?api=1&query=Velo%20Property%20Solutions%20Arizona,https://www.google.com/maps/search/?api=1&query=Velo%20Property%20Solutions%20Arizona,Owned website found,https://www.velocleansarizona.com/,https://www.thumbtack.com/az/surprise/pressure-washing/velo-property-solutions/service/530920039122092036,https://www.thumbtack.com/az/phoenix/landscaping/,2026-07-21,phone-6023253235,,,,
93,,Research-only · not ready to call,"P & R Electric, LLC",Electrical,Tucson,AZ,'+1 520-403-6572,,Angi,Confirmed paid,Angi: Approved advertiser badge (Confirmed paid),Angi · response 4 hrs · rate 88% · 37 recent quote requests,Lead recovery,"Angi shows the company is already acquiring leads. Its basic website/Google presence is established, so qualify what happens when a paid call or form is missed.",Current Google profile matched,5,9,"https://www.google.com/maps/place/P+%26+R+Electric/@32.2372574,-110.9643165,14z/data=!4m8!1m2!2m1!1sP+%26+R+Electric!3m4!1s0x86d60b2ec8ebca7d:0xdca6832066e669de!8m2!3d32.2372574!4d-110.9643165","https://www.google.com/maps/place/P+%26+R+Electric/@32.2372574,-110.9643165,14z/data=!4m8!1m2!2m1!1sP+%26+R+Electric!3m4!1s0x86d60b2ec8ebca7d:0xdca6832066e669de!8m2!3d32.2372574!4d-110.9643165",Live,https://www.pandrelectric.com/,,https://www.angi.com/companylist/us/az/tucson/electrical.htm,2026-07-22,platform-p-and-r-electric-tucson,,,,
94,,Research-only · not ready to call,Southwest Roofing and Design LLC,Roofing,Tucson,AZ,'+1 520-906-2625,,Angi,Confirmed paid,Angi: Approved advertiser badge (Confirmed paid) | Angi: Approved advertiser badge (Confirmed paid),Angi · response 8 hrs · rate 87% · 40 recent quote requests | Angi · response 7 hrs · rate 96% · 31 recent quote requests,Lead recovery,"Angi shows the company is already acquiring leads. Its basic website/Google presence is established, so qualify what happens when a paid call or form is missed.",Current Google profile matched,5,7,"https://www.google.com/maps/place/Southwest+Roofing+And+Design/@32.1347769,-110.9643165,14z/data=!4m8!1m2!2m1!1sSouthwest+Roofing+And+Design!3m4!1s0x2220249ecc230007:0xc433fcd6b89de6c7!8m2!3d32.1347769!4d-110.9643165","https://www.google.com/maps/place/Southwest+Roofing+And+Design/@32.1347769,-110.9643165,14z/data=!4m8!1m2!2m1!1sSouthwest+Roofing+And+Design!3m4!1s0x2220249ecc230007:0xc433fcd6b89de6c7!8m2!3d32.1347769!4d-110.9643165",Live,https://www.swroofinganddesign.com/,,https://www.angi.com/companylist/us/az/tucson/roofing.htm | https://www.angi.com/companylist/us/az/sierra-vista/roofing.htm,2026-07-22,platform-southwest-roofing-and-design-tucson,,,,
95,,Research-only · not ready to call,Envision Pest Control & Home Services,Pest Control,Tucson,AZ,'+1 520-820-2053,,Angi,Confirmed paid,Angi: Approved advertiser badge (Confirmed paid),Angi · response 6 hrs · rate 89% · 94 recent quote requests,Lead recovery,"Angi shows the company is already acquiring leads. Its basic website/Google presence is established, so qualify what happens when a paid call or form is missed.",Current Google profile matched,5,1,"https://www.google.com/maps/place/Envision+Pest+Control+%26+Home+Services/@32.1827326,-111.04167149999999,14z/data=!4m8!1m2!2m1!1sEnvision+Pest+Control+%26+Home+Services!3m4!1s0x2e508dd7c0d1e0bb:0x63f608cd397b5093!8m2!3d32.1827326!4d-111.04167149999999","https://www.google.com/maps/place/Envision+Pest+Control+%26+Home+Services/@32.1827326,-111.04167149999999,14z/data=!4m8!1m2!2m1!1sEnvision+Pest+Control+%26+Home+Services!3m4!1s0x2e508dd7c0d1e0bb:0x63f608cd397b5093!8m2!3d32.1827326!4d-111.04167149999999",Live,https://www.envisionpestcontrolhomeservices.com/,,https://www.angi.com/companylist/us/az/tucson/pest-control.htm,2026-07-22,platform-envision-pest-control-and-home-services-tucson,,,,
96,,Research-only · not ready to call,On Edge Pest Control LLC,Pest Control,Phoenix,AZ,'+1 480-200-6116,,Angi,Confirmed paid,Angi: Approved advertiser badge (Confirmed paid) | Angi: Approved advertiser badge (Confirmed paid),Angi · response 2 hrs · rate 88% · 21 recent quote requests | Angi · response 2 hrs · rate 88% · 21 recent quote requests,Lead recovery,"Angi shows the company is already acquiring leads. Its basic website/Google presence is established, so qualify what happens when a paid call or form is missed.",Current Google profile matched,5,1,"https://www.google.com/maps/place/On+Edge+Pest+Control+LLC/@33.546793,-112.16268199999999,14z/data=!4m8!1m2!2m1!1sOn+Edge+Pest+Control+LLC!3m4!1s0x2c8641eecca07281:0xa5bcfe0bfc38088f!8m2!3d33.546793!4d-112.16268199999999","https://www.google.com/maps/place/On+Edge+Pest+Control+LLC/@33.546793,-112.16268199999999,14z/data=!4m8!1m2!2m1!1sOn+Edge+Pest+Control+LLC!3m4!1s0x2c8641eecca07281:0xa5bcfe0bfc38088f!8m2!3d33.546793!4d-112.16268199999999",No website linked from verified Google profile,,,https://www.angi.com/companylist/us/az/phoenix/pest-control.htm | https://www.angi.com/companylist/us/az/tucson/pest-control.htm,2026-07-22,platform-on-edge-pest-control-phoenix,,,,
97,,Research-only · not ready to call,A2Z Hardscape LLC,Hardscaping and landscaping,El Mirage,AZ,'+16028131822,,Thumbtack,Confirmed paid,Thumbtack: Active lead-platform signal (Confirmed paid),,Research first,"Paid lead-acquisition activity is verified, but the business identity, contact details, website, and Google profile still need to be joined before outreach.",Not yet cross-checked,,0,,https://www.google.com/maps/search/?api=1&query=A2Z%20Hardscape%20LLC%20El%20Mirage%20AZ,Owned website found,https://a2zhardscapingllc.com/,https://www.thumbtack.com/az/el-mirage/landscaping/a2z-hardscape-llc/service/426276862646198276,https://www.thumbtack.com/az/phoenix/landscaping/,2026-07-21,phone-6028131822,,,,
98,,Research-only · not ready to call,Crown & Blade Turf,Artificial turf and hardscaping,Scottsdale,AZ,'+16233431892,,Thumbtack,Confirmed paid,Thumbtack: Active lead-platform signal (Confirmed paid),,Research first,"Paid lead-acquisition activity is verified, but the business identity, contact details, website, and Google profile still need to be joined before outreach.",Not yet cross-checked,,0,,https://www.google.com/maps/search/?api=1&query=Crown%20%26%20Blade%20Turf%20Scottsdale%20AZ,Owned website found,https://crownbladeturf.com/,https://www.thumbtack.com/az/phoenix/artificial-turf-installation/crown-blade-turf/service/481491738541621250,https://www.thumbtack.com/az/phoenix/landscaping/,2026-07-21,phone-6233431892,,,,
99,,Research-only · not ready to call,Desert Sage Landscaping LLC,Landscaping and artificial turf,Phoenix,AZ,'+16026640346,,Thumbtack,Confirmed paid,Thumbtack: Active lead-platform signal (Confirmed paid),,Research first,"Paid lead-acquisition activity is verified, but the business identity, contact details, website, and Google profile still need to be joined before outreach.",Not yet cross-checked,,0,,https://www.google.com/maps/search/?api=1&query=Desert%20Sage%20Landscaping%20LLC%20Phoenix%20AZ,Owned website surfaced; verify live before outreach,http://desertsagelandscape.com/,https://www.thumbtack.com/az/phoenix/lawn-care/desert-sage-landscaping-llc/service/527545483197038615,https://www.thumbtack.com/az/phoenix/landscaping/,2026-07-21,phone-6026640346,,,,
100,,Research-only · not ready to call,Hernandez Hardscape LLC,Hardscaping and landscaping,Chandler,AZ,'+14803585669,,Thumbtack,Confirmed paid,Thumbtack: Active lead-platform signal (Confirmed paid),,Research first,"Paid lead-acquisition activity is verified, but the business identity, contact details, website, and Google profile still need to be joined before outreach.",Not yet cross-checked,,0,,https://www.google.com/maps/search/?api=1&query=Hernandez%20Hardscape%20LLC%20Chandler%20AZ,Owned website found,https://www.hernandezhardscapellc.com/,https://www.thumbtack.com/az/chandler/sodding/hernandez-hardscape-llc/service/284419559262176502,https://www.thumbtack.com/az/phoenix/landscaping/,2026-07-21,phone-4803585669,,,,
101,,Research-only · not ready to call,Three Timbers,Landscaping and tree planting,Scottsdale,AZ,'+16122141955,,Thumbtack,Confirmed paid,Thumbtack: Active lead-platform signal (Confirmed paid),,Research first,"Paid lead-acquisition activity is verified, but the business identity, contact details, website, and Google profile still need to be joined before outreach.",Not yet cross-checked,,0,,https://www.google.com/maps/search/?api=1&query=Three%20Timbers%20Scottsdale%20AZ,Owned website found,https://threetimbersservices.com/arizona-contact-us/,https://www.thumbtack.com/az/phoenix/landscaping/three-timbers/service/565045692935700485,https://www.thumbtack.com/az/phoenix/landscaping/,2026-07-21,phone-6122141955,,,,
102,,Research-only · not ready to call,Ebenezer Landscaping,Landscaping,Phoenix,AZ,'+14807644412,,HomeAdvisor / Angi Leads,Likely active lead-buyer,HomeAdvisor / Angi Leads: Active lead-platform signal (Likely active lead-buyer),,Research first,"Paid lead-acquisition activity is verified, but the business identity, contact details, website, and Google profile still need to be joined before outreach.",Not yet cross-checked,,0,,https://www.google.com/maps/search/?api=1&query=Ebenezer%20Landscaping%20Phoenix%20AZ,Owned website surfaced; verify live before outreach,https://ebenezerlandscaping.net/,,https://www.homeadvisor.com/tloc/Scottsdale-AZ/Designer-Landscape/,2026-07-21,phone-4807644412,,,,
103,,Research-only · not ready to call,Emanuel Gonzalez Construction & Landscaping,Construction and landscaping,Chandler,AZ,'+14802109393,,HomeAdvisor / Angi Leads,Likely active lead-buyer,HomeAdvisor / Angi Leads: Active lead-platform signal (Likely active lead-buyer),,Research first,"Paid lead-acquisition activity is verified, but the business identity, contact details, website, and Google profile still need to be joined before outreach.",Not yet cross-checked,,0,,https://www.google.com/maps/search/?api=1&query=Emanuel%20Gonzalez%20Construction%20%26%20Landscaping%20Chandler%20AZ,Owned Wix site found; legacy custom domain should be checked,https://emanuelgonzalezcon.wixsite.com/emanuelgonzalezcons,,https://www.homeadvisor.com/tloc/Scottsdale-AZ/Designer-Landscape/,2026-07-21,phone-4802109393,,,,
104,,Research-only · not ready to call,Nez Landscape LLC,Landscaping,Tempe,AZ,'+14803303445,,HomeAdvisor / Angi Leads,Likely active lead-buyer,HomeAdvisor / Angi Leads: Active lead-platform signal (Likely active lead-buyer),,Research first,"Paid lead-acquisition activity is verified, but the business identity, contact details, website, and Google profile still need to be joined before outreach.",Not yet cross-checked,,0,,https://www.google.com/maps/search/?api=1&query=Nez%20Landscape%20LLC%20Tempe%20AZ,No owned website found in targeted search; verify first,,,https://www.homeadvisor.com/tloc/Scottsdale-AZ/Designer-Landscape/,2026-07-21,phone-4803303445,,,,
105,,Research-only · not ready to call,Goettl Air Conditioning and Plumbing - Tucson,HVAC and plumbing,Tucson,AZ,,,Yelp + Google Local Services + HomeAdvisor / Angi Leads,Confirmed paid,Yelp: Sponsored result (Confirmed paid) | Google Local Services: Active lead-platform signal (Confirmed paid) | HomeAdvisor / Angi Leads: Active lead-platform signal (Likely active lead-buyer),Yelp · response 10 mins,Research first,"Paid lead-acquisition activity is verified, but the business identity, contact details, website, and Google profile still need to be joined before outreach.",Current Google profile matched,4.7,4800,https://www.google.com/maps/search/?api=1&query=Goettl%20Air%20Conditioning%20and%20Plumbing%20Tucson%20AZ,https://www.google.com/maps/search/?api=1&query=Goettl%20Air%20Conditioning%20and%20Plumbing%20Tucson%20AZ,Owned website found,https://www.goettl.com/location/tucson-arizona/,https://www.yelp.com/biz/goettl-air-conditioning-and-plumbing-tucson-tucson-2,https://www.yelp.com/search?find_desc=Plumbers&find_loc=Tucson%2C%20AZ | https://www.google.com/search?q=air+conditioning+repair+tucson+az | https://www.homeadvisor.com/tloc/Tucson-AZ/Water-Main-Install-Replace-or-Repair/,2026-07-21,platform-goettl-air-conditioning-and-plumbing-tucson-tucson,Exact phone/place/domain/name + service-area match,phone-6025170039,,
106,,Research-only · not ready to call,"Plumber Kings, LLC",Plumbing,Tucson,AZ,,,Angi + Yelp,Confirmed paid,Angi: Approved advertiser badge (Confirmed paid) | Yelp: Sponsored result (Confirmed paid),Angi · response 6 hrs · rate 94% · 12 recent quote requests,Research first,"Paid lead-acquisition activity is verified, but the business identity, contact details, website, and Google profile still need to be joined before outreach.",Not yet cross-checked,,0,,https://www.google.com/maps/search/?api=1&query=Plumber%20Kings%2C%20LLC%20Arizona,Website not yet cross-checked,,https://www.yelp.com/biz/plumber-kings-tucson,https://www.angi.com/companylist/us/az/tucson/plumbing.htm | https://www.yelp.com/search?find_desc=Plumbers&find_loc=Tucson%2C%20AZ,2026-07-21 | 2026-07-22,platform-plumber-kings-tucson,Exact normalized business-name match,,,
107,,Research-only · not ready to call,"1 Power Electric, LLC",Electrical,Flagstaff,AZ,,,Angi,Confirmed paid,Angi: Approved advertiser badge (Confirmed paid),Angi · response 6 hrs · 11 recent quote requests,Research first,"Paid lead-acquisition activity is verified, but the business identity, contact details, website, and Google profile still need to be joined before outreach.",Not yet cross-checked,,0,,https://www.google.com/maps/search/?api=1&query=1%20Power%20Electric%2C%20LLC%20Arizona,Website not yet cross-checked,,,https://www.angi.com/companylist/us/az/flagstaff/electrical.htm,2026-07-22,platform-1-power-electric-flagstaff,,,,
108,,Research-only · not ready to call,1 Pro Handyman Services LLC,Electrical,Yuma,AZ,,,Angi,Confirmed paid,Angi: Approved advertiser badge (Confirmed paid),Angi · 7 recent quote requests,Research first,"Paid lead-acquisition activity is verified, but the business identity, contact details, website, and Google profile still need to be joined before outreach.",Not yet cross-checked,,0,,https://www.google.com/maps/search/?api=1&query=1%20Pro%20Handyman%20Services%20LLC%20Arizona,Website not yet cross-checked,,,https://www.angi.com/companylist/us/az/yuma/electrical.htm,2026-07-22,platform-1-pro-handyman-services-yuma,,,,
109,,Research-only · not ready to call,1st Choice Pools Building & Design,Pool & Spa Service,Tucson,AZ,,,Angi,Confirmed paid,Angi: Approved advertiser badge (Confirmed paid),,Research first,"Paid lead-acquisition activity is verified, but the business identity, contact details, website, and Google profile still need to be joined before outreach.",Not yet cross-checked,,0,,https://www.google.com/maps/search/?api=1&query=1st%20Choice%20Pools%20Building%20%26%20Design%20Arizona,Website not yet cross-checked,,,https://www.angi.com/companylist/us/az/tucson/pool-and-spa-service.htm,2026-07-22,platform-1st-choice-pools-building-and-design-tucson,,,,
110,,Research-only · not ready to call,A Authentic Garage Door Service,Garage Doors,Phoenix,AZ,,,Angi,Confirmed paid,Angi: Approved advertiser badge (Confirmed paid),Angi · 2 recent quote requests,Research first,"Paid lead-acquisition activity is verified, but the business identity, contact details, website, and Google profile still need to be joined before outreach.",Not yet cross-checked,,0,,https://www.google.com/maps/search/?api=1&query=A%20Authentic%20Garage%20Door%20Service%20Arizona,Website not yet cross-checked,,,https://www.angi.com/companylist/us/az/phoenix/garage-doors.htm,2026-07-22,platform-a-authentic-garage-door-service-phoenix,,,,
111,,Research-only · not ready to call,A Squared Electric Inc,Electrical,Phoenix,AZ,,,Angi,Confirmed paid,Angi: Approved advertiser badge (Confirmed paid),,Research first,"Paid lead-acquisition activity is verified, but the business identity, contact details, website, and Google profile still need to be joined before outreach.",Not yet cross-checked,,0,,https://www.google.com/maps/search/?api=1&query=A%20Squared%20Electric%20Inc%20Arizona,Website not yet cross-checked,,,https://www.angi.com/companylist/us/az/phoenix/electrical.htm,2026-07-22,platform-a-squared-electric-phoenix,,,,
112,,Research-only · not ready to call,"Able Electric, LLC",Electrical,Sierra Vista,AZ,,,Angi,Confirmed paid,Angi: Approved advertiser badge (Confirmed paid),Angi · response 30 mins,Research first,"Paid lead-acquisition activity is verified, but the business identity, contact details, website, and Google profile still need to be joined before outreach.",Not yet cross-checked,,0,,https://www.google.com/maps/search/?api=1&query=Able%20Electric%2C%20LLC%20Arizona,Website not yet cross-checked,,,https://www.angi.com/companylist/us/az/sierra-vista/electrical.htm,2026-07-22,platform-able-electric-sierra-vista,,,,
113,,Research-only · not ready to call,ACS Air Conditioning Services,HVAC,Tucson,AZ,,,Angi,Confirmed paid,Angi: Approved advertiser badge (Confirmed paid) | Angi: Approved advertiser badge (Confirmed paid) | Angi: Approved advertiser badge (Confirmed paid),Angi · 18 recent quote requests | Angi · response 1 day · rate 100% · 16 recent quote requests | Angi · response 1 day · rate 100% · 6 recent quote requests,Research first,"Paid lead-acquisition activity is verified, but the business identity, contact details, website, and Google profile still need to be joined before outreach.",Not yet cross-checked,,0,,https://www.google.com/maps/search/?api=1&query=ACS%20Air%20Conditioning%20Services%20Arizona,Website not yet cross-checked,,,https://www.angi.com/companylist/us/az/tucson/hvac.htm | https://www.angi.com/companylist/us/az/sierra-vista/hvac.htm | https://www.angi.com/companylist/us/az/casa-grande/hvac.htm,2026-07-22,platform-acs-air-conditioning-services-tucson,,,,
114,,Research-only · not ready to call,"Adam Crippen Custom Home Works, LLC",General Contractor; Kitchen & Bath Remodeling,Tucson,AZ,,,Angi,Confirmed paid,Angi: Approved advertiser badge (Confirmed paid) | Angi: Approved advertiser badge (Confirmed paid),Angi · response 3 days · 19 recent quote requests | Angi · response 3 days · 19 recent quote requests,Research first,"Paid lead-acquisition activity is verified, but the business identity, contact details, website, and Google profile still need to be joined before outreach.",Not yet cross-checked,,0,,https://www.google.com/maps/search/?api=1&query=Adam%20Crippen%20Custom%20Home%20Works%2C%20LLC%20Arizona,Website not yet cross-checked,,,https://www.angi.com/companylist/us/az/tucson/kitchen-and-bath-remodeling.htm | https://www.angi.com/companylist/us/az/tucson/contractor.htm,2026-07-22,platform-adam-crippen-custom-home-works-tucson,,,,
115,,Research-only · not ready to call,"Advanced Cleaning Technologies A-Z, LLC",HVAC,Flagstaff,AZ,,,Angi,Confirmed paid,Angi: Approved advertiser badge (Confirmed paid) | Angi: Approved advertiser badge (Confirmed paid),Angi · response 3 hrs · rate 92% · 12 recent quote requests | Angi · response 3 hrs · rate 92% · 12 recent quote requests,Research first,"Paid lead-acquisition activity is verified, but the business identity, contact details, website, and Google profile still need to be joined before outreach.",Not yet cross-checked,,0,,https://www.google.com/maps/search/?api=1&query=Advanced%20Cleaning%20Technologies%20A-Z%2C%20LLC%20Arizona,Website not yet cross-checked,,,https://www.angi.com/companylist/us/az/flagstaff/hvac.htm | https://www.angi.com/companylist/us/az/prescott/hvac.htm,2026-07-22,platform-advanced-cleaning-technologies-a-z-flagstaff,,,,
116,,Research-only · not ready to call,"Advantage Roofing, LLC",Roofing,Sierra Vista,AZ,,,Angi,Confirmed paid,Angi: New to Angi advertiser badge (Confirmed paid),Angi · response 11 hrs · 24 recent quote requests,Research first,"Paid lead-acquisition activity is verified, but the business identity, contact details, website, and Google profile still need to be joined before outreach.",Not yet cross-checked,,0,,https://www.google.com/maps/search/?api=1&query=Advantage%20Roofing%2C%20LLC%20Arizona,Website not yet cross-checked,,,https://www.angi.com/companylist/us/az/sierra-vista/roofing.htm,2026-07-22,platform-advantage-roofing-sierra-vista,,,,
117,,Research-only · not ready to call,"Air & Water Mechanical Services, LLC",HVAC,Mesa,AZ,,,Angi,Confirmed paid,Angi: Approved advertiser badge (Confirmed paid),Angi · 38 recent quote requests,Research first,"Paid lead-acquisition activity is verified, but the business identity, contact details, website, and Google profile still need to be joined before outreach.",Not yet cross-checked,,0,,https://www.google.com/maps/search/?api=1&query=Air%20%26%20Water%20Mechanical%20Services%2C%20LLC%20Arizona,Website linked on Angi profile · live state not audited,https://airwateraz.com/,https://www.angi.com/companylist/us/az/mesa/air-water-mechanical-services-llc-reviews-1.htm,https://www.angi.com/companylist/us/az/phoenix/hvac.htm,2026-07-22,platform-air-and-water-mechanical-services-mesa,,,,
118,,Research-only · not ready to call,Air Control Home Services,HVAC; Plumbing,Lake Havasu City,AZ,,,Angi,Confirmed paid,Angi: Approved advertiser badge (Confirmed paid) | Angi: Approved advertiser badge (Confirmed paid),Angi · 45 recent quote requests | Angi · response 11 hrs · rate 89% · 44 recent quote requests,Research first,"Paid lead-acquisition activity is verified, but the business identity, contact details, website, and Google profile still need to be joined before outreach.",Not yet cross-checked,,0,,https://www.google.com/maps/search/?api=1&query=Air%20Control%20Home%20Services%20Arizona,Website not yet cross-checked,,,https://www.angi.com/companylist/us/az/lake-havasu-city/hvac.htm | https://www.angi.com/companylist/us/az/lake-havasu-city/plumbing.htm,2026-07-22,platform-air-control-home-services-lake-havasu-city,,,,
119,,Research-only · not ready to call,Air Temp Techs LLC,HVAC,Flagstaff,AZ,,,Angi,Confirmed paid,Angi: Approved advertiser badge (Confirmed paid),Angi · response 1 day,Research first,"Paid lead-acquisition activity is verified, but the business identity, contact details, website, and Google profile still need to be joined before outreach.",Not yet cross-checked,,0,,https://www.google.com/maps/search/?api=1&query=Air%20Temp%20Techs%20LLC%20Arizona,Website not yet cross-checked,,,https://www.angi.com/companylist/us/az/flagstaff/hvac.htm,2026-07-22,platform-air-temp-techs-flagstaff,,,,
120,,Research-only · not ready to call,Aire Serv of North Central Arizona,HVAC,Flagstaff,AZ,,,Angi,Confirmed paid,Angi: Approved advertiser badge (Confirmed paid) | Angi: Approved advertiser badge (Confirmed paid),Angi · response 1 day · rate 96% · 7 recent quote requests | Angi · response 1 day · rate 96% · 9 recent quote requests,Research first,"Paid lead-acquisition activity is verified, but the business identity, contact details, website, and Google profile still need to be joined before outreach.",Not yet cross-checked,,0,,https://www.google.com/maps/search/?api=1&query=Aire%20Serv%20of%20North%20Central%20Arizona%20Arizona,Website not yet cross-checked,,,https://www.angi.com/companylist/us/az/flagstaff/hvac.htm | https://www.angi.com/companylist/us/az/prescott/hvac.htm,2026-07-22,platform-aire-serv-of-north-central-arizona-flagstaff,,,,
121,,Research-only · not ready to call,AJ Handyman,HVAC,Prescott,AZ,,,Angi,Confirmed paid,Angi: Approved advertiser badge (Confirmed paid),Angi · response 12 hrs · 2 recent quote requests,Research first,"Paid lead-acquisition activity is verified, but the business identity, contact details, website, and Google profile still need to be joined before outreach.",Not yet cross-checked,,0,,https://www.google.com/maps/search/?api=1&query=AJ%20Handyman%20Arizona,Website not yet cross-checked,,,https://www.angi.com/companylist/us/az/prescott/hvac.htm,2026-07-22,platform-aj-handyman-prescott,,,,
122,,Research-only · not ready to call,Al's Home Automation,Electrical,Tucson,AZ,,,Angi,Confirmed paid,Angi: Approved advertiser badge (Confirmed paid) | Angi: Approved advertiser badge (Confirmed paid) | Angi: Approved advertiser badge (Confirmed paid) | Angi: Approved advertiser badge (Confirmed paid),Angi · 1 recent quote requests | Angi · 1 recent quote requests | Angi · response 1 day · 1 recent quote requests | Angi · 1 recent quote requests,Research first,"Paid lead-acquisition activity is verified, but the business identity, contact details, website, and Google profile still need to be joined before outreach.",Not yet cross-checked,,0,,https://www.google.com/maps/search/?api=1&query=Al's%20Home%20Automation%20Arizona,Website not yet cross-checked,,,https://www.angi.com/companylist/us/az/tucson/electrical.htm | https://www.angi.com/companylist/us/az/flagstaff/electrical.htm | https://www.angi.com/companylist/us/az/prescott/electrical.htm | https://www.angi.com/companylist/us/az/casa-grande/electrical.htm,2026-07-22,platform-al-s-home-automation-tucson,,,,
123,,Research-only · not ready to call,Alamo Garage Doors,Garage Doors,Phoenix,AZ,,,Angi,Confirmed paid,Angi: Approved advertiser badge (Confirmed paid) | Angi: Approved advertiser badge (Confirmed paid),Angi · 13 recent quote requests | Angi · 13 recent quote requests,Research first,"Paid lead-acquisition activity is verified, but the business identity, contact details, website, and Google profile still need to be joined before outreach.",Not yet cross-checked,,0,,https://www.google.com/maps/search/?api=1&query=Alamo%20Garage%20Doors%20Arizona,Website not yet cross-checked,,,https://www.angi.com/companylist/us/az/phoenix/garage-doors.htm | https://www.angi.com/companylist/us/az/tucson/garage-doors.htm,2026-07-22,platform-alamo-garage-doors-phoenix,,,,
124,,Research-only · not ready to call,Alba Construction,Kitchen & Bath Remodeling,Phoenix,AZ,,,Angi,Confirmed paid,Angi: Approved advertiser badge (Confirmed paid),Angi · 3 recent quote requests,Research first,"Paid lead-acquisition activity is verified, but the business identity, contact details, website, and Google profile still need to be joined before outreach.",Not yet cross-checked,,0,,https://www.google.com/maps/search/?api=1&query=Alba%20Construction%20Arizona,Website not yet cross-checked,,,https://www.angi.com/companylist/us/az/phoenix/kitchen-and-bath-remodeling.htm,2026-07-22,platform-alba-construction-phoenix,,,,
125,,Research-only · not ready to call,All My Sons Moving & Storage,Moving,Tucson,AZ,,,Angi,Confirmed paid,Angi: Approved advertiser badge (Confirmed paid),Angi · 16 recent quote requests,Research first,"Paid lead-acquisition activity is verified, but the business identity, contact details, website, and Google profile still need to be joined before outreach.",Not yet cross-checked,,0,,https://www.google.com/maps/search/?api=1&query=All%20My%20Sons%20Moving%20%26%20Storage%20Arizona,Website not yet cross-checked,,,https://www.angi.com/companylist/us/az/tucson/moving.htm,2026-07-22,platform-all-my-sons-moving-and-storage-tucson,,,,
126,,Research-only · not ready to call,All Service Moving,Moving,Phoenix,AZ,,,Angi,Confirmed paid,Angi: Approved advertiser badge (Confirmed paid),Angi · 12 recent quote requests,Research first,"Paid lead-acquisition activity is verified, but the business identity, contact details, website, and Google profile still need to be joined before outreach.",Not yet cross-checked,,0,,https://www.google.com/maps/search/?api=1&query=All%20Service%20Moving%20Arizona,Website not yet cross-checked,,,https://www.angi.com/companylist/us/az/phoenix/moving.htm,2026-07-22,platform-all-service-moving-phoenix,,,,
127,,Research-only · not ready to call,All Things Plumbing & Drain,Plumbing,Sierra Vista,AZ,,,Angi,Confirmed paid,Angi: Approved advertiser badge (Confirmed paid),Angi · response 3 hrs · 2 recent quote requests,Research first,"Paid lead-acquisition activity is verified, but the business identity, contact details, website, and Google profile still need to be joined before outreach.",Not yet cross-checked,,0,,https://www.google.com/maps/search/?api=1&query=All%20Things%20Plumbing%20%26%20Drain%20Arizona,Website not yet cross-checked,,,https://www.angi.com/companylist/us/az/sierra-vista/plumbing.htm,2026-07-22,platform-all-things-plumbing-and-drain-sierra-vista,,,,
128,,Research-only · not ready to call,"Allstate Air & Heating, LLC",HVAC,Casa Grande,AZ,,,Angi,Confirmed paid,Angi: Approved advertiser badge (Confirmed paid),Angi · response 7 hrs,Research first,"Paid lead-acquisition activity is verified, but the business identity, contact details, website, and Google profile still need to be joined before outreach.",Not yet cross-checked,,0,,https://www.google.com/maps/search/?api=1&query=Allstate%20Air%20%26%20Heating%2C%20LLC%20Arizona,Website not yet cross-checked,,,https://www.angi.com/companylist/us/az/casa-grande/hvac.htm,2026-07-22,platform-allstate-air-and-heating-casa-grande,,,,
129,,Research-only · not ready to call,American Standard,Plumbing,Flagstaff,AZ,,,Angi,Confirmed paid,Angi: Approved advertiser badge (Confirmed paid) | Angi: Approved advertiser badge (Confirmed paid) | Angi: Approved advertiser badge (Confirmed paid),,Research first,"Paid lead-acquisition activity is verified, but the business identity, contact details, website, and Google profile still need to be joined before outreach.",Not yet cross-checked,,0,,https://www.google.com/maps/search/?api=1&query=American%20Standard%20Arizona,Website not yet cross-checked,,,https://www.angi.com/companylist/us/az/flagstaff/plumbing.htm | https://www.angi.com/companylist/us/az/yuma/plumbing.htm | https://www.angi.com/companylist/us/az/sierra-vista/plumbing.htm,2026-07-22,platform-american-standard-flagstaff,,,,
130,,Research-only · not ready to call,American Standard Walk-In Tubs,Plumbing,Flagstaff,AZ,,,Angi,Confirmed paid,Angi: Approved advertiser badge (Confirmed paid) | Angi: Approved advertiser badge (Confirmed paid) | Angi: Approved advertiser badge (Confirmed paid) | Angi: Approved advertiser badge (Confirmed paid) | Angi: Approved advertiser badge (Confirmed paid),,Research first,"Paid lead-acquisition activity is verified, but the business identity, contact details, website, and Google profile still need to be joined before outreach.",Not yet cross-checked,,0,,https://www.google.com/maps/search/?api=1&query=American%20Standard%20Walk-In%20Tubs%20Arizona,Website not yet cross-checked,,,https://www.angi.com/companylist/us/az/flagstaff/plumbing.htm | https://www.angi.com/companylist/us/az/prescott/plumbing.htm | https://www.angi.com/companylist/us/az/yuma/plumbing.htm | https://www.angi.com/companylist/us/az/lake-havasu-city/plumbing.htm | https://www.angi.com/companylist/us/az/sierra-vista/plumbing.htm,2026-07-22,platform-american-standard-walk-in-tubs-flagstaff,,,,
131,,Research-only · not ready to call,Ana Rojas Hernandez,HVAC,Sierra Vista,AZ,,,Angi,Confirmed paid,Angi: Approved advertiser badge (Confirmed paid),Angi · response 9 hrs · rate 100%,Research first,"Paid lead-acquisition activity is verified, but the business identity, contact details, website, and Google profile still need to be joined before outreach.",Not yet cross-checked,,0,,https://www.google.com/maps/search/?api=1&query=Ana%20Rojas%20Hernandez%20Arizona,Website not yet cross-checked,,,https://www.angi.com/companylist/us/az/sierra-vista/hvac.htm,2026-07-22,platform-ana-rojas-hernandez-sierra-vista,,,,
132,,Research-only · not ready to call,"ANAA Properties, LLC",Pool & Spa Service,Tucson,AZ,,,Angi,Confirmed paid,Angi: Approved advertiser badge (Confirmed paid),Angi · response 2 days · 3 recent quote requests,Research first,"Paid lead-acquisition activity is verified, but the business identity, contact details, website, and Google profile still need to be joined before outreach.",Not yet cross-checked,,0,,https://www.google.com/maps/search/?api=1&query=ANAA%20Properties%2C%20LLC%20Arizona,Website not yet cross-checked,,,https://www.angi.com/companylist/us/az/tucson/pool-and-spa-service.htm,2026-07-22,platform-anaa-properties-tucson,,,,
133,,Research-only · not ready to call,"Andrew's Electrical, Inc.",Electrical,Phoenix,AZ,,,Angi,Confirmed paid,Angi: Approved advertiser badge (Confirmed paid) | Angi: Approved advertiser badge (Confirmed paid),Angi · response 1 day · rate 98% | Angi · response 1 day · rate 98%,Research first,"Paid lead-acquisition activity is verified, but the business identity, contact details, website, and Google profile still need to be joined before outreach.",Not yet cross-checked,,0,,https://www.google.com/maps/search/?api=1&query=Andrew's%20Electrical%2C%20Inc.%20Arizona,Website not yet cross-checked,,,https://www.angi.com/companylist/us/az/phoenix/electrical.htm | https://www.angi.com/companylist/us/az/casa-grande/electrical.htm,2026-07-22,platform-andrew-s-electrical-phoenix,,,,
134,,Research-only · not ready to call,Annie Lou Lou's,HVAC,Lake Havasu City,AZ,,,Angi,Confirmed paid,Angi: New to Angi advertiser badge (Confirmed paid),Angi · 1 recent quote requests,Research first,"Paid lead-acquisition activity is verified, but the business identity, contact details, website, and Google profile still need to be joined before outreach.",Not yet cross-checked,,0,,https://www.google.com/maps/search/?api=1&query=Annie%20Lou%20Lou's%20Arizona,Website not yet cross-checked,,,https://www.angi.com/companylist/us/az/lake-havasu-city/hvac.htm,2026-07-22,platform-annie-lou-lou-s-lake-havasu-city,,,,
135,,Research-only · not ready to call,Arizona All Cleaners,HVAC,Prescott,AZ,,,Angi,Confirmed paid,Angi: Approved advertiser badge (Confirmed paid) | Angi: Approved advertiser badge (Confirmed paid),Angi · response 10 hrs | Angi · response 10 hrs,Research first,"Paid lead-acquisition activity is verified, but the business identity, contact details, website, and Google profile still need to be joined before outreach.",Not yet cross-checked,,0,,https://www.google.com/maps/search/?api=1&query=Arizona%20All%20Cleaners%20Arizona,Website not yet cross-checked,,,https://www.angi.com/companylist/us/az/prescott/hvac.htm | https://www.angi.com/companylist/us/az/casa-grande/hvac.htm,2026-07-22,platform-arizona-all-cleaners-prescott,,,,
136,,Research-only · not ready to call,Arizona cleanPROS,House Cleaning,Phoenix,AZ,,,Angi,Confirmed paid,Angi: Approved advertiser badge (Confirmed paid),Angi · 1 recent quote requests,Research first,"Paid lead-acquisition activity is verified, but the business identity, contact details, website, and Google profile still need to be joined before outreach.",Not yet cross-checked,,0,,https://www.google.com/maps/search/?api=1&query=Arizona%20cleanPROS%20Arizona,Website not yet cross-checked,,,https://www.angi.com/companylist/us/az/phoenix/house-cleaning.htm,2026-07-22,platform-arizona-cleanpros-phoenix,,,,
137,,Research-only · not ready to call,"Arizona Garage Door Technicians, LLC",Garage Doors,Tucson,AZ,,,Angi,Confirmed paid,Angi: Approved advertiser badge (Confirmed paid),Angi · response 3 hrs · rate 87%,Research first,"Paid lead-acquisition activity is verified, but the business identity, contact details, website, and Google profile still need to be joined before outreach.",Not yet cross-checked,,0,,https://www.google.com/maps/search/?api=1&query=Arizona%20Garage%20Door%20Technicians%2C%20LLC%20Arizona,Website not yet cross-checked,,,https://www.angi.com/companylist/us/az/tucson/garage-doors.htm,2026-07-22,platform-arizona-garage-door-technicians-tucson,,,,
138,,Research-only · not ready to call,"Arizona Premier Roofing, LLC",Roofing,Tucson,AZ,,,Angi,Confirmed paid,Angi: Approved advertiser badge (Confirmed paid),Angi · response 6 hrs,Research first,"Paid lead-acquisition activity is verified, but the business identity, contact details, website, and Google profile still need to be joined before outreach.",Not yet cross-checked,,0,,https://www.google.com/maps/search/?api=1&query=Arizona%20Premier%20Roofing%2C%20LLC%20Arizona,Website not yet cross-checked,,,https://www.angi.com/companylist/us/az/tucson/roofing.htm,2026-07-22,platform-arizona-premier-roofing-tucson,,,,
139,,Research-only · not ready to call,"Arizona Sky Roofing Consultants, LLC",Roofing,Flagstaff,AZ,,,Angi,Confirmed paid,Angi: Approved advertiser badge (Confirmed paid) | Angi: Approved advertiser badge (Confirmed paid),Angi · response 20 mins · rate 93% · 6 recent quote requests | Angi · response 20 mins · rate 93% · 6 recent quote requests,Research first,"Paid lead-acquisition activity is verified, but the business identity, contact details, website, and Google profile still need to be joined before outreach.",Not yet cross-checked,,0,,https://www.google.com/maps/search/?api=1&query=Arizona%20Sky%20Roofing%20Consultants%2C%20LLC%20Arizona,Website not yet cross-checked,,,https://www.angi.com/companylist/us/az/flagstaff/roofing.htm | https://www.angi.com/companylist/us/az/prescott/roofing.htm,2026-07-22,platform-arizona-sky-roofing-consultants-flagstaff,,,,
140,,Research-only · not ready to call,"ARIZONA TERMITE SPECIALISTS, LLC",Pest Control,Phoenix,AZ,,,Angi,Confirmed paid,Angi: Approved advertiser badge (Confirmed paid),Angi · response 6 hrs · 22 recent quote requests,Research first,"Paid lead-acquisition activity is verified, but the business identity, contact details, website, and Google profile still need to be joined before outreach.",Not yet cross-checked,,0,,https://www.google.com/maps/search/?api=1&query=ARIZONA%20TERMITE%20SPECIALISTS%2C%20LLC%20Arizona,Website not yet cross-checked,,,https://www.angi.com/companylist/us/az/phoenix/pest-control.htm,2026-07-22,platform-arizona-termite-specialists-phoenix,,,,
141,,Research-only · not ready to call,"Around the Sun Heating & Cooling, Inc.",HVAC,Casa Grande,AZ,,,Angi,Confirmed paid,Angi: Approved advertiser badge (Confirmed paid),Angi · 57 recent quote requests,Research first,"Paid lead-acquisition activity is verified, but the business identity, contact details, website, and Google profile still need to be joined before outreach.",Not yet cross-checked,,0,,https://www.google.com/maps/search/?api=1&query=Around%20the%20Sun%20Heating%20%26%20Cooling%2C%20Inc.%20Arizona,Website not yet cross-checked,,,https://www.angi.com/companylist/us/az/casa-grande/hvac.htm,2026-07-22,platform-around-the-sun-heating-and-cooling-casa-grande,,,,
142,,Research-only · not ready to call,"Arrow Roofing, Inc.",Roofing,Flagstaff,AZ,,,Angi,Confirmed paid,Angi: Approved advertiser badge (Confirmed paid),Angi · response 1 day · rate 94% · 9 recent quote requests,Research first,"Paid lead-acquisition activity is verified, but the business identity, contact details, website, and Google profile still need to be joined before outreach.",Not yet cross-checked,,0,,https://www.google.com/maps/search/?api=1&query=Arrow%20Roofing%2C%20Inc.%20Arizona,Website not yet cross-checked,,,https://www.angi.com/companylist/us/az/flagstaff/roofing.htm,2026-07-22,platform-arrow-roofing-flagstaff,,,,
143,,Research-only · not ready to call,Ascendant Plumbing LLC,Plumbing,Tucson,AZ,,,Angi,Confirmed paid,Angi: Approved advertiser badge (Confirmed paid),Angi · response 2 hrs · rate 97% · 3 recent quote requests,Research first,"Paid lead-acquisition activity is verified, but the business identity, contact details, website, and Google profile still need to be joined before outreach.",Not yet cross-checked,,0,,https://www.google.com/maps/search/?api=1&query=Ascendant%20Plumbing%20LLC%20Arizona,Website not yet cross-checked,,,https://www.angi.com/companylist/us/az/tucson/plumbing.htm,2026-07-22,platform-ascendant-plumbing-tucson,,,,
144,,Research-only · not ready to call,Ascended Constructions,Roofing,Yuma,AZ,,,Angi,Confirmed paid,Angi: New to Angi advertiser badge (Confirmed paid) | Angi: New to Angi advertiser badge (Confirmed paid) | Angi: New to Angi advertiser badge (Confirmed paid),Angi · 1 recent quote requests | Angi · 1 recent quote requests | Angi · 1 recent quote requests,Research first,"Paid lead-acquisition activity is verified, but the business identity, contact details, website, and Google profile still need to be joined before outreach.",Not yet cross-checked,,0,,https://www.google.com/maps/search/?api=1&query=Ascended%20Constructions%20Arizona,Website not yet cross-checked,,,https://www.angi.com/companylist/us/az/yuma/roofing.htm | https://www.angi.com/companylist/us/az/lake-havasu-city/roofing.htm | https://www.angi.com/companylist/us/az/sierra-vista/roofing.htm,2026-07-22,platform-ascended-constructions-yuma,,,,
145,,Research-only · not ready to call,ASP - America's Swimming Pool Co. Tucson Northeast,Pool & Spa Service,Tucson,AZ,,,Angi,Confirmed paid,Angi: Approved advertiser badge (Confirmed paid),Angi · response 1 day · 9 recent quote requests,Research first,"Paid lead-acquisition activity is verified, but the business identity, contact details, website, and Google profile still need to be joined before outreach.",Not yet cross-checked,,0,,https://www.google.com/maps/search/?api=1&query=ASP%20-%20America's%20Swimming%20Pool%20Co.%20Tucson%20Northeast%20Arizona,Website not yet cross-checked,,,https://www.angi.com/companylist/us/az/tucson/pool-and-spa-service.htm,2026-07-22,platform-asp-america-s-swimming-pool-tucson-northeast-tucson,,,,
146,,Research-only · not ready to call,AUTHORIZED AIR LLC,HVAC,Casa Grande,AZ,,,Angi,Confirmed paid,Angi: Approved advertiser badge (Confirmed paid),,Research first,"Paid lead-acquisition activity is verified, but the business identity, contact details, website, and Google profile still need to be joined before outreach.",Not yet cross-checked,,0,,https://www.google.com/maps/search/?api=1&query=AUTHORIZED%20AIR%20LLC%20Arizona,Website not yet cross-checked,,,https://www.angi.com/companylist/us/az/casa-grande/hvac.htm,2026-07-22,platform-authorized-air-casa-grande,,,,
147,,Research-only · not ready to call,AWARD ELECTRIC LLC,Electrical,Tucson,AZ,,,Angi,Confirmed paid,Angi: Approved advertiser badge (Confirmed paid),Angi · response 2 days · 10 recent quote requests,Research first,"Paid lead-acquisition activity is verified, but the business identity, contact details, website, and Google profile still need to be joined before outreach.",Not yet cross-checked,,0,,https://www.google.com/maps/search/?api=1&query=AWARD%20ELECTRIC%20LLC%20Arizona,Website not yet cross-checked,,,https://www.angi.com/companylist/us/az/tucson/electrical.htm,2026-07-22,platform-award-electric-tucson,,,,
148,,Research-only · not ready to call,"B Wiring Solutions, LLC",Electrical,Flagstaff,AZ,,,Angi,Confirmed paid,Angi: Approved advertiser badge (Confirmed paid),Angi · response 2 days · 5 recent quote requests,Research first,"Paid lead-acquisition activity is verified, but the business identity, contact details, website, and Google profile still need to be joined before outreach.",Not yet cross-checked,,0,,https://www.google.com/maps/search/?api=1&query=B%20Wiring%20Solutions%2C%20LLC%20Arizona,Website not yet cross-checked,,,https://www.angi.com/companylist/us/az/flagstaff/electrical.htm,2026-07-22,platform-b-wiring-solutions-flagstaff,,,,
149,,Research-only · not ready to call,Bella Cruz Roofing,Roofing,Lake Havasu City,AZ,,,Angi,Confirmed paid,Angi: Approved advertiser badge (Confirmed paid),Angi · response 4 days · 11 recent quote requests,Research first,"Paid lead-acquisition activity is verified, but the business identity, contact details, website, and Google profile still need to be joined before outreach.",Not yet cross-checked,,0,,https://www.google.com/maps/search/?api=1&query=Bella%20Cruz%20Roofing%20Arizona,Website not yet cross-checked,,,https://www.angi.com/companylist/us/az/lake-havasu-city/roofing.htm,2026-07-22,platform-bella-cruz-roofing-lake-havasu-city,,,,
150,,Research-only · not ready to call,Benjamin Franklin Plumbing of Prescott,Plumbing,Flagstaff,AZ,,,Angi,Confirmed paid,Angi: Approved advertiser badge (Confirmed paid),Angi · response 2 days · 89 recent quote requests,Research first,"Paid lead-acquisition activity is verified, but the business identity, contact details, website, and Google profile still need to be joined before outreach.",Not yet cross-checked,,0,,https://www.google.com/maps/search/?api=1&query=Benjamin%20Franklin%20Plumbing%20of%20Prescott%20Arizona,Website not yet cross-checked,,,https://www.angi.com/companylist/us/az/flagstaff/plumbing.htm,2026-07-22,platform-benjamin-franklin-plumbing-of-prescott-flagstaff,,,,
151,,Research-only · not ready to call,"BIG BEAR HEATING AND COOLING, INC.",HVAC,Flagstaff,AZ,,,Angi,Confirmed paid,Angi: New to Angi advertiser badge (Confirmed paid),Angi · 11 recent quote requests,Research first,"Paid lead-acquisition activity is verified, but the business identity, contact details, website, and Google profile still need to be joined before outreach.",Not yet cross-checked,,0,,https://www.google.com/maps/search/?api=1&query=BIG%20BEAR%20HEATING%20AND%20COOLING%2C%20INC.%20Arizona,Website not yet cross-checked,,,https://www.angi.com/companylist/us/az/flagstaff/hvac.htm,2026-07-22,platform-big-bear-heating-and-cooling-flagstaff,,,,
152,,Research-only · not ready to call,Black Diamond Home Services,Kitchen & Bath Remodeling; Plumbing,Phoenix,AZ,,,Angi,Confirmed paid,Angi: Approved advertiser badge (Confirmed paid) | Angi: Approved advertiser badge (Confirmed paid),Angi · 109 recent quote requests | Angi · 117 recent quote requests,Research first,"Paid lead-acquisition activity is verified, but the business identity, contact details, website, and Google profile still need to be joined before outreach.",Not yet cross-checked,,0,,https://www.google.com/maps/search/?api=1&query=Black%20Diamond%20Home%20Services%20Arizona,Website not yet cross-checked,,,https://www.angi.com/companylist/us/az/phoenix/kitchen-and-bath-remodeling.htm | https://www.angi.com/companylist/us/az/prescott/plumbing.htm,2026-07-22,platform-black-diamond-home-services-phoenix,,,,
153,,Research-only · not ready to call,"Blue Plumbing & Drain Cleaning, LLC",Plumbing,Prescott,AZ,,,Angi,Confirmed paid,Angi: Approved advertiser badge (Confirmed paid),Angi · response 2 hrs,Research first,"Paid lead-acquisition activity is verified, but the business identity, contact details, website, and Google profile still need to be joined before outreach.",Not yet cross-checked,,0,,https://www.google.com/maps/search/?api=1&query=Blue%20Plumbing%20%26%20Drain%20Cleaning%2C%20LLC%20Arizona,Website not yet cross-checked,,,https://www.angi.com/companylist/us/az/prescott/plumbing.htm,2026-07-22,platform-blue-plumbing-and-drain-cleaning-prescott,,,,
154,,Research-only · not ready to call,BLVD Moving,Moving,Phoenix,AZ,,,Angi,Confirmed paid,Angi: Approved advertiser badge (Confirmed paid),Angi · response 1 day · rate 88% · 7 recent quote requests,Research first,"Paid lead-acquisition activity is verified, but the business identity, contact details, website, and Google profile still need to be joined before outreach.",Not yet cross-checked,,0,,https://www.google.com/maps/search/?api=1&query=BLVD%20Moving%20Arizona,Website not yet cross-checked,,,https://www.angi.com/companylist/us/az/phoenix/moving.htm,2026-07-22,platform-blvd-moving-phoenix,,,,
155,,Research-only · not ready to call,BRACE YOURSELF GARAGE COMPANY LLC,Garage Doors,Tucson,AZ,,,Angi,Confirmed paid,Angi: Approved advertiser badge (Confirmed paid),Angi · 6 recent quote requests,Research first,"Paid lead-acquisition activity is verified, but the business identity, contact details, website, and Google profile still need to be joined before outreach.",Not yet cross-checked,,0,,https://www.google.com/maps/search/?api=1&query=BRACE%20YOURSELF%20GARAGE%20COMPANY%20LLC%20Arizona,Website not yet cross-checked,,,https://www.angi.com/companylist/us/az/tucson/garage-doors.htm,2026-07-22,platform-brace-yourself-garage-tucson,,,,
156,,Research-only · not ready to call,"Brighton EV, LLC",Electrical,Phoenix,AZ,,,Angi,Confirmed paid,Angi: Approved advertiser badge (Confirmed paid),Angi · response 1 hour · 6 recent quote requests,Research first,"Paid lead-acquisition activity is verified, but the business identity, contact details, website, and Google profile still need to be joined before outreach.",Not yet cross-checked,,0,,https://www.google.com/maps/search/?api=1&query=Brighton%20EV%2C%20LLC%20Arizona,Website not yet cross-checked,,,https://www.angi.com/companylist/us/az/phoenix/electrical.htm,2026-07-22,platform-brighton-ev-phoenix,,,,
157,,Research-only · not ready to call,Buckingham Electrical Services LLC,Electrical,Tucson,AZ,,,Angi,Confirmed paid,Angi: Approved advertiser badge (Confirmed paid),Angi · response 3 hrs · rate 100% · 1 recent quote requests,Research first,"Paid lead-acquisition activity is verified, but the business identity, contact details, website, and Google profile still need to be joined before outreach.",Not yet cross-checked,,0,,https://www.google.com/maps/search/?api=1&query=Buckingham%20Electrical%20Services%20LLC%20Arizona,Website not yet cross-checked,,,https://www.angi.com/companylist/us/az/tucson/electrical.htm,2026-07-22,platform-buckingham-electrical-services-tucson,,,,
158,,Research-only · not ready to call,"Burchill's Plumbing, LLC",Plumbing,Prescott,AZ,,,Angi,Confirmed paid,Angi: Approved advertiser badge (Confirmed paid),Angi · response 10 hrs · rate 92% · 25 recent quote requests,Research first,"Paid lead-acquisition activity is verified, but the business identity, contact details, website, and Google profile still need to be joined before outreach.",Not yet cross-checked,,0,,https://www.google.com/maps/search/?api=1&query=Burchill's%20Plumbing%2C%20LLC%20Arizona,Website not yet cross-checked,,,https://www.angi.com/companylist/us/az/prescott/plumbing.htm,2026-07-22,platform-burchill-s-plumbing-prescott,,,,
159,,Research-only · not ready to call,"Burgos Air, LLC",HVAC,Queen Creek,AZ,,,Angi,Confirmed paid,Angi: Approved advertiser badge (Confirmed paid),Angi · response 4 hrs,Research first,"Paid lead-acquisition activity is verified, but the business identity, contact details, website, and Google profile still need to be joined before outreach.",Not yet cross-checked,,0,,https://www.google.com/maps/search/?api=1&query=Burgos%20Air%2C%20LLC%20Arizona,Website not yet cross-checked,,https://www.angi.com/companylist/us/az/queen-creek/burgos-air-llc-reviews-1.htm,https://www.angi.com/companylist/us/az/phoenix/hvac.htm,2026-07-22,platform-burgos-air-queen-creek,,,,
160,,Research-only · not ready to call,"CactusNectar, LLC",General Contractor; Kitchen & Bath Remodeling,Tucson,AZ,,,Angi,Confirmed paid,Angi: Approved advertiser badge (Confirmed paid) | Angi: Approved advertiser badge (Confirmed paid),Angi · 8 recent quote requests | Angi · 7 recent quote requests,Research first,"Paid lead-acquisition activity is verified, but the business identity, contact details, website, and Google profile still need to be joined before outreach.",Not yet cross-checked,,0,,https://www.google.com/maps/search/?api=1&query=CactusNectar%2C%20LLC%20Arizona,Website not yet cross-checked,,,https://www.angi.com/companylist/us/az/tucson/kitchen-and-bath-remodeling.htm | https://www.angi.com/companylist/us/az/tucson/contractor.htm,2026-07-22,platform-cactusnectar-tucson,,,,
161,,Research-only · not ready to call,"Camelback Moving, Inc.",Moving,Phoenix,AZ,,,Angi,Confirmed paid,Angi: Approved advertiser badge (Confirmed paid),Angi · 4 recent quote requests,Research first,"Paid lead-acquisition activity is verified, but the business identity, contact details, website, and Google profile still need to be joined before outreach.",Not yet cross-checked,,0,,https://www.google.com/maps/search/?api=1&query=Camelback%20Moving%2C%20Inc.%20Arizona,Website not yet cross-checked,,,https://www.angi.com/companylist/us/az/phoenix/moving.htm,2026-07-22,platform-camelback-moving-phoenix,,,,
162,,Research-only · not ready to call,Canyon Vista Painting LLC,Painting,Tucson,AZ,,,Angi,Confirmed paid,Angi: Approved advertiser badge (Confirmed paid),Angi · response 7 hrs · rate 100% · 1 recent quote requests,Research first,"Paid lead-acquisition activity is verified, but the business identity, contact details, website, and Google profile still need to be joined before outreach.",Not yet cross-checked,,0,,https://www.google.com/maps/search/?api=1&query=Canyon%20Vista%20Painting%20LLC%20Arizona,Website not yet cross-checked,,,https://www.angi.com/companylist/us/az/tucson/painting.htm,2026-07-22,platform-canyon-vista-painting-tucson,,,,
163,,Research-only · not ready to call,Cares Home Services Corp.,HVAC,Tucson,AZ,,,Angi,Confirmed paid,Angi: Approved advertiser badge (Confirmed paid),Angi · response 9 hrs · rate 95%,Research first,"Paid lead-acquisition activity is verified, but the business identity, contact details, website, and Google profile still need to be joined before outreach.",Not yet cross-checked,,0,,https://www.google.com/maps/search/?api=1&query=Cares%20Home%20Services%20Corp.%20Arizona,Website not yet cross-checked,,,https://www.angi.com/companylist/us/az/tucson/hvac.htm,2026-07-22,platform-cares-home-services-tucson,,,,
164,,Research-only · not ready to call,CH Painting,Painting,Tucson,AZ,,,Angi,Confirmed paid,Angi: Approved advertiser badge (Confirmed paid),Angi · response 8 hrs · 6 recent quote requests,Research first,"Paid lead-acquisition activity is verified, but the business identity, contact details, website, and Google profile still need to be joined before outreach.",Not yet cross-checked,,0,,https://www.google.com/maps/search/?api=1&query=CH%20Painting%20Arizona,Website not yet cross-checked,,,https://www.angi.com/companylist/us/az/tucson/painting.htm,2026-07-22,platform-ch-painting-tucson,,,,
165,,Research-only · not ready to call,Chino Heating & Cooling Inc,HVAC,Prescott,AZ,,,Angi,Confirmed paid,Angi: Approved advertiser badge (Confirmed paid),Angi · response 1 day · rate 94% · 4 recent quote requests,Research first,"Paid lead-acquisition activity is verified, but the business identity, contact details, website, and Google profile still need to be joined before outreach.",Not yet cross-checked,,0,,https://www.google.com/maps/search/?api=1&query=Chino%20Heating%20%26%20Cooling%20Inc%20Arizona,Website not yet cross-checked,,,https://www.angi.com/companylist/us/az/prescott/hvac.htm,2026-07-22,platform-chino-heating-and-cooling-prescott,,,,
166,,Research-only · not ready to call,Chromatic Coatings,Kitchen & Bath Remodeling,Phoenix,AZ,,,Angi,Confirmed paid,Angi: Approved advertiser badge (Confirmed paid),Angi · response 2 days · 6 recent quote requests,Research first,"Paid lead-acquisition activity is verified, but the business identity, contact details, website, and Google profile still need to be joined before outreach.",Not yet cross-checked,,0,,https://www.google.com/maps/search/?api=1&query=Chromatic%20Coatings%20Arizona,Website not yet cross-checked,,,https://www.angi.com/companylist/us/az/phoenix/kitchen-and-bath-remodeling.htm,2026-07-22,platform-chromatic-coatings-phoenix,,,,
167,,Research-only · not ready to call,"Chuck Reliable Roofing, LLC",Roofing,Tucson,AZ,,,Angi,Confirmed paid,Angi: Approved advertiser badge (Confirmed paid),Angi · response 1 day · 5 recent quote requests,Research first,"Paid lead-acquisition activity is verified, but the business identity, contact details, website, and Google profile still need to be joined before outreach.",Not yet cross-checked,,0,,https://www.google.com/maps/search/?api=1&query=Chuck%20Reliable%20Roofing%2C%20LLC%20Arizona,Website not yet cross-checked,,,https://www.angi.com/companylist/us/az/tucson/roofing.htm,2026-07-22,platform-chuck-reliable-roofing-tucson,,,,
168,,Research-only · not ready to call,Citi Scapes,Landscaping,Phoenix,AZ,,,Angi,Confirmed paid,Angi: Approved advertiser badge (Confirmed paid),Angi · 3 recent quote requests,Research first,"Paid lead-acquisition activity is verified, but the business identity, contact details, website, and Google profile still need to be joined before outreach.",Not yet cross-checked,,0,,https://www.google.com/maps/search/?api=1&query=Citi%20Scapes%20Arizona,Website not yet cross-checked,,,https://www.angi.com/companylist/us/az/phoenix/landscaping.htm,2026-07-22,platform-citi-scapes-phoenix,,,,
169,,Research-only · not ready to call,"City Plumbing & Rooter AZ, LLC",Plumbing,Flagstaff,AZ,,,Angi,Confirmed paid,Angi: Approved advertiser badge (Confirmed paid) | Angi: Approved advertiser badge (Confirmed paid),Angi · 31 recent quote requests | Angi · 18 recent quote requests,Research first,"Paid lead-acquisition activity is verified, but the business identity, contact details, website, and Google profile still need to be joined before outreach.",Not yet cross-checked,,0,,https://www.google.com/maps/search/?api=1&query=City%20Plumbing%20%26%20Rooter%20AZ%2C%20LLC%20Arizona,Website not yet cross-checked,,,https://www.angi.com/companylist/us/az/flagstaff/plumbing.htm | https://www.angi.com/companylist/us/az/prescott/plumbing.htm,2026-07-22,platform-city-plumbing-and-rooter-az-flagstaff,,,,
170,,Research-only · not ready to call,Clearco Window & Carpet Cleaning,House Cleaning,Phoenix,AZ,,,Angi,Confirmed paid,Angi: Approved advertiser badge (Confirmed paid),Angi · 5 recent quote requests,Research first,"Paid lead-acquisition activity is verified, but the business identity, contact details, website, and Google profile still need to be joined before outreach.",Not yet cross-checked,,0,,https://www.google.com/maps/search/?api=1&query=Clearco%20Window%20%26%20Carpet%20Cleaning%20Arizona,Website not yet cross-checked,,,https://www.angi.com/companylist/us/az/phoenix/house-cleaning.htm,2026-07-22,platform-clearco-window-and-carpet-cleaning-phoenix,,,,
171,,Research-only · not ready to call,"Coles Excavating & Pad Building, LLC",Plumbing,Tucson,AZ,,,Angi,Confirmed paid,Angi: Approved advertiser badge (Confirmed paid),Angi · response 1 day · rate 86% · 27 recent quote requests,Research first,"Paid lead-acquisition activity is verified, but the business identity, contact details, website, and Google profile still need to be joined before outreach.",Not yet cross-checked,,0,,https://www.google.com/maps/search/?api=1&query=Coles%20Excavating%20%26%20Pad%20Building%2C%20LLC%20Arizona,Website not yet cross-checked,,,https://www.angi.com/companylist/us/az/tucson/plumbing.htm,2026-07-22,platform-coles-excavating-and-pad-building-tucson,,,,
172,,Research-only · not ready to call,Cook Remodeling & Custom Construction Inc,General Contractor; Kitchen & Bath Remodeling,Phoenix,AZ,,,Angi,Confirmed paid,Angi: Approved advertiser badge (Confirmed paid) | Angi: Approved advertiser badge (Confirmed paid),Angi · 10 recent quote requests | Angi · 10 recent quote requests,Research first,"Paid lead-acquisition activity is verified, but the business identity, contact details, website, and Google profile still need to be joined before outreach.",Not yet cross-checked,,0,,https://www.google.com/maps/search/?api=1&query=Cook%20Remodeling%20%26%20Custom%20Construction%20Inc%20Arizona,Website not yet cross-checked,,,https://www.angi.com/companylist/us/az/phoenix/kitchen-and-bath-remodeling.htm | https://www.angi.com/companylist/us/az/phoenix/contractor.htm,2026-07-22,platform-cook-remodeling-and-custom-construction-phoenix,,,,
173,,Research-only · not ready to call,Cool Willy's,HVAC,Sierra Vista,AZ,,,Angi,Confirmed paid,Angi: Approved advertiser badge (Confirmed paid),Angi · 5 recent quote requests,Research first,"Paid lead-acquisition activity is verified, but the business identity, contact details, website, and Google profile still need to be joined before outreach.",Not yet cross-checked,,0,,https://www.google.com/maps/search/?api=1&query=Cool%20Willy's%20Arizona,Website not yet cross-checked,,,https://www.angi.com/companylist/us/az/sierra-vista/hvac.htm,2026-07-22,platform-cool-willy-s-sierra-vista,,,,
174,,Research-only · not ready to call,Cool Willy's Air & Plumbing,HVAC and plumbing,Tucson,AZ,,,Yelp,Confirmed paid,Yelp: Sponsored result (Confirmed paid),,Research first,"Paid lead-acquisition activity is verified, but the business identity, contact details, website, and Google profile still need to be joined before outreach.",Not yet cross-checked,,0,,https://www.google.com/search?q=Cool%20Willy's%20Air%20%26%20Plumbing%20Tucson%20AZ,Not audited,,https://www.yelp.com/biz/cool-willys-air-and-plumbing-tucson-2,https://www.yelp.com/search?find_desc=Plumbers&find_loc=Tucson%2C%20AZ,2026-07-21,platform-cool-willy-s-air-and-plumbing-tucson,,,,
175,,Research-only · not ready to call,Corona Heating & Cooling,HVAC,Tucson,AZ,,,Angi,Confirmed paid,Angi: Approved advertiser badge (Confirmed paid),Angi · response 1 day · 4 recent quote requests,Research first,"Paid lead-acquisition activity is verified, but the business identity, contact details, website, and Google profile still need to be joined before outreach.",Not yet cross-checked,,0,,https://www.google.com/maps/search/?api=1&query=Corona%20Heating%20%26%20Cooling%20Arizona,Website not yet cross-checked,,,https://www.angi.com/companylist/us/az/tucson/hvac.htm,2026-07-22,platform-corona-heating-and-cooling-tucson,,,,
176,,Research-only · not ready to call,Coronel Pools,Pool & Spa Service,Phoenix,AZ,,,Angi,Confirmed paid,Angi: Approved advertiser badge (Confirmed paid),,Research first,"Paid lead-acquisition activity is verified, but the business identity, contact details, website, and Google profile still need to be joined before outreach.",Not yet cross-checked,,0,,https://www.google.com/maps/search/?api=1&query=Coronel%20Pools%20Arizona,Website not yet cross-checked,,,https://www.angi.com/companylist/us/az/phoenix/pool-and-spa-service.htm,2026-07-22,platform-coronel-pools-phoenix,,,,
177,,Research-only · not ready to call,Cummings Termite & Pest Control,Pest Control,Phoenix,AZ,,,Angi,Confirmed paid,Angi: Approved advertiser badge (Confirmed paid),,Research first,"Paid lead-acquisition activity is verified, but the business identity, contact details, website, and Google profile still need to be joined before outreach.",Not yet cross-checked,,0,,https://www.google.com/maps/search/?api=1&query=Cummings%20Termite%20%26%20Pest%20Control%20Arizona,Website not yet cross-checked,,,https://www.angi.com/companylist/us/az/phoenix/pest-control.htm,2026-07-22,platform-cummings-termite-and-pest-control-phoenix,,,,
178,,Research-only · not ready to call,D & V Painting and Drywall,Painting,Phoenix,AZ,,,Angi,Confirmed paid,Angi: Approved advertiser badge (Confirmed paid),,Research first,"Paid lead-acquisition activity is verified, but the business identity, contact details, website, and Google profile still need to be joined before outreach.",Not yet cross-checked,,0,,https://www.google.com/maps/search/?api=1&query=D%20%26%20V%20Painting%20and%20Drywall%20Arizona,Website not yet cross-checked,,,https://www.angi.com/companylist/us/az/phoenix/painting.htm,2026-07-22,platform-d-and-v-painting-and-drywall-phoenix,,,,
179,,Research-only · not ready to call,D.N.A's Custom Painting LLC,Painting,Tucson,AZ,,,Angi,Confirmed paid,Angi: Approved advertiser badge (Confirmed paid),Angi · response 11 hrs · rate 96% · 2 recent quote requests,Research first,"Paid lead-acquisition activity is verified, but the business identity, contact details, website, and Google profile still need to be joined before outreach.",Not yet cross-checked,,0,,https://www.google.com/maps/search/?api=1&query=D.N.A's%20Custom%20Painting%20LLC%20Arizona,Website not yet cross-checked,,,https://www.angi.com/companylist/us/az/tucson/painting.htm,2026-07-22,platform-d-n-a-s-custom-painting-tucson,,,,
180,,Research-only · not ready to call,DaBella - Flagstaff (Roofing),Roofing,Flagstaff,AZ,,,Angi,Confirmed paid,Angi: Approved advertiser badge (Confirmed paid) | Angi: Approved advertiser badge (Confirmed paid),Angi · 6 recent quote requests | Angi · 6 recent quote requests,Research first,"Paid lead-acquisition activity is verified, but the business identity, contact details, website, and Google profile still need to be joined before outreach.",Not yet cross-checked,,0,,https://www.google.com/maps/search/?api=1&query=DaBella%20-%20Flagstaff%20(Roofing)%20Arizona,Website not yet cross-checked,,,https://www.angi.com/companylist/us/az/flagstaff/roofing.htm | https://www.angi.com/companylist/us/az/prescott/roofing.htm,2026-07-22,platform-dabella-flagstaff-roofing-flagstaff,,,,
181,,Research-only · not ready to call,DaBella - Phoenix (Roofing),Roofing,Flagstaff,AZ,,,Angi,Confirmed paid,Angi: Approved advertiser badge (Confirmed paid),Angi · 2 recent quote requests,Research first,"Paid lead-acquisition activity is verified, but the business identity, contact details, website, and Google profile still need to be joined before outreach.",Not yet cross-checked,,0,,https://www.google.com/maps/search/?api=1&query=DaBella%20-%20Phoenix%20(Roofing)%20Arizona,Website not yet cross-checked,,,https://www.angi.com/companylist/us/az/flagstaff/roofing.htm,2026-07-22,platform-dabella-phoenix-roofing-flagstaff,,,,
182,,Research-only · not ready to call,Damian's Electrical,Electrical,Phoenix,AZ,,,Angi,Confirmed paid,Angi: Approved advertiser badge (Confirmed paid) | Angi: Approved advertiser badge (Confirmed paid),Angi · 1 recent quote requests | Angi · 1 recent quote requests,Research first,"Paid lead-acquisition activity is verified, but the business identity, contact details, website, and Google profile still need to be joined before outreach.",Not yet cross-checked,,0,,https://www.google.com/maps/search/?api=1&query=Damian's%20Electrical%20Arizona,Website not yet cross-checked,,,https://www.angi.com/companylist/us/az/phoenix/electrical.htm | https://www.angi.com/companylist/us/az/casa-grande/electrical.htm,2026-07-22,platform-damian-s-electrical-phoenix,,,,
183,,Research-only · not ready to call,Daryl's Green And Trim Landscaping,Landscaping,Phoenix,AZ,,,Angi,Confirmed paid,Angi: Approved advertiser badge (Confirmed paid),Angi · 2 recent quote requests,Research first,"Paid lead-acquisition activity is verified, but the business identity, contact details, website, and Google profile still need to be joined before outreach.",Not yet cross-checked,,0,,https://www.google.com/maps/search/?api=1&query=Daryl's%20Green%20And%20Trim%20Landscaping%20Arizona,Website not yet cross-checked,,,https://www.angi.com/companylist/us/az/phoenix/landscaping.htm,2026-07-22,platform-daryl-s-green-and-trim-landscaping-phoenix,,,,
184,,Research-only · not ready to call,Day Star Service Company,Electrical,Tucson,AZ,,,Angi,Confirmed paid,Angi: Approved advertiser badge (Confirmed paid),Angi · 4 recent quote requests,Research first,"Paid lead-acquisition activity is verified, but the business identity, contact details, website, and Google profile still need to be joined before outreach.",Not yet cross-checked,,0,,https://www.google.com/maps/search/?api=1&query=Day%20Star%20Service%20Company%20Arizona,Website not yet cross-checked,,,https://www.angi.com/companylist/us/az/tucson/electrical.htm,2026-07-22,platform-day-star-service-tucson,,,,
185,,Research-only · not ready to call,DelEstie Cleaning Services,House Cleaning,Tucson,AZ,,,Angi,Confirmed paid,Angi: Approved advertiser badge (Confirmed paid),Angi · 3 recent quote requests,Research first,"Paid lead-acquisition activity is verified, but the business identity, contact details, website, and Google profile still need to be joined before outreach.",Not yet cross-checked,,0,,https://www.google.com/maps/search/?api=1&query=DelEstie%20Cleaning%20Services%20Arizona,Website not yet cross-checked,,,https://www.angi.com/companylist/us/az/tucson/house-cleaning.htm,2026-07-22,platform-delestie-cleaning-services-tucson,,,,
186,,Research-only · not ready to call,Denny's Electric,Electrical,Prescott,AZ,,,Angi,Confirmed paid,Angi: Approved advertiser badge (Confirmed paid),Angi · response 1 day,Research first,"Paid lead-acquisition activity is verified, but the business identity, contact details, website, and Google profile still need to be joined before outreach.",Not yet cross-checked,,0,,https://www.google.com/maps/search/?api=1&query=Denny's%20Electric%20Arizona,Website not yet cross-checked,,,https://www.angi.com/companylist/us/az/prescott/electrical.htm,2026-07-22,platform-denny-s-electric-prescott,,,,
187,,Research-only · not ready to call,Dependable Painting & Roofing,Roofing,Casa Grande,AZ,,,Angi,Confirmed paid,Angi: Approved advertiser badge (Confirmed paid),Angi · 1 recent quote requests,Research first,"Paid lead-acquisition activity is verified, but the business identity, contact details, website, and Google profile still need to be joined before outreach.",Not yet cross-checked,,0,,https://www.google.com/maps/search/?api=1&query=Dependable%20Painting%20%26%20Roofing%20Arizona,Website not yet cross-checked,,,https://www.angi.com/companylist/us/az/casa-grande/roofing.htm,2026-07-22,platform-dependable-painting-and-roofing-casa-grande,,,,
188,,Research-only · not ready to call,Desert Fine Painting LLC,Painting,Phoenix,AZ,,,Angi,Confirmed paid,Angi: Approved advertiser badge (Confirmed paid),Angi · 1 recent quote requests,Research first,"Paid lead-acquisition activity is verified, but the business identity, contact details, website, and Google profile still need to be joined before outreach.",Not yet cross-checked,,0,,https://www.google.com/maps/search/?api=1&query=Desert%20Fine%20Painting%20LLC%20Arizona,Website not yet cross-checked,,,https://www.angi.com/companylist/us/az/phoenix/painting.htm,2026-07-22,platform-desert-fine-painting-phoenix,,,,
189,,Research-only · not ready to call,Desert Hands Home Service,Electrical; HVAC,Sierra Vista,AZ,,,Angi,Confirmed paid,Angi: New to Angi advertiser badge (Confirmed paid) | Angi: New to Angi advertiser badge (Confirmed paid),,Research first,"Paid lead-acquisition activity is verified, but the business identity, contact details, website, and Google profile still need to be joined before outreach.",Not yet cross-checked,,0,,https://www.google.com/maps/search/?api=1&query=Desert%20Hands%20Home%20Service%20Arizona,Website not yet cross-checked,,,https://www.angi.com/companylist/us/az/sierra-vista/hvac.htm | https://www.angi.com/companylist/us/az/sierra-vista/electrical.htm,2026-07-22,platform-desert-hands-home-service-sierra-vista,,,,
190,,Research-only · not ready to call,"Desert Sky Remodeling, LLC",Kitchen & Bath Remodeling,Tucson,AZ,,,Angi,Confirmed paid,Angi: Approved advertiser badge (Confirmed paid),Angi · response 10 hrs · 8 recent quote requests,Research first,"Paid lead-acquisition activity is verified, but the business identity, contact details, website, and Google profile still need to be joined before outreach.",Not yet cross-checked,,0,,https://www.google.com/maps/search/?api=1&query=Desert%20Sky%20Remodeling%2C%20LLC%20Arizona,Website not yet cross-checked,,,https://www.angi.com/companylist/us/az/tucson/kitchen-and-bath-remodeling.htm,2026-07-22,platform-desert-sky-remodeling-tucson,,,,
191,,Research-only · not ready to call,Dirt Busters,HVAC,Casa Grande,AZ,,,Angi,Confirmed paid,Angi: Approved advertiser badge (Confirmed paid),Angi · response 6 hrs · rate 100%,Research first,"Paid lead-acquisition activity is verified, but the business identity, contact details, website, and Google profile still need to be joined before outreach.",Not yet cross-checked,,0,,https://www.google.com/maps/search/?api=1&query=Dirt%20Busters%20Arizona,Website not yet cross-checked,,,https://www.angi.com/companylist/us/az/casa-grande/hvac.htm,2026-07-22,platform-dirt-busters-casa-grande,,,,
192,,Research-only · not ready to call,"Do It Right Plumbing, Inc.",Plumbing,Phoenix,AZ,,,Angi,Confirmed paid,Angi: Approved advertiser badge (Confirmed paid),Angi · response 4 hrs,Research first,"Paid lead-acquisition activity is verified, but the business identity, contact details, website, and Google profile still need to be joined before outreach.",Not yet cross-checked,,0,,https://www.google.com/maps/search/?api=1&query=Do%20It%20Right%20Plumbing%2C%20Inc.%20Arizona,Website not yet cross-checked,,https://www.angi.com/companylist/us/az/phoenix/do-it-right-plumbing-inc-reviews-1.htm,https://www.angi.com/companylist/us/az/phoenix/plumbing.htm,2026-07-22,platform-do-it-right-plumbing-phoenix,,,,
193,,Research-only · not ready to call,Done Rite Services,Home services,Tucson,AZ,,,Yelp,Confirmed paid,Yelp: Sponsored result (Confirmed paid),Yelp · response 20 mins,Research first,"Paid lead-acquisition activity is verified, but the business identity, contact details, website, and Google profile still need to be joined before outreach.",Not yet cross-checked,,0,,https://www.google.com/search?q=Done%20Rite%20Services%20Tucson%20AZ,Not audited,,https://www.yelp.com/biz/done-rite-services-tucson-3,https://www.yelp.com/search?find_desc=Plumbers&find_loc=Tucson%2C%20AZ,2026-07-21,platform-done-rite-services-tucson,,,,
194,,Research-only · not ready to call,"Donohue Contracting, LLC",Roofing,Casa Grande,AZ,,,Angi,Confirmed paid,Angi: Approved advertiser badge (Confirmed paid),Angi · response 1 day · 34 recent quote requests,Research first,"Paid lead-acquisition activity is verified, but the business identity, contact details, website, and Google profile still need to be joined before outreach.",Not yet cross-checked,,0,,https://www.google.com/maps/search/?api=1&query=Donohue%20Contracting%2C%20LLC%20Arizona,Website not yet cross-checked,,,https://www.angi.com/companylist/us/az/casa-grande/roofing.htm,2026-07-22,platform-donohue-contracting-casa-grande,,,,
195,,Research-only · not ready to call,Drye Plumbing,Plumbing,Prescott,AZ,,,Angi,Confirmed paid,Angi: Approved advertiser badge (Confirmed paid),Angi · 2 recent quote requests,Research first,"Paid lead-acquisition activity is verified, but the business identity, contact details, website, and Google profile still need to be joined before outreach.",Not yet cross-checked,,0,,https://www.google.com/maps/search/?api=1&query=Drye%20Plumbing%20Arizona,Website not yet cross-checked,,,https://www.angi.com/companylist/us/az/prescott/plumbing.htm,2026-07-22,platform-drye-plumbing-prescott,,,,
196,,Research-only · not ready to call,"Dynamic Comfort LLC, AC and Heating",HVAC,Tucson,AZ,,,Angi,Confirmed paid,Angi: Approved advertiser badge (Confirmed paid),Angi · 10 recent quote requests,Research first,"Paid lead-acquisition activity is verified, but the business identity, contact details, website, and Google profile still need to be joined before outreach.",Not yet cross-checked,,0,,https://www.google.com/maps/search/?api=1&query=Dynamic%20Comfort%20LLC%2C%20AC%20and%20Heating%20Arizona,Website not yet cross-checked,,,https://www.angi.com/companylist/us/az/tucson/hvac.htm,2026-07-22,platform-dynamic-comfort-ac-and-heating-tucson,,,,
197,,Research-only · not ready to call,Economy Landscape LLC,Landscaping,Tucson,AZ,,,Angi,Confirmed paid,Angi: Approved advertiser badge (Confirmed paid),Angi · response 5 hrs · 57 recent quote requests,Research first,"Paid lead-acquisition activity is verified, but the business identity, contact details, website, and Google profile still need to be joined before outreach.",Not yet cross-checked,,0,,https://www.google.com/maps/search/?api=1&query=Economy%20Landscape%20LLC%20Arizona,Website not yet cross-checked,,,https://www.angi.com/companylist/us/az/tucson/landscaping.htm,2026-07-22,platform-economy-landscape-tucson,,,,
198,,Research-only · not ready to call,Efficient Moving Solutions LLc,Moving,Phoenix,AZ,,,Angi,Confirmed paid,Angi: Approved advertiser badge (Confirmed paid),Angi · 19 recent quote requests,Research first,"Paid lead-acquisition activity is verified, but the business identity, contact details, website, and Google profile still need to be joined before outreach.",Not yet cross-checked,,0,,https://www.google.com/maps/search/?api=1&query=Efficient%20Moving%20Solutions%20LLc%20Arizona,Website not yet cross-checked,,,https://www.angi.com/companylist/us/az/phoenix/moving.htm,2026-07-22,platform-efficient-moving-solutions-phoenix,,,,
199,,Research-only · not ready to call,EH Landscaping,Landscaping,Phoenix,AZ,,,Angi,Confirmed paid,Angi: Approved advertiser badge (Confirmed paid),Angi · 7 recent quote requests,Research first,"Paid lead-acquisition activity is verified, but the business identity, contact details, website, and Google profile still need to be joined before outreach.",Not yet cross-checked,,0,,https://www.google.com/maps/search/?api=1&query=EH%20Landscaping%20Arizona,Website not yet cross-checked,,,https://www.angi.com/companylist/us/az/phoenix/landscaping.htm,2026-07-22,platform-eh-landscaping-phoenix,,,,
200,,Research-only · not ready to call,"Element Plumbing, Heating and Air",Plumbing,Flagstaff,AZ,,,Angi,Confirmed paid,Angi: Approved advertiser badge (Confirmed paid) | Angi: Approved advertiser badge (Confirmed paid),Angi · 20 recent quote requests | Angi · 12 recent quote requests,Research first,"Paid lead-acquisition activity is verified, but the business identity, contact details, website, and Google profile still need to be joined before outreach.",Not yet cross-checked,,0,,https://www.google.com/maps/search/?api=1&query=Element%20Plumbing%2C%20Heating%20and%20Air%20Arizona,Website not yet cross-checked,,,https://www.angi.com/companylist/us/az/flagstaff/plumbing.htm | https://www.angi.com/companylist/us/az/prescott/plumbing.htm,2026-07-22,platform-element-plumbing-heating-and-air-flagstaff,,,,
201,,Research-only · not ready to call,Elite Pools and Spas,Pool & Spa Service,Tucson,AZ,,,Angi,Confirmed paid,Angi: Approved advertiser badge (Confirmed paid),Angi · response 2 hrs · 34 recent quote requests,Research first,"Paid lead-acquisition activity is verified, but the business identity, contact details, website, and Google profile still need to be joined before outreach.",Not yet cross-checked,,0,,https://www.google.com/maps/search/?api=1&query=Elite%20Pools%20and%20Spas%20Arizona,Website not yet cross-checked,,,https://www.angi.com/companylist/us/az/tucson/pool-and-spa-service.htm,2026-07-22,platform-elite-pools-and-spas-tucson,,,,
202,,Research-only · not ready to call,Envision Painting and Roofing,Painting,Gilbert,AZ,,,Angi,Confirmed paid,Angi: Approved advertiser badge (Confirmed paid),,Research first,"Paid lead-acquisition activity is verified, but the business identity, contact details, website, and Google profile still need to be joined before outreach.",Not yet cross-checked,,0,,https://www.google.com/maps/search/?api=1&query=Envision%20Painting%20and%20Roofing%20Arizona,Website linked on Angi profile · live state not audited,https://envisionservicegroup.com/home/,https://www.angi.com/companylist/us/az/gilbert/envision-painting-and-roofing-reviews-2351264.htm,https://www.angi.com/companylist/us/az/phoenix/painting.htm,2026-07-22,platform-envision-painting-and-roofing-gilbert,,,,
203,,Research-only · not ready to call,"Esquimo Pools, LLC",Pool & Spa Service,Tucson,AZ,,,Angi,Confirmed paid,Angi: Approved advertiser badge (Confirmed paid),Angi · response 2 days · 4 recent quote requests,Research first,"Paid lead-acquisition activity is verified, but the business identity, contact details, website, and Google profile still need to be joined before outreach.",Not yet cross-checked,,0,,https://www.google.com/maps/search/?api=1&query=Esquimo%20Pools%2C%20LLC%20Arizona,Website not yet cross-checked,,,https://www.angi.com/companylist/us/az/tucson/pool-and-spa-service.htm,2026-07-22,platform-esquimo-pools-tucson,,,,
204,,Research-only · not ready to call,"Ever Green Tree, LLC",Landscaping,Phoenix,AZ,,,Angi,Confirmed paid,Angi: Approved advertiser badge (Confirmed paid),Angi · response 4 hrs · rate 85% · 2 recent quote requests,Research first,"Paid lead-acquisition activity is verified, but the business identity, contact details, website, and Google profile still need to be joined before outreach.",Not yet cross-checked,,0,,https://www.google.com/maps/search/?api=1&query=Ever%20Green%20Tree%2C%20LLC%20Arizona,Website not yet cross-checked,,,https://www.angi.com/companylist/us/az/phoenix/landscaping.htm,2026-07-22,platform-ever-green-tree-phoenix,,,,
205,,Research-only · not ready to call,Excel Movers,Moving,Tucson,AZ,,,Angi,Confirmed paid,Angi: Approved advertiser badge (Confirmed paid),Angi · 1 recent quote requests,Research first,"Paid lead-acquisition activity is verified, but the business identity, contact details, website, and Google profile still need to be joined before outreach.",Not yet cross-checked,,0,,https://www.google.com/maps/search/?api=1&query=Excel%20Movers%20Arizona,Website not yet cross-checked,,,https://www.angi.com/companylist/us/az/tucson/moving.htm,2026-07-22,platform-excel-movers-tucson,,,,
206,,Research-only · not ready to call,Exxcell Landscaping,Landscaping,Tucson,AZ,,,Angi,Confirmed paid,Angi: Approved advertiser badge (Confirmed paid),,Research first,"Paid lead-acquisition activity is verified, but the business identity, contact details, website, and Google profile still need to be joined before outreach.",Not yet cross-checked,,0,,https://www.google.com/maps/search/?api=1&query=Exxcell%20Landscaping%20Arizona,Website not yet cross-checked,,,https://www.angi.com/companylist/us/az/tucson/landscaping.htm,2026-07-22,platform-exxcell-landscaping-tucson,,,,
207,,Research-only · not ready to call,Favreaure Remodeling,Roofing,Yuma,AZ,,,Angi,Confirmed paid,Angi: Approved advertiser badge (Confirmed paid),Angi · response 50 mins,Research first,"Paid lead-acquisition activity is verified, but the business identity, contact details, website, and Google profile still need to be joined before outreach.",Not yet cross-checked,,0,,https://www.google.com/maps/search/?api=1&query=Favreaure%20Remodeling%20Arizona,Website not yet cross-checked,,,https://www.angi.com/companylist/us/az/yuma/roofing.htm,2026-07-22,platform-favreaure-remodeling-yuma,,,,
208,,Research-only · not ready to call,"Fillion's 5 Star Spa Services, LLC",Pool & Spa Service,Phoenix,AZ,,,Angi,Confirmed paid,Angi: Approved advertiser badge (Confirmed paid),Angi · response 10 mins · rate 90%,Research first,"Paid lead-acquisition activity is verified, but the business identity, contact details, website, and Google profile still need to be joined before outreach.",Not yet cross-checked,,0,,https://www.google.com/maps/search/?api=1&query=Fillion's%205%20Star%20Spa%20Services%2C%20LLC%20Arizona,Website not yet cross-checked,,,https://www.angi.com/companylist/us/az/phoenix/pool-and-spa-service.htm,2026-07-22,platform-fillion-s-5-star-spa-services-phoenix,,,,
209,,Research-only · not ready to call,Flagstaff Roofing,Roofing,Flagstaff,AZ,,,Angi,Confirmed paid,Angi: Approved advertiser badge (Confirmed paid),Angi · response 1 day · 14 recent quote requests,Research first,"Paid lead-acquisition activity is verified, but the business identity, contact details, website, and Google profile still need to be joined before outreach.",Not yet cross-checked,,0,,https://www.google.com/maps/search/?api=1&query=Flagstaff%20Roofing%20Arizona,Website not yet cross-checked,,,https://www.angi.com/companylist/us/az/flagstaff/roofing.htm,2026-07-22,platform-flagstaff-roofing-flagstaff,,,,
210,,Research-only · not ready to call,Flex Moving & Storage,Moving,Tucson,AZ,,,Angi,Confirmed paid,Angi: Approved advertiser badge (Confirmed paid),Angi · 215 recent quote requests,Research first,"Paid lead-acquisition activity is verified, but the business identity, contact details, website, and Google profile still need to be joined before outreach.",Not yet cross-checked,,0,,https://www.google.com/maps/search/?api=1&query=Flex%20Moving%20%26%20Storage%20Arizona,Website not yet cross-checked,,,https://www.angi.com/companylist/us/az/tucson/moving.htm,2026-07-22,platform-flex-moving-and-storage-tucson,,,,
211,,Research-only · not ready to call,Flo Pro Plumbing LLC,Plumbing,Mesa,AZ,,,Angi,Confirmed paid,Angi: Approved advertiser badge (Confirmed paid),Angi · 11 recent quote requests,Research first,"Paid lead-acquisition activity is verified, but the business identity, contact details, website, and Google profile still need to be joined before outreach.",Not yet cross-checked,,0,,https://www.google.com/maps/search/?api=1&query=Flo%20Pro%20Plumbing%20LLC%20Arizona,Website not yet cross-checked,,https://www.angi.com/companylist/us/az/mesa/flo-pro-plumbing-llc-reviews-11447555.htm,https://www.angi.com/companylist/us/az/phoenix/plumbing.htm,2026-07-22,platform-flo-pro-plumbing-mesa,,,,
212,,Research-only · not ready to call,Flores Landscape & Mas LLC,Landscaping,Phoenix,AZ,,,Angi,Confirmed paid,Angi: Approved advertiser badge (Confirmed paid),Angi · 3 recent quote requests,Research first,"Paid lead-acquisition activity is verified, but the business identity, contact details, website, and Google profile still need to be joined before outreach.",Not yet cross-checked,,0,,https://www.google.com/maps/search/?api=1&query=Flores%20Landscape%20%26%20Mas%20LLC%20Arizona,Website not yet cross-checked,,,https://www.angi.com/companylist/us/az/phoenix/landscaping.htm,2026-07-22,platform-flores-landscape-and-mas-phoenix,,,,
213,,Research-only · not ready to call,"Fox Communication and Low Voltage Solutions, LLC",Electrical,Yuma,AZ,,,Angi,Confirmed paid,Angi: Approved advertiser badge (Confirmed paid),Angi · response 2 hrs,Research first,"Paid lead-acquisition activity is verified, but the business identity, contact details, website, and Google profile still need to be joined before outreach.",Not yet cross-checked,,0,,https://www.google.com/maps/search/?api=1&query=Fox%20Communication%20and%20Low%20Voltage%20Solutions%2C%20LLC%20Arizona,Website not yet cross-checked,,,https://www.angi.com/companylist/us/az/yuma/electrical.htm,2026-07-22,platform-fox-communication-and-low-voltage-solutions-yuma,,,,
214,,Research-only · not ready to call,Frosty Fox AC LLC,HVAC,Chandler,AZ,,,Angi,Confirmed paid,Angi: Approved advertiser badge (Confirmed paid),Angi · 5 recent quote requests,Research first,"Paid lead-acquisition activity is verified, but the business identity, contact details, website, and Google profile still need to be joined before outreach.",Not yet cross-checked,,0,,https://www.google.com/maps/search/?api=1&query=Frosty%20Fox%20AC%20LLC%20Arizona,Website not yet cross-checked,,https://www.angi.com/companylist/us/az/chandler/frosty-fox-ac-llc-reviews-1.htm,https://www.angi.com/companylist/us/az/phoenix/hvac.htm,2026-07-22,platform-frosty-fox-ac-chandler,,,,
215,,Research-only · not ready to call,Full Spectrum Contracting LLC,General Contractor,Phoenix,AZ,,,Angi,Confirmed paid,Angi: Approved advertiser badge (Confirmed paid),Angi · 1 recent quote requests,Research first,"Paid lead-acquisition activity is verified, but the business identity, contact details, website, and Google profile still need to be joined before outreach.",Not yet cross-checked,,0,,https://www.google.com/maps/search/?api=1&query=Full%20Spectrum%20Contracting%20LLC%20Arizona,Website not yet cross-checked,,,https://www.angi.com/companylist/us/az/phoenix/contractor.htm,2026-07-22,platform-full-spectrum-contracting-phoenix,,,,
216,,Research-only · not ready to call,Gaia Cleaning Specialists LLC,House Cleaning,Phoenix,AZ,,,Angi,Confirmed paid,Angi: Approved advertiser badge (Confirmed paid) | Angi: Approved advertiser badge (Confirmed paid),,Research first,"Paid lead-acquisition activity is verified, but the business identity, contact details, website, and Google profile still need to be joined before outreach.",Not yet cross-checked,,0,,https://www.google.com/maps/search/?api=1&query=Gaia%20Cleaning%20Specialists%20LLC%20Arizona,Website not yet cross-checked,,,https://www.angi.com/companylist/us/az/phoenix/house-cleaning.htm | https://www.angi.com/companylist/us/az/tucson/house-cleaning.htm,2026-07-22,platform-gaia-cleaning-specialists-phoenix,,,,
217,,Research-only · not ready to call,German Roofing,Roofing,Mesa,AZ,,,Angi,Confirmed paid,Angi: Approved advertiser badge (Confirmed paid) | Angi: Approved advertiser badge (Confirmed paid),Angi · 43 recent quote requests | Angi · 45 recent quote requests,Research first,"Paid lead-acquisition activity is verified, but the business identity, contact details, website, and Google profile still need to be joined before outreach.",Not yet cross-checked,,0,,https://www.google.com/maps/search/?api=1&query=German%20Roofing%20Arizona,Website linked on Angi profile · live state not audited,https://germanroofing.com/,https://www.angi.com/companylist/us/az/mesa/german-roofing-reviews-277436.htm,https://www.angi.com/companylist/us/az/phoenix/roofing.htm | https://www.angi.com/companylist/us/az/casa-grande/roofing.htm,2026-07-22,platform-german-roofing-mesa,,,,
218,,Research-only · not ready to call,GLM Roofing LLC,Roofing,Sierra Vista,AZ,,,Angi,Confirmed paid,Angi: New to Angi advertiser badge (Confirmed paid),Angi · response 2 days · 3 recent quote requests,Research first,"Paid lead-acquisition activity is verified, but the business identity, contact details, website, and Google profile still need to be joined before outreach.",Not yet cross-checked,,0,,https://www.google.com/maps/search/?api=1&query=GLM%20Roofing%20LLC%20Arizona,Website not yet cross-checked,,,https://www.angi.com/companylist/us/az/sierra-vista/roofing.htm,2026-07-22,platform-glm-roofing-sierra-vista,,,,
219,,Research-only · not ready to call,"GM Contracting, LLC",Roofing,Casa Grande,AZ,,,Angi,Confirmed paid,Angi: Approved advertiser badge (Confirmed paid),Angi · 11 recent quote requests,Research first,"Paid lead-acquisition activity is verified, but the business identity, contact details, website, and Google profile still need to be joined before outreach.",Not yet cross-checked,,0,,https://www.google.com/maps/search/?api=1&query=GM%20Contracting%2C%20LLC%20Arizona,Website not yet cross-checked,,,https://www.angi.com/companylist/us/az/casa-grande/roofing.htm,2026-07-22,platform-gm-contracting-casa-grande,,,,
220,,Research-only · not ready to call,Goat Pest Solutions,Pest Control,Tucson,AZ,,,Angi,Confirmed paid,Angi: Approved advertiser badge (Confirmed paid),Angi · 4 recent quote requests,Research first,"Paid lead-acquisition activity is verified, but the business identity, contact details, website, and Google profile still need to be joined before outreach.",Not yet cross-checked,,0,,https://www.google.com/maps/search/?api=1&query=Goat%20Pest%20Solutions%20Arizona,Website not yet cross-checked,,,https://www.angi.com/companylist/us/az/tucson/pest-control.htm,2026-07-22,platform-goat-pest-solutions-tucson,,,,
221,,Research-only · not ready to call,Goettl Plumbing - Tucson,Plumbing,Tucson,AZ,,,Angi,Confirmed paid,Angi: Approved advertiser badge (Confirmed paid),Angi · 13 recent quote requests,Research first,"Paid lead-acquisition activity is verified, but the business identity, contact details, website, and Google profile still need to be joined before outreach.",Not yet cross-checked,,0,,https://www.google.com/maps/search/?api=1&query=Goettl%20Plumbing%20-%20Tucson%20Arizona,Website not yet cross-checked,,,https://www.angi.com/companylist/us/az/tucson/plumbing.htm,2026-07-22,platform-goettl-plumbing-tucson-tucson,,,,
222,,Research-only · not ready to call,"Goettl's High Desert Mechanical, Inc.",HVAC; Plumbing,Flagstaff,AZ,,,Angi,Confirmed paid,Angi: Approved advertiser badge (Confirmed paid) | Angi: Approved advertiser badge (Confirmed paid) | Angi: Approved advertiser badge (Confirmed paid),Angi · response 1 day · 81 recent quote requests | Angi · response 1 day · 76 recent quote requests | Angi · response 1 day · 68 recent quote requests,Research first,"Paid lead-acquisition activity is verified, but the business identity, contact details, website, and Google profile still need to be joined before outreach.",Not yet cross-checked,,0,,https://www.google.com/maps/search/?api=1&query=Goettl's%20High%20Desert%20Mechanical%2C%20Inc.%20Arizona,Website not yet cross-checked,,,https://www.angi.com/companylist/us/az/flagstaff/hvac.htm | https://www.angi.com/companylist/us/az/flagstaff/plumbing.htm | https://www.angi.com/companylist/us/az/prescott/hvac.htm,2026-07-22,platform-goettl-s-high-desert-mechanical-flagstaff,,,,
223,,Research-only · not ready to call,Green Paradise Landscaping Services LLC,Landscaping,Phoenix,AZ,,,Angi,Confirmed paid,Angi: Approved advertiser badge (Confirmed paid),Angi · 32 recent quote requests,Research first,"Paid lead-acquisition activity is verified, but the business identity, contact details, website, and Google profile still need to be joined before outreach.",Not yet cross-checked,,0,,https://www.google.com/maps/search/?api=1&query=Green%20Paradise%20Landscaping%20Services%20LLC%20Arizona,Website not yet cross-checked,,,https://www.angi.com/companylist/us/az/phoenix/landscaping.htm,2026-07-22,platform-green-paradise-landscaping-services-phoenix,,,,
224,,Research-only · not ready to call,H-Dez Roofing Services inc.,Roofing,Yuma,AZ,,,Angi,Confirmed paid,Angi: Approved advertiser badge (Confirmed paid),Angi · response 4 days,Research first,"Paid lead-acquisition activity is verified, but the business identity, contact details, website, and Google profile still need to be joined before outreach.",Not yet cross-checked,,0,,https://www.google.com/maps/search/?api=1&query=H-Dez%20Roofing%20Services%20inc.%20Arizona,Website not yet cross-checked,,,https://www.angi.com/companylist/us/az/yuma/roofing.htm,2026-07-22,platform-h-dez-roofing-services-yuma,,,,
225,,Research-only · not ready to call,HALE ELECTRIC LLC,Electrical,Flagstaff,AZ,,,Angi,Confirmed paid,Angi: Approved advertiser badge (Confirmed paid),Angi · 3 recent quote requests,Research first,"Paid lead-acquisition activity is verified, but the business identity, contact details, website, and Google profile still need to be joined before outreach.",Not yet cross-checked,,0,,https://www.google.com/maps/search/?api=1&query=HALE%20ELECTRIC%20LLC%20Arizona,Website not yet cross-checked,,,https://www.angi.com/companylist/us/az/flagstaff/electrical.htm,2026-07-22,platform-hale-electric-flagstaff,,,,
226,,Research-only · not ready to call,Heon Painting Contractors,Painting,Tucson,AZ,,,Angi,Confirmed paid,Angi: Approved advertiser badge (Confirmed paid),Angi · response 5 hrs · rate 92% · 2 recent quote requests,Research first,"Paid lead-acquisition activity is verified, but the business identity, contact details, website, and Google profile still need to be joined before outreach.",Not yet cross-checked,,0,,https://www.google.com/maps/search/?api=1&query=Heon%20Painting%20Contractors%20Arizona,Website not yet cross-checked,,,https://www.angi.com/companylist/us/az/tucson/painting.htm,2026-07-22,platform-heon-painting-contractors-tucson,,,,
227,,Research-only · not ready to call,"High Quality Roofing, LLC",Roofing,Prescott,AZ,,,Angi,Confirmed paid,Angi: Approved advertiser badge (Confirmed paid),Angi · response 1 day · 1 recent quote requests,Research first,"Paid lead-acquisition activity is verified, but the business identity, contact details, website, and Google profile still need to be joined before outreach.",Not yet cross-checked,,0,,https://www.google.com/maps/search/?api=1&query=High%20Quality%20Roofing%2C%20LLC%20Arizona,Website not yet cross-checked,,,https://www.angi.com/companylist/us/az/prescott/roofing.htm,2026-07-22,platform-high-quality-roofing-prescott,,,,
228,,Research-only · not ready to call,Hoffman Family Pool Care,Pool & Spa Service,Tucson,AZ,,,Angi,Confirmed paid,Angi: Approved advertiser badge (Confirmed paid),Angi · 6 recent quote requests,Research first,"Paid lead-acquisition activity is verified, but the business identity, contact details, website, and Google profile still need to be joined before outreach.",Not yet cross-checked,,0,,https://www.google.com/maps/search/?api=1&query=Hoffman%20Family%20Pool%20Care%20Arizona,Website not yet cross-checked,,,https://www.angi.com/companylist/us/az/tucson/pool-and-spa-service.htm,2026-07-22,platform-hoffman-family-pool-care-tucson,,,,
229,,Research-only · not ready to call,Home Renovations of Arizona,Kitchen & Bath Remodeling,Tucson,AZ,,,Angi,Confirmed paid,Angi: Approved advertiser badge (Confirmed paid),Angi · response 4 hrs · rate 92% · 55 recent quote requests,Research first,"Paid lead-acquisition activity is verified, but the business identity, contact details, website, and Google profile still need to be joined before outreach.",Not yet cross-checked,,0,,https://www.google.com/maps/search/?api=1&query=Home%20Renovations%20of%20Arizona%20Arizona,Website not yet cross-checked,,,https://www.angi.com/companylist/us/az/tucson/kitchen-and-bath-remodeling.htm,2026-07-22,platform-home-renovations-of-arizona-tucson,,,,
230,,Research-only · not ready to call,Home Service,Garage Doors,Tucson,AZ,,,Angi,Confirmed paid,Angi: Approved advertiser badge (Confirmed paid),Angi · 2255 recent quote requests,Research first,"Paid lead-acquisition activity is verified, but the business identity, contact details, website, and Google profile still need to be joined before outreach.",Not yet cross-checked,,0,,https://www.google.com/maps/search/?api=1&query=Home%20Service%20Arizona,Website not yet cross-checked,,,https://www.angi.com/companylist/us/az/tucson/garage-doors.htm,2026-07-22,platform-home-service-tucson,,,,
231,,Research-only · not ready to call,Horizon Heating & Air LLC,HVAC,Prescott,AZ,,,Angi,Confirmed paid,Angi: Approved advertiser badge (Confirmed paid),Angi · response 3 hrs,Research first,"Paid lead-acquisition activity is verified, but the business identity, contact details, website, and Google profile still need to be joined before outreach.",Not yet cross-checked,,0,,https://www.google.com/maps/search/?api=1&query=Horizon%20Heating%20%26%20Air%20LLC%20Arizona,Website not yet cross-checked,,,https://www.angi.com/companylist/us/az/prescott/hvac.htm,2026-07-22,platform-horizon-heating-and-air-prescott,,,,
232,,Research-only · not ready to call,Horns Painting,Roofing,Yuma,AZ,,,Angi,Confirmed paid,Angi: Approved advertiser badge (Confirmed paid),Angi · response 2 hrs,Research first,"Paid lead-acquisition activity is verified, but the business identity, contact details, website, and Google profile still need to be joined before outreach.",Not yet cross-checked,,0,,https://www.google.com/maps/search/?api=1&query=Horns%20Painting%20Arizona,Website not yet cross-checked,,,https://www.angi.com/companylist/us/az/yuma/roofing.htm,2026-07-22,platform-horns-painting-yuma,,,,
233,,Research-only · not ready to call,House Doctor Exterminating,Pest Control,Phoenix,AZ,,,Angi,Confirmed paid,Angi: Approved advertiser badge (Confirmed paid),Angi · 2 recent quote requests,Research first,"Paid lead-acquisition activity is verified, but the business identity, contact details, website, and Google profile still need to be joined before outreach.",Not yet cross-checked,,0,,https://www.google.com/maps/search/?api=1&query=House%20Doctor%20Exterminating%20Arizona,Website not yet cross-checked,,,https://www.angi.com/companylist/us/az/phoenix/pest-control.htm,2026-07-22,platform-house-doctor-exterminating-phoenix,,,,
234,,Research-only · not ready to call,Hydro Rooter and Plumbing,Plumbing,Tucson,AZ,,,Yelp,Confirmed paid,Yelp: Sponsored result (Confirmed paid),,Research first,"Paid lead-acquisition activity is verified, but the business identity, contact details, website, and Google profile still need to be joined before outreach.",Not yet cross-checked,,0,,https://www.google.com/search?q=Hydro%20Rooter%20and%20Plumbing%20Tucson%20AZ,Not audited,,https://www.yelp.com/biz/hydro-rooter-and-plumbing-tucson,https://www.yelp.com/search?find_desc=Plumbers&find_loc=Tucson%2C%20AZ,2026-07-21,platform-hydro-rooter-and-plumbing-tucson,,,,
235,,Research-only · not ready to call,I LOVE IT GARAGE DOORS,Garage Doors,Phoenix,AZ,,,Angi,Confirmed paid,Angi: Approved advertiser badge (Confirmed paid),Angi · response 11 hrs · 25 recent quote requests,Research first,"Paid lead-acquisition activity is verified, but the business identity, contact details, website, and Google profile still need to be joined before outreach.",Not yet cross-checked,,0,,https://www.google.com/maps/search/?api=1&query=I%20LOVE%20IT%20GARAGE%20DOORS%20Arizona,Website not yet cross-checked,,,https://www.angi.com/companylist/us/az/phoenix/garage-doors.htm,2026-07-22,platform-i-love-it-garage-doors-phoenix,,,,
236,,Research-only · not ready to call,Iconic Garage Door Services,Garage Doors,Phoenix,AZ,,,Angi,Confirmed paid,Angi: Approved advertiser badge (Confirmed paid),Angi · 52 recent quote requests,Research first,"Paid lead-acquisition activity is verified, but the business identity, contact details, website, and Google profile still need to be joined before outreach.",Not yet cross-checked,,0,,https://www.google.com/maps/search/?api=1&query=Iconic%20Garage%20Door%20Services%20Arizona,Website not yet cross-checked,,,https://www.angi.com/companylist/us/az/phoenix/garage-doors.htm,2026-07-22,platform-iconic-garage-door-services-phoenix,,place-ChIJ2zIuovxDK4cRzvL0iJyO1Zs | phone-4804187294,,
237,,Research-only · not ready to call,"In Ex Designs, LLC",Roofing,Phoenix,AZ,,,Angi,Confirmed paid,Angi: Approved advertiser badge (Confirmed paid),Angi · response 1 day · rate 90%,Research first,"Paid lead-acquisition activity is verified, but the business identity, contact details, website, and Google profile still need to be joined before outreach.",Not yet cross-checked,,0,,https://www.google.com/maps/search/?api=1&query=In%20Ex%20Designs%2C%20LLC%20Arizona,Website not yet cross-checked,,,https://www.angi.com/companylist/us/az/phoenix/roofing.htm,2026-07-22,platform-in-ex-designs-phoenix,,,,
238,,Research-only · not ready to call,Ish drywall & painting,HVAC; Roofing,Lake Havasu City,AZ,,,Angi,Confirmed paid,Angi: New to Angi advertiser badge (Confirmed paid) | Angi: New to Angi advertiser badge (Confirmed paid),,Research first,"Paid lead-acquisition activity is verified, but the business identity, contact details, website, and Google profile still need to be joined before outreach.",Not yet cross-checked,,0,,https://www.google.com/maps/search/?api=1&query=Ish%20drywall%20%26%20painting%20Arizona,Website not yet cross-checked,,,https://www.angi.com/companylist/us/az/lake-havasu-city/hvac.htm | https://www.angi.com/companylist/us/az/lake-havasu-city/roofing.htm,2026-07-22,platform-ish-drywall-and-painting-lake-havasu-city,,,,
239,,Research-only · not ready to call,J R Roofing and Exteriors,Roofing,Phoenix,AZ,,,Angi,Confirmed paid,Angi: Approved advertiser badge (Confirmed paid) | Angi: Approved advertiser badge (Confirmed paid) | Angi: Approved advertiser badge (Confirmed paid),Angi · 39 recent quote requests | Angi · response 2 days · rate 100% · 38 recent quote requests | Angi · 39 recent quote requests,Research first,"Paid lead-acquisition activity is verified, but the business identity, contact details, website, and Google profile still need to be joined before outreach.",Not yet cross-checked,,0,,https://www.google.com/maps/search/?api=1&query=J%20R%20Roofing%20and%20Exteriors%20Arizona,Website not yet cross-checked,,,https://www.angi.com/companylist/us/az/phoenix/roofing.htm | https://www.angi.com/companylist/us/az/flagstaff/roofing.htm | https://www.angi.com/companylist/us/az/prescott/roofing.htm,2026-07-22,platform-j-r-roofing-and-exteriors-phoenix,,,,
240,,Research-only · not ready to call,J3 Cleaning Company,House Cleaning,Tucson,AZ,,,Angi,Confirmed paid,Angi: Approved advertiser badge (Confirmed paid),,Research first,"Paid lead-acquisition activity is verified, but the business identity, contact details, website, and Google profile still need to be joined before outreach.",Not yet cross-checked,,0,,https://www.google.com/maps/search/?api=1&query=J3%20Cleaning%20Company%20Arizona,Website not yet cross-checked,,,https://www.angi.com/companylist/us/az/tucson/house-cleaning.htm,2026-07-22,platform-j3-cleaning-tucson,,,,
241,,Research-only · not ready to call,Jay&Kay Professional Painting,Painting,Phoenix,AZ,,,Angi,Confirmed paid,Angi: Approved advertiser badge (Confirmed paid),,Research first,"Paid lead-acquisition activity is verified, but the business identity, contact details, website, and Google profile still need to be joined before outreach.",Not yet cross-checked,,0,,https://www.google.com/maps/search/?api=1&query=Jay%26Kay%20Professional%20Painting%20Arizona,Website not yet cross-checked,,,https://www.angi.com/companylist/us/az/phoenix/painting.htm,2026-07-22,platform-jay-and-kay-professional-painting-phoenix,,,,
242,,Research-only · not ready to call,JBR Custom Builders LLC,Garage Doors; General Contractor,Tucson,AZ,,,Angi,Confirmed paid,Angi: Approved advertiser badge (Confirmed paid) | Angi: Approved advertiser badge (Confirmed paid),Angi · response 1 day · rate 94% · 3 recent quote requests | Angi · response 1 day · rate 94% · 3 recent quote requests,Research first,"Paid lead-acquisition activity is verified, but the business identity, contact details, website, and Google profile still need to be joined before outreach.",Not yet cross-checked,,0,,https://www.google.com/maps/search/?api=1&query=JBR%20Custom%20Builders%20LLC%20Arizona,Website not yet cross-checked,,,https://www.angi.com/companylist/us/az/tucson/contractor.htm | https://www.angi.com/companylist/us/az/tucson/garage-doors.htm,2026-07-22,platform-jbr-custom-builders-tucson,,,,
243,,Research-only · not ready to call,"JC Remodeling & Repairs, LLC",Kitchen & Bath Remodeling,Phoenix,AZ,,,Angi,Confirmed paid,Angi: Approved advertiser badge (Confirmed paid),Angi · response 7 hrs · 1 recent quote requests,Research first,"Paid lead-acquisition activity is verified, but the business identity, contact details, website, and Google profile still need to be joined before outreach.",Not yet cross-checked,,0,,https://www.google.com/maps/search/?api=1&query=JC%20Remodeling%20%26%20Repairs%2C%20LLC%20Arizona,Website not yet cross-checked,,,https://www.angi.com/companylist/us/az/phoenix/kitchen-and-bath-remodeling.htm,2026-07-22,platform-jc-remodeling-and-repairs-phoenix,,,,
244,,Research-only · not ready to call,Joe's Pool Services,Pool & Spa Service,Phoenix,AZ,,,Angi,Confirmed paid,Angi: Approved advertiser badge (Confirmed paid),Angi · 5 recent quote requests,Research first,"Paid lead-acquisition activity is verified, but the business identity, contact details, website, and Google profile still need to be joined before outreach.",Not yet cross-checked,,0,,https://www.google.com/maps/search/?api=1&query=Joe's%20Pool%20Services%20Arizona,Website not yet cross-checked,,,https://www.angi.com/companylist/us/az/phoenix/pool-and-spa-service.htm,2026-07-22,platform-joe-s-pool-services-phoenix,,,,
245,,Research-only · not ready to call,JW'S HANDYMAN & YARD SERVICE,Landscaping,Tucson,AZ,,,Angi,Confirmed paid,Angi: Approved advertiser badge (Confirmed paid),,Research first,"Paid lead-acquisition activity is verified, but the business identity, contact details, website, and Google profile still need to be joined before outreach.",Not yet cross-checked,,0,,https://www.google.com/maps/search/?api=1&query=JW'S%20HANDYMAN%20%26%20YARD%20SERVICE%20Arizona,Website not yet cross-checked,,,https://www.angi.com/companylist/us/az/tucson/landscaping.htm,2026-07-22,platform-jw-s-handyman-and-yard-service-tucson,,,,
246,,Research-only · not ready to call,KAI HVAC SERVICES LLC,HVAC,Casa Grande,AZ,,,Angi,Confirmed paid,Angi: Approved advertiser badge (Confirmed paid),Angi · response 1 day · 7 recent quote requests,Research first,"Paid lead-acquisition activity is verified, but the business identity, contact details, website, and Google profile still need to be joined before outreach.",Not yet cross-checked,,0,,https://www.google.com/maps/search/?api=1&query=KAI%20HVAC%20SERVICES%20LLC%20Arizona,Website not yet cross-checked,,,https://www.angi.com/companylist/us/az/casa-grande/hvac.htm,2026-07-22,platform-kai-hvac-services-casa-grande,,,,
247,,Research-only · not ready to call,"Kaleidescope Electrical, Inc.",Electrical,Flagstaff,AZ,,,Angi,Confirmed paid,Angi: Approved advertiser badge (Confirmed paid),Angi · response 4 hrs,Research first,"Paid lead-acquisition activity is verified, but the business identity, contact details, website, and Google profile still need to be joined before outreach.",Not yet cross-checked,,0,,https://www.google.com/maps/search/?api=1&query=Kaleidescope%20Electrical%2C%20Inc.%20Arizona,Website not yet cross-checked,,,https://www.angi.com/companylist/us/az/flagstaff/electrical.htm,2026-07-22,platform-kaleidescope-electrical-flagstaff,,,,
248,,Research-only · not ready to call,Katz Kleaning service,House Cleaning,Phoenix,AZ,,,Angi,Confirmed paid,Angi: Approved advertiser badge (Confirmed paid),Angi · response 1 day · rate 92%,Research first,"Paid lead-acquisition activity is verified, but the business identity, contact details, website, and Google profile still need to be joined before outreach.",Not yet cross-checked,,0,,https://www.google.com/maps/search/?api=1&query=Katz%20Kleaning%20service%20Arizona,Website not yet cross-checked,,,https://www.angi.com/companylist/us/az/phoenix/house-cleaning.htm,2026-07-22,platform-katz-kleaning-service-phoenix,,,,
249,,Research-only · not ready to call,KimberTec LLC,Plumbing,Sierra Vista,AZ,,,Angi,Confirmed paid,Angi: Approved advertiser badge (Confirmed paid),Angi · 29 recent quote requests,Research first,"Paid lead-acquisition activity is verified, but the business identity, contact details, website, and Google profile still need to be joined before outreach.",Not yet cross-checked,,0,,https://www.google.com/maps/search/?api=1&query=KimberTec%20LLC%20Arizona,Website not yet cross-checked,,,https://www.angi.com/companylist/us/az/sierra-vista/plumbing.htm,2026-07-22,platform-kimbertec-sierra-vista,,,,
250,,Research-only · not ready to call,Kings Moving Services,Moving,Phoenix,AZ,,,Angi,Confirmed paid,Angi: Approved advertiser badge (Confirmed paid),Angi · response 6 hrs · rate 98%,Research first,"Paid lead-acquisition activity is verified, but the business identity, contact details, website, and Google profile still need to be joined before outreach.",Not yet cross-checked,,0,,https://www.google.com/maps/search/?api=1&query=Kings%20Moving%20Services%20Arizona,Website not yet cross-checked,,,https://www.angi.com/companylist/us/az/phoenix/moving.htm,2026-07-22,platform-kings-moving-services-phoenix,,,,
251,,Research-only · not ready to call,Kirk Development Co,General Contractor,Phoenix,AZ,,,Angi,Confirmed paid,Angi: Approved advertiser badge (Confirmed paid),Angi · 7 recent quote requests,Research first,"Paid lead-acquisition activity is verified, but the business identity, contact details, website, and Google profile still need to be joined before outreach.",Not yet cross-checked,,0,,https://www.google.com/maps/search/?api=1&query=Kirk%20Development%20Co%20Arizona,Website not yet cross-checked,,,https://www.angi.com/companylist/us/az/phoenix/contractor.htm,2026-07-22,platform-kirk-development-phoenix,,,,
252,,Research-only · not ready to call,L & M Home Comfort Systems,HVAC,Sierra Vista,AZ,,,Angi,Confirmed paid,Angi: Approved advertiser badge (Confirmed paid),Angi · response 11 hrs · 9 recent quote requests,Research first,"Paid lead-acquisition activity is verified, but the business identity, contact details, website, and Google profile still need to be joined before outreach.",Not yet cross-checked,,0,,https://www.google.com/maps/search/?api=1&query=L%20%26%20M%20Home%20Comfort%20Systems%20Arizona,Website not yet cross-checked,,,https://www.angi.com/companylist/us/az/sierra-vista/hvac.htm,2026-07-22,platform-l-and-m-home-comfort-systems-sierra-vista,,,,
253,,Research-only · not ready to call,"L&J Exteriors & Remodeling, LLC",Roofing,Sierra Vista,AZ,,,Angi,Confirmed paid,Angi: Approved advertiser badge (Confirmed paid),Angi · response 1 day · rate 97% · 11 recent quote requests,Research first,"Paid lead-acquisition activity is verified, but the business identity, contact details, website, and Google profile still need to be joined before outreach.",Not yet cross-checked,,0,,https://www.google.com/maps/search/?api=1&query=L%26J%20Exteriors%20%26%20Remodeling%2C%20LLC%20Arizona,Website not yet cross-checked,,,https://www.angi.com/companylist/us/az/sierra-vista/roofing.htm,2026-07-22,platform-l-and-j-exteriors-and-remodeling-sierra-vista,,,,
254,,Research-only · not ready to call,La Cosita LLC,Roofing,Yuma,AZ,,,Angi,Confirmed paid,Angi: New to Angi advertiser badge (Confirmed paid),,Research first,"Paid lead-acquisition activity is verified, but the business identity, contact details, website, and Google profile still need to be joined before outreach.",Not yet cross-checked,,0,,https://www.google.com/maps/search/?api=1&query=La%20Cosita%20LLC%20Arizona,Website not yet cross-checked,,,https://www.angi.com/companylist/us/az/yuma/roofing.htm,2026-07-22,platform-la-cosita-yuma,,,,
255,,Research-only · not ready to call,LawnStarter Southwest,Lawn care marketplace,Phoenix,AZ,,,Thumbtack,Confirmed paid,Thumbtack: Active lead-platform signal (Confirmed paid),,Research first,"Paid lead-acquisition activity is verified, but the business identity, contact details, website, and Google profile still need to be joined before outreach.",Not yet cross-checked,,0,,https://www.google.com/maps/search/?api=1&query=LawnStarter%20Southwest%20Phoenix%20AZ,Owned Phoenix service page found,https://www.lawnstarter.com/phoenix-az-lawn-care,https://www.thumbtack.com/az/phoenix/lawn-care/lawnstarter-southwest/service/318974762341523668,https://www.thumbtack.com/az/phoenix/landscaping/,2026-07-21,platform-lawnstarter-southwest-phoenix,,,,
256,,Research-only · not ready to call,Liberty Plumbing & Solar,Plumbing,Flagstaff,AZ,,,Angi,Confirmed paid,Angi: Approved advertiser badge (Confirmed paid),Angi · response 1 hour · rate 88% · 21 recent quote requests,Research first,"Paid lead-acquisition activity is verified, but the business identity, contact details, website, and Google profile still need to be joined before outreach.",Not yet cross-checked,,0,,https://www.google.com/maps/search/?api=1&query=Liberty%20Plumbing%20%26%20Solar%20Arizona,Website not yet cross-checked,,,https://www.angi.com/companylist/us/az/flagstaff/plumbing.htm,2026-07-22,platform-liberty-plumbing-and-solar-flagstaff,,,,
257,,Research-only · not ready to call,Lilian Gamboa,HVAC,Yuma,AZ,,,Angi,Confirmed paid,Angi: New to Angi advertiser badge (Confirmed paid),,Research first,"Paid lead-acquisition activity is verified, but the business identity, contact details, website, and Google profile still need to be joined before outreach.",Not yet cross-checked,,0,,https://www.google.com/maps/search/?api=1&query=Lilian%20Gamboa%20Arizona,Website not yet cross-checked,,,https://www.angi.com/companylist/us/az/yuma/hvac.htm,2026-07-22,platform-lilian-gamboa-yuma,,,,
258,,Research-only · not ready to call,Lithosphere Engineering LLC,Plumbing,Sierra Vista,AZ,,,Angi,Confirmed paid,Angi: New to Angi advertiser badge (Confirmed paid),Angi · response 50 mins,Research first,"Paid lead-acquisition activity is verified, but the business identity, contact details, website, and Google profile still need to be joined before outreach.",Not yet cross-checked,,0,,https://www.google.com/maps/search/?api=1&query=Lithosphere%20Engineering%20LLC%20Arizona,Website not yet cross-checked,,,https://www.angi.com/companylist/us/az/sierra-vista/plumbing.htm,2026-07-22,platform-lithosphere-engineering-sierra-vista,,,,
259,,Research-only · not ready to call,Local Plumbing LLC,Plumbing,Queen Creek,AZ,,,Angi,Confirmed paid,Angi: Approved advertiser badge (Confirmed paid),Angi · response 9 hrs · 26 recent quote requests,Research first,"Paid lead-acquisition activity is verified, but the business identity, contact details, website, and Google profile still need to be joined before outreach.",Not yet cross-checked,,0,,https://www.google.com/maps/search/?api=1&query=Local%20Plumbing%20LLC%20Arizona,Website not yet cross-checked,,https://www.angi.com/companylist/us/az/queen-creek/local-plumbing-llc-reviews-1.htm,https://www.angi.com/companylist/us/az/phoenix/plumbing.htm,2026-07-22,platform-local-plumbing-queen-creek,,,,
260,,Research-only · not ready to call,Long Distance Movers USA,Moving,Phoenix,AZ,,,Angi,Confirmed paid,Angi: Approved advertiser badge (Confirmed paid) | Angi: Approved advertiser badge (Confirmed paid),Angi · response 3 days | Angi · response 3 days,Research first,"Paid lead-acquisition activity is verified, but the business identity, contact details, website, and Google profile still need to be joined before outreach.",Not yet cross-checked,,0,,https://www.google.com/maps/search/?api=1&query=Long%20Distance%20Movers%20USA%20Arizona,Website not yet cross-checked,,,https://www.angi.com/companylist/us/az/phoenix/moving.htm | https://www.angi.com/companylist/us/az/tucson/moving.htm,2026-07-22,platform-long-distance-movers-usa-phoenix,,,,
261,,Research-only · not ready to call,Long Distance Moving - All Service Moving,Moving,Phoenix,AZ,,,Angi,Confirmed paid,Angi: Approved advertiser badge (Confirmed paid) | Angi: Approved advertiser badge (Confirmed paid),Angi · 3 recent quote requests | Angi · 3 recent quote requests,Research first,"Paid lead-acquisition activity is verified, but the business identity, contact details, website, and Google profile still need to be joined before outreach.",Not yet cross-checked,,0,,https://www.google.com/maps/search/?api=1&query=Long%20Distance%20Moving%20-%20All%20Service%20Moving%20Arizona,Website not yet cross-checked,,,https://www.angi.com/companylist/us/az/phoenix/moving.htm | https://www.angi.com/companylist/us/az/tucson/moving.htm,2026-07-22,platform-long-distance-moving-all-service-moving-phoenix,,,,
262,,Research-only · not ready to call,LP'S HOME SERVICE,Roofing,Lake Havasu City,AZ,,,Angi,Confirmed paid,Angi: Approved advertiser badge (Confirmed paid),Angi · response 1 day · 2 recent quote requests,Research first,"Paid lead-acquisition activity is verified, but the business identity, contact details, website, and Google profile still need to be joined before outreach.",Not yet cross-checked,,0,,https://www.google.com/maps/search/?api=1&query=LP'S%20HOME%20SERVICE%20Arizona,Website not yet cross-checked,,,https://www.angi.com/companylist/us/az/lake-havasu-city/roofing.htm,2026-07-22,platform-lp-s-home-service-lake-havasu-city,,,,
263,,Research-only · not ready to call,LPZ Drywall,General Contractor,Tucson,AZ,,,Angi,Confirmed paid,Angi: Approved advertiser badge (Confirmed paid),Angi · response 2 days · 13 recent quote requests,Research first,"Paid lead-acquisition activity is verified, but the business identity, contact details, website, and Google profile still need to be joined before outreach.",Not yet cross-checked,,0,,https://www.google.com/maps/search/?api=1&query=LPZ%20Drywall%20Arizona,Website not yet cross-checked,,,https://www.angi.com/companylist/us/az/tucson/contractor.htm,2026-07-22,platform-lpz-drywall-tucson,,,,
264,,Research-only · not ready to call,LRD Hardscape LLC,Hardscaping and artificial turf,Surprise,AZ,,,Thumbtack,Confirmed paid,Thumbtack: Active lead-platform signal (Confirmed paid),,Research first,"Paid lead-acquisition activity is verified, but the business identity, contact details, website, and Google profile still need to be joined before outreach.",Not yet cross-checked,,0,,https://www.google.com/maps/search/?api=1&query=LRD%20Hardscape%20LLC%20Surprise%20AZ,No owned website found in targeted search; verify first,,https://www.thumbtack.com/az/surprise/landscaping/lrd-hardscape-llc/service/577141342867095553,https://www.thumbtack.com/az/phoenix/landscaping/,2026-07-21,platform-lrd-hardscape-surprise,,,,
265,,Research-only · not ready to call,Luna Pool and Landscaping Service LLC,Pool & Spa Service,Tucson,AZ,,,Angi,Confirmed paid,Angi: Approved advertiser badge (Confirmed paid),Angi · response 30 mins · 16 recent quote requests,Research first,"Paid lead-acquisition activity is verified, but the business identity, contact details, website, and Google profile still need to be joined before outreach.",Not yet cross-checked,,0,,https://www.google.com/maps/search/?api=1&query=Luna%20Pool%20and%20Landscaping%20Service%20LLC%20Arizona,Website not yet cross-checked,,,https://www.angi.com/companylist/us/az/tucson/pool-and-spa-service.htm,2026-07-22,platform-luna-pool-and-landscaping-service-tucson,,,,
266,,Research-only · not ready to call,LunAireLLC,HVAC,Mesa,AZ,,,Angi,Confirmed paid,Angi: Approved advertiser badge (Confirmed paid),Angi · 27 recent quote requests,Research first,"Paid lead-acquisition activity is verified, but the business identity, contact details, website, and Google profile still need to be joined before outreach.",Not yet cross-checked,,0,,https://www.google.com/maps/search/?api=1&query=LunAireLLC%20Arizona,Website not yet cross-checked,,https://www.angi.com/companylist/us/az/mesa/lunairellc-reviews-11200822.htm,https://www.angi.com/companylist/us/az/phoenix/hvac.htm,2026-07-22,platform-lunairellc-mesa,,,,
267,,Research-only · not ready to call,M & R Remodeling LLC,Kitchen & Bath Remodeling,Phoenix,AZ,,,Angi,Confirmed paid,Angi: Approved advertiser badge (Confirmed paid),Angi · 1 recent quote requests,Research first,"Paid lead-acquisition activity is verified, but the business identity, contact details, website, and Google profile still need to be joined before outreach.",Not yet cross-checked,,0,,https://www.google.com/maps/search/?api=1&query=M%20%26%20R%20Remodeling%20LLC%20Arizona,Website not yet cross-checked,,,https://www.angi.com/companylist/us/az/phoenix/kitchen-and-bath-remodeling.htm,2026-07-22,platform-m-and-r-remodeling-phoenix,,,,
268,,Research-only · not ready to call,Magic Cleaning Star,House Cleaning,Phoenix,AZ,,,Angi,Confirmed paid,Angi: Approved advertiser badge (Confirmed paid),,Research first,"Paid lead-acquisition activity is verified, but the business identity, contact details, website, and Google profile still need to be joined before outreach.",Not yet cross-checked,,0,,https://www.google.com/maps/search/?api=1&query=Magic%20Cleaning%20Star%20Arizona,Website not yet cross-checked,,,https://www.angi.com/companylist/us/az/phoenix/house-cleaning.htm,2026-07-22,platform-magic-cleaning-star-phoenix,,,,
269,,Research-only · not ready to call,Marcel Painting LLC,Painting,Phoenix,AZ,,,Angi,Confirmed paid,Angi: Approved advertiser badge (Confirmed paid),Angi · 1 recent quote requests,Research first,"Paid lead-acquisition activity is verified, but the business identity, contact details, website, and Google profile still need to be joined before outreach.",Not yet cross-checked,,0,,https://www.google.com/maps/search/?api=1&query=Marcel%20Painting%20LLC%20Arizona,Website not yet cross-checked,,,https://www.angi.com/companylist/us/az/phoenix/painting.htm,2026-07-22,platform-marcel-painting-phoenix,,,,
270,,Research-only · not ready to call,MARTIN'S ALL FLOORS SERVICE LLC,House Cleaning,Phoenix,AZ,,,Angi,Confirmed paid,Angi: Approved advertiser badge (Confirmed paid),Angi · 8 recent quote requests,Research first,"Paid lead-acquisition activity is verified, but the business identity, contact details, website, and Google profile still need to be joined before outreach.",Not yet cross-checked,,0,,https://www.google.com/maps/search/?api=1&query=MARTIN'S%20ALL%20FLOORS%20SERVICE%20LLC%20Arizona,Website not yet cross-checked,,,https://www.angi.com/companylist/us/az/phoenix/house-cleaning.htm,2026-07-22,platform-martin-s-all-floors-service-phoenix,,,,
271,,Research-only · not ready to call,MasterAZscapes LLC,Landscaping,Phoenix,AZ,,,Angi,Confirmed paid,Angi: Approved advertiser badge (Confirmed paid),Angi · 2 recent quote requests,Research first,"Paid lead-acquisition activity is verified, but the business identity, contact details, website, and Google profile still need to be joined before outreach.",Not yet cross-checked,,0,,https://www.google.com/maps/search/?api=1&query=MasterAZscapes%20LLC%20Arizona,Website not yet cross-checked,,,https://www.angi.com/companylist/us/az/phoenix/landscaping.htm,2026-07-22,platform-masterazscapes-phoenix,,,,
272,,Research-only · not ready to call,"Mayer Roofing, LLC",Roofing,Flagstaff,AZ,,,Angi,Confirmed paid,Angi: Approved advertiser badge (Confirmed paid) | Angi: Approved advertiser badge (Confirmed paid),Angi · response 9 hrs · rate 86% · 26 recent quote requests | Angi · response 10 hrs · rate 86% · 26 recent quote requests,Research first,"Paid lead-acquisition activity is verified, but the business identity, contact details, website, and Google profile still need to be joined before outreach.",Not yet cross-checked,,0,,https://www.google.com/maps/search/?api=1&query=Mayer%20Roofing%2C%20LLC%20Arizona,Website not yet cross-checked,,,https://www.angi.com/companylist/us/az/flagstaff/roofing.htm | https://www.angi.com/companylist/us/az/prescott/roofing.htm,2026-07-22,platform-mayer-roofing-flagstaff,,,,
273,,Research-only · not ready to call,Maypo AC & Refrigeration LLC,HVAC,Yuma,AZ,,,Angi,Confirmed paid,Angi: Approved advertiser badge (Confirmed paid),Angi · 6 recent quote requests,Research first,"Paid lead-acquisition activity is verified, but the business identity, contact details, website, and Google profile still need to be joined before outreach.",Not yet cross-checked,,0,,https://www.google.com/maps/search/?api=1&query=Maypo%20AC%20%26%20Refrigeration%20LLC%20Arizona,Website not yet cross-checked,,,https://www.angi.com/companylist/us/az/yuma/hvac.htm,2026-07-22,platform-maypo-ac-and-refrigeration-yuma,,,,
274,,Research-only · not ready to call,MCR Roofing,Roofing,Flagstaff,AZ,,,Angi,Confirmed paid,Angi: Approved advertiser badge (Confirmed paid) | Angi: Approved advertiser badge (Confirmed paid),Angi · response 8 hrs · 9 recent quote requests | Angi · response 8 hrs · 7 recent quote requests,Research first,"Paid lead-acquisition activity is verified, but the business identity, contact details, website, and Google profile still need to be joined before outreach.",Not yet cross-checked,,0,,https://www.google.com/maps/search/?api=1&query=MCR%20Roofing%20Arizona,Website not yet cross-checked,,,https://www.angi.com/companylist/us/az/flagstaff/roofing.htm | https://www.angi.com/companylist/us/az/prescott/roofing.htm,2026-07-22,platform-mcr-roofing-flagstaff,,,,
275,,Research-only · not ready to call,Minor To Major Cleaning,House Cleaning,Phoenix,AZ,,,Angi,Confirmed paid,Angi: Approved advertiser badge (Confirmed paid),,Research first,"Paid lead-acquisition activity is verified, but the business identity, contact details, website, and Google profile still need to be joined before outreach.",Not yet cross-checked,,0,,https://www.google.com/maps/search/?api=1&query=Minor%20To%20Major%20Cleaning%20Arizona,Website not yet cross-checked,,,https://www.angi.com/companylist/us/az/phoenix/house-cleaning.htm,2026-07-22,platform-minor-to-major-cleaning-phoenix,,,,
276,,Research-only · not ready to call,Miracle Man Plumbing Inc.,Plumbing,Prescott,AZ,,,Angi,Confirmed paid,Angi: Approved advertiser badge (Confirmed paid),Angi · 30 recent quote requests,Research first,"Paid lead-acquisition activity is verified, but the business identity, contact details, website, and Google profile still need to be joined before outreach.",Not yet cross-checked,,0,,https://www.google.com/maps/search/?api=1&query=Miracle%20Man%20Plumbing%20Inc.%20Arizona,Website not yet cross-checked,,,https://www.angi.com/companylist/us/az/prescott/plumbing.htm,2026-07-22,platform-miracle-man-plumbing-prescott,,,,
277,,Research-only · not ready to call,Mister Sparky,Electrical,Tucson,AZ,,,Angi,Confirmed paid,Angi: Approved advertiser badge (Confirmed paid),Angi · 24 recent quote requests,Research first,"Paid lead-acquisition activity is verified, but the business identity, contact details, website, and Google profile still need to be joined before outreach.",Not yet cross-checked,,0,,https://www.google.com/maps/search/?api=1&query=Mister%20Sparky%20Arizona,Website not yet cross-checked,,,https://www.angi.com/companylist/us/az/tucson/electrical.htm,2026-07-22,platform-mister-sparky-tucson,,,,
278,,Research-only · not ready to call,Mister Sparky Phoenix,Electrical,Phoenix,AZ,,,Angi,Confirmed paid,Angi: Approved advertiser badge (Confirmed paid) | Angi: Approved advertiser badge (Confirmed paid),Angi · response 2 days · 292 recent quote requests | Angi · response 2 days · 284 recent quote requests,Research first,"Paid lead-acquisition activity is verified, but the business identity, contact details, website, and Google profile still need to be joined before outreach.",Not yet cross-checked,,0,,https://www.google.com/maps/search/?api=1&query=Mister%20Sparky%20Phoenix%20Arizona,Website not yet cross-checked,,,https://www.angi.com/companylist/us/az/phoenix/electrical.htm | https://www.angi.com/companylist/us/az/casa-grande/electrical.htm,2026-07-22,platform-mister-sparky-phoenix-phoenix,,,,
279,,Research-only · not ready to call,"Mr. Foam, LLC",Roofing,Yuma,AZ,,,Angi,Confirmed paid,Angi: Approved advertiser badge (Confirmed paid),Angi · response 6 hrs · rate 87% · 25 recent quote requests,Research first,"Paid lead-acquisition activity is verified, but the business identity, contact details, website, and Google profile still need to be joined before outreach.",Not yet cross-checked,,0,,https://www.google.com/maps/search/?api=1&query=Mr.%20Foam%2C%20LLC%20Arizona,Website not yet cross-checked,,,https://www.angi.com/companylist/us/az/yuma/roofing.htm,2026-07-22,platform-mr-foam-yuma,,,,
280,,Research-only · not ready to call,Mr. Rooter Plumbing of Yavapai Coconino & Maricopa,Plumbing,Flagstaff,AZ,,,Angi,Confirmed paid,Angi: Approved advertiser badge (Confirmed paid) | Angi: Approved advertiser badge (Confirmed paid),Angi · response 1 day · rate 93% · 16 recent quote requests | Angi · response 1 day · rate 93% · 27 recent quote requests,Research first,"Paid lead-acquisition activity is verified, but the business identity, contact details, website, and Google profile still need to be joined before outreach.",Not yet cross-checked,,0,,https://www.google.com/maps/search/?api=1&query=Mr.%20Rooter%20Plumbing%20of%20Yavapai%20Coconino%20%26%20Maricopa%20Arizona,Website not yet cross-checked,,,https://www.angi.com/companylist/us/az/flagstaff/plumbing.htm | https://www.angi.com/companylist/us/az/prescott/plumbing.htm,2026-07-22,platform-mr-rooter-plumbing-of-yavapai-coconino-and-maricopa-flagstaff,,,,
281,,Research-only · not ready to call,"National Van Lines, Inc.",Moving,Tucson,AZ,,,Angi,Confirmed paid,Angi: Approved advertiser badge (Confirmed paid),Angi · 257 recent quote requests,Research first,"Paid lead-acquisition activity is verified, but the business identity, contact details, website, and Google profile still need to be joined before outreach.",Not yet cross-checked,,0,,https://www.google.com/maps/search/?api=1&query=National%20Van%20Lines%2C%20Inc.%20Arizona,Website not yet cross-checked,,,https://www.angi.com/companylist/us/az/tucson/moving.htm,2026-07-22,platform-national-van-lines-tucson,,,,
282,,Research-only · not ready to call,"NATIONWIDE MOVING, INC.",Moving,Tucson,AZ,,,Angi,Confirmed paid,Angi: Approved advertiser badge (Confirmed paid),Angi · 13 recent quote requests,Research first,"Paid lead-acquisition activity is verified, but the business identity, contact details, website, and Google profile still need to be joined before outreach.",Not yet cross-checked,,0,,https://www.google.com/maps/search/?api=1&query=NATIONWIDE%20MOVING%2C%20INC.%20Arizona,Website not yet cross-checked,,,https://www.angi.com/companylist/us/az/tucson/moving.htm,2026-07-22,platform-nationwide-moving-tucson,,,,
283,,Research-only · not ready to call,Neli Virtual Appliance Repair,Electrical; Plumbing,Lake Havasu City,AZ,,,Angi,Confirmed paid,Angi: Approved advertiser badge (Confirmed paid) | Angi: Approved advertiser badge (Confirmed paid) | Angi: Approved advertiser badge (Confirmed paid) | Angi: Approved advertiser badge (Confirmed paid) | Angi: Approved advertiser badge (Confirmed paid) | Angi: Approved advertiser badge (Confirmed paid) | Angi: Approved advertiser badge (Confirmed paid) | Angi: Approved advertiser badge (Confirmed paid),Angi · response 1 day | Angi · response 1 day | Angi · response 1 day | Angi · response 1 day,Research first,"Paid lead-acquisition activity is verified, but the business identity, contact details, website, and Google profile still need to be joined before outreach.",Not yet cross-checked,,0,,https://www.google.com/maps/search/?api=1&query=Neli%20Virtual%20Appliance%20Repair%20Arizona,Website not yet cross-checked,,,https://www.angi.com/companylist/us/az/flagstaff/electrical.htm | https://www.angi.com/companylist/us/az/prescott/electrical.htm | https://www.angi.com/companylist/us/az/yuma/plumbing.htm | https://www.angi.com/companylist/us/az/yuma/electrical.htm | https://www.angi.com/companylist/us/az/lake-havasu-city/plumbing.htm | https://www.angi.com/companylist/us/az/lake-havasu-city/electrical.htm | https://www.angi.com/companylist/us/az/sierra-vista/plumbing.htm | https://www.angi.com/companylist/us/az/sierra-vista/electrical.htm,2026-07-22,platform-neli-virtual-appliance-repair-lake-havasu-city,,,,
284,,Research-only · not ready to call,"Ninja Builders, LLC",General Contractor,Tucson,AZ,,,Angi,Confirmed paid,Angi: Approved advertiser badge (Confirmed paid),Angi · response 1 day · 2 recent quote requests,Research first,"Paid lead-acquisition activity is verified, but the business identity, contact details, website, and Google profile still need to be joined before outreach.",Not yet cross-checked,,0,,https://www.google.com/maps/search/?api=1&query=Ninja%20Builders%2C%20LLC%20Arizona,Website not yet cross-checked,,,https://www.angi.com/companylist/us/az/tucson/contractor.htm,2026-07-22,platform-ninja-builders-tucson,,,,
285,,Research-only · not ready to call,North Desert Moving,Moving,Tucson,AZ,,,Angi,Confirmed paid,Angi: Approved advertiser badge (Confirmed paid),Angi · 2 recent quote requests,Research first,"Paid lead-acquisition activity is verified, but the business identity, contact details, website, and Google profile still need to be joined before outreach.",Not yet cross-checked,,0,,https://www.google.com/maps/search/?api=1&query=North%20Desert%20Moving%20Arizona,Website not yet cross-checked,,,https://www.angi.com/companylist/us/az/tucson/moving.htm,2026-07-22,platform-north-desert-moving-tucson,,,,
286,,Research-only · not ready to call,Northern Arizona Tree & Landscape Service,Electrical,Flagstaff,AZ,,,Angi,Confirmed paid,Angi: Approved advertiser badge (Confirmed paid) | Angi: Approved advertiser badge (Confirmed paid),Angi · 7 recent quote requests | Angi · response 2 days · 7 recent quote requests,Research first,"Paid lead-acquisition activity is verified, but the business identity, contact details, website, and Google profile still need to be joined before outreach.",Not yet cross-checked,,0,,https://www.google.com/maps/search/?api=1&query=Northern%20Arizona%20Tree%20%26%20Landscape%20Service%20Arizona,Website not yet cross-checked,,,https://www.angi.com/companylist/us/az/flagstaff/electrical.htm | https://www.angi.com/companylist/us/az/prescott/electrical.htm,2026-07-22,platform-northern-arizona-tree-and-landscape-service-flagstaff,,,,
287,,Research-only · not ready to call,"O C Pool and Spa Renovations, LLC",Pool & Spa Service,Phoenix,AZ,,,Angi,Confirmed paid,Angi: Approved advertiser badge (Confirmed paid),Angi · response 12 hrs · 1 recent quote requests,Research first,"Paid lead-acquisition activity is verified, but the business identity, contact details, website, and Google profile still need to be joined before outreach.",Not yet cross-checked,,0,,https://www.google.com/maps/search/?api=1&query=O%20C%20Pool%20and%20Spa%20Renovations%2C%20LLC%20Arizona,Website not yet cross-checked,,,https://www.angi.com/companylist/us/az/phoenix/pool-and-spa-service.htm,2026-07-22,platform-o-c-pool-and-spa-renovations-phoenix,,,,
288,,Research-only · not ready to call,Ocotillo Plumbing LLC,Plumbing,Tucson,AZ,,,Angi,Confirmed paid,Angi: Approved advertiser badge (Confirmed paid),Angi · response 20 mins · rate 92%,Research first,"Paid lead-acquisition activity is verified, but the business identity, contact details, website, and Google profile still need to be joined before outreach.",Not yet cross-checked,,0,,https://www.google.com/maps/search/?api=1&query=Ocotillo%20Plumbing%20LLC%20Arizona,Website not yet cross-checked,,,https://www.angi.com/companylist/us/az/tucson/plumbing.htm,2026-07-22,platform-ocotillo-plumbing-tucson,,,,
289,,Research-only · not ready to call,Omega Electrical Service Inc,Electrical,Tucson,AZ,,,Angi,Confirmed paid,Angi: Approved advertiser badge (Confirmed paid) | Angi: Approved advertiser badge (Confirmed paid),Angi · 2 recent quote requests | Angi · 2 recent quote requests,Research first,"Paid lead-acquisition activity is verified, but the business identity, contact details, website, and Google profile still need to be joined before outreach.",Not yet cross-checked,,0,,https://www.google.com/maps/search/?api=1&query=Omega%20Electrical%20Service%20Inc%20Arizona,Website not yet cross-checked,,,https://www.angi.com/companylist/us/az/tucson/electrical.htm | https://www.angi.com/companylist/us/az/sierra-vista/electrical.htm,2026-07-22,platform-omega-electrical-service-tucson,,,,
290,,Research-only · not ready to call,One Hour Air Conditioning and Heating,HVAC,Tucson,AZ,,,Angi,Confirmed paid,Angi: Approved advertiser badge (Confirmed paid) | Angi: Approved advertiser badge (Confirmed paid),Angi · response 5 hrs · rate 100% · 39 recent quote requests | Angi · response 6 hrs · rate 93% · 20 recent quote requests,Research first,"Paid lead-acquisition activity is verified, but the business identity, contact details, website, and Google profile still need to be joined before outreach.",Not yet cross-checked,,0,,https://www.google.com/maps/search/?api=1&query=One%20Hour%20Air%20Conditioning%20and%20Heating%20Arizona,Website not yet cross-checked,,,https://www.angi.com/companylist/us/az/tucson/hvac.htm | https://www.angi.com/companylist/us/az/sierra-vista/hvac.htm,2026-07-22,platform-one-hour-air-conditioning-and-heating-tucson,,,,
291,,Research-only · not ready to call,One Hour Air Conditioning and Heating of Mohave County,HVAC,Lake Havasu City,AZ,,,Angi,Confirmed paid,Angi: Approved advertiser badge (Confirmed paid),,Research first,"Paid lead-acquisition activity is verified, but the business identity, contact details, website, and Google profile still need to be joined before outreach.",Not yet cross-checked,,0,,https://www.google.com/maps/search/?api=1&query=One%20Hour%20Air%20Conditioning%20and%20Heating%20of%20Mohave%20County%20Arizona,Website not yet cross-checked,,,https://www.angi.com/companylist/us/az/lake-havasu-city/hvac.htm,2026-07-22,platform-one-hour-air-conditioning-and-heating-of-mohave-county-lake-havasu-city,,,,
292,,Research-only · not ready to call,One Hour Heating and Air Conditioning,HVAC,Phoenix,AZ,,,Angi,Confirmed paid,Angi: Approved advertiser badge (Confirmed paid),Angi · response 1 day · 78 recent quote requests,Research first,"Paid lead-acquisition activity is verified, but the business identity, contact details, website, and Google profile still need to be joined before outreach.",Not yet cross-checked,,0,,https://www.google.com/maps/search/?api=1&query=One%20Hour%20Heating%20and%20Air%20Conditioning%20Arizona,Website linked on Angi profile · live state not audited,http://onehourheatandair.com/west-valley,https://www.angi.com/companylist/us/az/phoenix/one-hour-heating-and-air-conditioning-reviews-1.htm,https://www.angi.com/companylist/us/az/phoenix/hvac.htm,2026-07-22,platform-one-hour-heating-and-air-conditioning-phoenix,,,,
293,,Research-only · not ready to call,Only JZ Development,General Contractor,Phoenix,AZ,,,Angi,Confirmed paid,Angi: Approved advertiser badge (Confirmed paid),Angi · 5 recent quote requests,Research first,"Paid lead-acquisition activity is verified, but the business identity, contact details, website, and Google profile still need to be joined before outreach.",Not yet cross-checked,,0,,https://www.google.com/maps/search/?api=1&query=Only%20JZ%20Development%20Arizona,Website not yet cross-checked,,,https://www.angi.com/companylist/us/az/phoenix/contractor.htm,2026-07-22,platform-only-jz-development-phoenix,,,,
294,,Research-only · not ready to call,Organized by Design,Kitchen & Bath Remodeling,Phoenix,AZ,,,Angi,Confirmed paid,Angi: Approved advertiser badge (Confirmed paid),Angi · 3 recent quote requests,Research first,"Paid lead-acquisition activity is verified, but the business identity, contact details, website, and Google profile still need to be joined before outreach.",Not yet cross-checked,,0,,https://www.google.com/maps/search/?api=1&query=Organized%20by%20Design%20Arizona,Website not yet cross-checked,,,https://www.angi.com/companylist/us/az/phoenix/kitchen-and-bath-remodeling.htm,2026-07-22,platform-organized-by-design-phoenix,,,,
295,,Research-only · not ready to call,Ortega Electric LLC,Electrical,Sierra Vista,AZ,,,Angi,Confirmed paid,Angi: Approved advertiser badge (Confirmed paid),Angi · response 4 hrs · 3 recent quote requests,Research first,"Paid lead-acquisition activity is verified, but the business identity, contact details, website, and Google profile still need to be joined before outreach.",Not yet cross-checked,,0,,https://www.google.com/maps/search/?api=1&query=Ortega%20Electric%20LLC%20Arizona,Website not yet cross-checked,,,https://www.angi.com/companylist/us/az/sierra-vista/electrical.htm,2026-07-22,platform-ortega-electric-sierra-vista,,,,
296,,Research-only · not ready to call,Over And Beyond,House Cleaning,Phoenix,AZ,,,Angi,Confirmed paid,Angi: Approved advertiser badge (Confirmed paid),Angi · response 2 hrs · rate 95% · 8 recent quote requests,Research first,"Paid lead-acquisition activity is verified, but the business identity, contact details, website, and Google profile still need to be joined before outreach.",Not yet cross-checked,,0,,https://www.google.com/maps/search/?api=1&query=Over%20And%20Beyond%20Arizona,Website not yet cross-checked,,,https://www.angi.com/companylist/us/az/phoenix/house-cleaning.htm,2026-07-22,platform-over-and-beyond-phoenix,,,,
297,,Research-only · not ready to call,"Painting Green, Inc.",Painting,Tucson,AZ,,,Angi,Confirmed paid,Angi: Approved advertiser badge (Confirmed paid),,Research first,"Paid lead-acquisition activity is verified, but the business identity, contact details, website, and Google profile still need to be joined before outreach.",Not yet cross-checked,,0,,https://www.google.com/maps/search/?api=1&query=Painting%20Green%2C%20Inc.%20Arizona,Website not yet cross-checked,,,https://www.angi.com/companylist/us/az/tucson/painting.htm,2026-07-22,platform-painting-green-tucson,,,,
298,,Research-only · not ready to call,"Palm Tree Construction, LLC",General Contractor,Tucson,AZ,,,Angi,Confirmed paid,Angi: Approved advertiser badge (Confirmed paid),Angi · response 1 day · rate 96% · 38 recent quote requests,Research first,"Paid lead-acquisition activity is verified, but the business identity, contact details, website, and Google profile still need to be joined before outreach.",Not yet cross-checked,,0,,https://www.google.com/maps/search/?api=1&query=Palm%20Tree%20Construction%2C%20LLC%20Arizona,Website not yet cross-checked,,,https://www.angi.com/companylist/us/az/tucson/contractor.htm,2026-07-22,platform-palm-tree-construction-tucson,,,,
299,,Research-only · not ready to call,Paloma Pools,Pool & Spa Service,Tucson,AZ,,,Angi,Confirmed paid,Angi: Approved advertiser badge (Confirmed paid),Angi · response 1 day · 4 recent quote requests,Research first,"Paid lead-acquisition activity is verified, but the business identity, contact details, website, and Google profile still need to be joined before outreach.",Not yet cross-checked,,0,,https://www.google.com/maps/search/?api=1&query=Paloma%20Pools%20Arizona,Website not yet cross-checked,,,https://www.angi.com/companylist/us/az/tucson/pool-and-spa-service.htm,2026-07-22,platform-paloma-pools-tucson,,,,
300,,Research-only · not ready to call,"Phoenix Air Ducts Cleaning Pro, LLC",HVAC,Tucson,AZ,,,Angi,Confirmed paid,Angi: Approved advertiser badge (Confirmed paid) | Angi: Approved advertiser badge (Confirmed paid),Angi · response 1 day · rate 93% | Angi · response 1 day · rate 93%,Research first,"Paid lead-acquisition activity is verified, but the business identity, contact details, website, and Google profile still need to be joined before outreach.",Not yet cross-checked,,0,,https://www.google.com/maps/search/?api=1&query=Phoenix%20Air%20Ducts%20Cleaning%20Pro%2C%20LLC%20Arizona,Website not yet cross-checked,,,https://www.angi.com/companylist/us/az/tucson/hvac.htm | https://www.angi.com/companylist/us/az/sierra-vista/hvac.htm,2026-07-22,platform-phoenix-air-ducts-cleaning-pro-tucson,,,,
301,,Research-only · not ready to call,Pima Roofing LLC,Roofing,Tucson,AZ,,,Angi,Confirmed paid,Angi: Approved advertiser badge (Confirmed paid),,Research first,"Paid lead-acquisition activity is verified, but the business identity, contact details, website, and Google profile still need to be joined before outreach.",Not yet cross-checked,,0,,https://www.google.com/maps/search/?api=1&query=Pima%20Roofing%20LLC%20Arizona,Website not yet cross-checked,,,https://www.angi.com/companylist/us/az/tucson/roofing.htm,2026-07-22,platform-pima-roofing-tucson,,,,
302,,Research-only · not ready to call,Pinnacle Custom Remodeling LLC,Kitchen & Bath Remodeling,Tucson,AZ,,,Angi,Confirmed paid,Angi: Approved advertiser badge (Confirmed paid),Angi · 1 recent quote requests,Research first,"Paid lead-acquisition activity is verified, but the business identity, contact details, website, and Google profile still need to be joined before outreach.",Not yet cross-checked,,0,,https://www.google.com/maps/search/?api=1&query=Pinnacle%20Custom%20Remodeling%20LLC%20Arizona,Website not yet cross-checked,,,https://www.angi.com/companylist/us/az/tucson/kitchen-and-bath-remodeling.htm,2026-07-22,platform-pinnacle-custom-remodeling-tucson,,,,
303,,Research-only · not ready to call,"Pioneer Plumbing Heating and Cooling, Inc",Plumbing,Tucson,AZ,,,Angi,Confirmed paid,Angi: Approved advertiser badge (Confirmed paid),Angi · 25 recent quote requests,Research first,"Paid lead-acquisition activity is verified, but the business identity, contact details, website, and Google profile still need to be joined before outreach.",Not yet cross-checked,,0,,https://www.google.com/maps/search/?api=1&query=Pioneer%20Plumbing%20Heating%20and%20Cooling%2C%20Inc%20Arizona,Website not yet cross-checked,,,https://www.angi.com/companylist/us/az/tucson/plumbing.htm,2026-07-22,platform-pioneer-plumbing-heating-and-cooling-tucson,,,,
304,,Research-only · not ready to call,PIPING HOT PLUMBING LLC,Plumbing,Casa Grande,AZ,,,Angi,Confirmed paid,Angi: Approved advertiser badge (Confirmed paid),Angi · 4 recent quote requests,Research first,"Paid lead-acquisition activity is verified, but the business identity, contact details, website, and Google profile still need to be joined before outreach.",Not yet cross-checked,,0,,https://www.google.com/maps/search/?api=1&query=PIPING%20HOT%20PLUMBING%20LLC%20Arizona,Website not yet cross-checked,,,https://www.angi.com/companylist/us/az/casa-grande/plumbing.htm,2026-07-22,platform-piping-hot-plumbing-casa-grande,,,,
305,,Research-only · not ready to call,"Plugged In Electric, LLC",Electrical,Tucson,AZ,,,Angi,Confirmed paid,Angi: Approved advertiser badge (Confirmed paid),Angi · response 10 hrs · 3 recent quote requests,Research first,"Paid lead-acquisition activity is verified, but the business identity, contact details, website, and Google profile still need to be joined before outreach.",Not yet cross-checked,,0,,https://www.google.com/maps/search/?api=1&query=Plugged%20In%20Electric%2C%20LLC%20Arizona,Website not yet cross-checked,,,https://www.angi.com/companylist/us/az/tucson/electrical.htm,2026-07-22,platform-plugged-in-electric-tucson,,,,
306,,Research-only · not ready to call,Plumbing By Jake,Plumbing,Lake Havasu City,AZ,,,Angi,Confirmed paid,Angi: Approved advertiser badge (Confirmed paid),Angi · response 11 hrs · 21 recent quote requests,Research first,"Paid lead-acquisition activity is verified, but the business identity, contact details, website, and Google profile still need to be joined before outreach.",Not yet cross-checked,,0,,https://www.google.com/maps/search/?api=1&query=Plumbing%20By%20Jake%20Arizona,Website not yet cross-checked,,,https://www.angi.com/companylist/us/az/lake-havasu-city/plumbing.htm,2026-07-22,platform-plumbing-by-jake-lake-havasu-city,,,,
307,,Research-only · not ready to call,Plymwr Plumbing,Plumbing,Yuma,AZ,,,Angi,Confirmed paid,Angi: Approved advertiser badge (Confirmed paid) | Angi: Approved advertiser badge (Confirmed paid),Angi · response 6 hrs · 2 recent quote requests | Angi · response 6 hrs · 2 recent quote requests,Research first,"Paid lead-acquisition activity is verified, but the business identity, contact details, website, and Google profile still need to be joined before outreach.",Not yet cross-checked,,0,,https://www.google.com/maps/search/?api=1&query=Plymwr%20Plumbing%20Arizona,Website not yet cross-checked,,,https://www.angi.com/companylist/us/az/yuma/plumbing.htm | https://www.angi.com/companylist/us/az/lake-havasu-city/plumbing.htm,2026-07-22,platform-plymwr-plumbing-yuma,,,,
308,,Research-only · not ready to call,Pool Palooza Cleaning,Pool & Spa Service,Tucson,AZ,,,Angi,Confirmed paid,Angi: Approved advertiser badge (Confirmed paid),Angi · response 1 day · rate 91% · 8 recent quote requests,Research first,"Paid lead-acquisition activity is verified, but the business identity, contact details, website, and Google profile still need to be joined before outreach.",Not yet cross-checked,,0,,https://www.google.com/maps/search/?api=1&query=Pool%20Palooza%20Cleaning%20Arizona,Website not yet cross-checked,,,https://www.angi.com/companylist/us/az/tucson/pool-and-spa-service.htm,2026-07-22,platform-pool-palooza-cleaning-tucson,,,,
309,,Research-only · not ready to call,Pool Up LLC,Pool & Spa Service,Phoenix,AZ,,,Angi,Confirmed paid,Angi: Approved advertiser badge (Confirmed paid),Angi · response 2 days · rate 86%,Research first,"Paid lead-acquisition activity is verified, but the business identity, contact details, website, and Google profile still need to be joined before outreach.",Not yet cross-checked,,0,,https://www.google.com/maps/search/?api=1&query=Pool%20Up%20LLC%20Arizona,Website not yet cross-checked,,,https://www.angi.com/companylist/us/az/phoenix/pool-and-spa-service.htm,2026-07-22,platform-pool-up-phoenix,,,,
310,,Research-only · not ready to call,"Precise Pool Service, LLC",Pool & Spa Service,Phoenix,AZ,,,Angi,Confirmed paid,Angi: Approved advertiser badge (Confirmed paid),Angi · 12 recent quote requests,Research first,"Paid lead-acquisition activity is verified, but the business identity, contact details, website, and Google profile still need to be joined before outreach.",Not yet cross-checked,,0,,https://www.google.com/maps/search/?api=1&query=Precise%20Pool%20Service%2C%20LLC%20Arizona,Website not yet cross-checked,,,https://www.angi.com/companylist/us/az/phoenix/pool-and-spa-service.htm,2026-07-22,platform-precise-pool-service-phoenix,,,,
311,,Research-only · not ready to call,"Precision Blueprint Development, LLC",General Contractor,Phoenix,AZ,,,Angi,Confirmed paid,Angi: Approved advertiser badge (Confirmed paid),Angi · 3 recent quote requests,Research first,"Paid lead-acquisition activity is verified, but the business identity, contact details, website, and Google profile still need to be joined before outreach.",Not yet cross-checked,,0,,https://www.google.com/maps/search/?api=1&query=Precision%20Blueprint%20Development%2C%20LLC%20Arizona,Website not yet cross-checked,,,https://www.angi.com/companylist/us/az/phoenix/contractor.htm,2026-07-22,platform-precision-blueprint-development-phoenix,,,,
312,,Research-only · not ready to call,"Precision Pool Techs, LLC",Pool & Spa Service,Phoenix,AZ,,,Angi,Confirmed paid,Angi: Approved advertiser badge (Confirmed paid),Angi · response 7 hrs · rate 98%,Research first,"Paid lead-acquisition activity is verified, but the business identity, contact details, website, and Google profile still need to be joined before outreach.",Not yet cross-checked,,0,,https://www.google.com/maps/search/?api=1&query=Precision%20Pool%20Techs%2C%20LLC%20Arizona,Website not yet cross-checked,,,https://www.angi.com/companylist/us/az/phoenix/pool-and-spa-service.htm,2026-07-22,platform-precision-pool-techs-phoenix,,,,
313,,Research-only · not ready to call,Preferred Klean-Co Llc,House Cleaning,Tucson,AZ,,,Angi,Confirmed paid,Angi: Approved advertiser badge (Confirmed paid),,Research first,"Paid lead-acquisition activity is verified, but the business identity, contact details, website, and Google profile still need to be joined before outreach.",Not yet cross-checked,,0,,https://www.google.com/maps/search/?api=1&query=Preferred%20Klean-Co%20Llc%20Arizona,Website not yet cross-checked,,,https://www.angi.com/companylist/us/az/tucson/house-cleaning.htm,2026-07-22,platform-preferred-klean-tucson,,,,
314,,Research-only · not ready to call,"Price Electric, LLC",Electrical,Prescott,AZ,,,Angi,Confirmed paid,Angi: Approved advertiser badge (Confirmed paid),Angi · response 6 hrs,Research first,"Paid lead-acquisition activity is verified, but the business identity, contact details, website, and Google profile still need to be joined before outreach.",Not yet cross-checked,,0,,https://www.google.com/maps/search/?api=1&query=Price%20Electric%2C%20LLC%20Arizona,Website not yet cross-checked,,,https://www.angi.com/companylist/us/az/prescott/electrical.htm,2026-07-22,platform-price-electric-prescott,,,,
315,,Research-only · not ready to call,"Pride Heating, Cooling, Plumbing and Electrical","HVAC, plumbing and electrical",Tucson,AZ,,,Yelp,Confirmed paid,Yelp: Sponsored result (Confirmed paid),,Research first,"Paid lead-acquisition activity is verified, but the business identity, contact details, website, and Google profile still need to be joined before outreach.",Not yet cross-checked,,0,,https://www.google.com/search?q=Pride%20Heating%2C%20Cooling%2C%20Plumbing%20and%20Electrical%20Tucson%20AZ,Not audited,,https://www.yelp.com/biz/pride-mechanical-tucson-5,https://www.yelp.com/search?find_desc=Plumbers&find_loc=Tucson%2C%20AZ,2026-07-21,platform-pride-heating-cooling-plumbing-and-electrical-tucson,,,,
316,,Research-only · not ready to call,"PROFESSIONAL INTEGRATED TECHNOLOGIES, LLC",Electrical,Flagstaff,AZ,,,Angi,Confirmed paid,Angi: Approved advertiser badge (Confirmed paid),Angi · response 30 mins,Research first,"Paid lead-acquisition activity is verified, but the business identity, contact details, website, and Google profile still need to be joined before outreach.",Not yet cross-checked,,0,,https://www.google.com/maps/search/?api=1&query=PROFESSIONAL%20INTEGRATED%20TECHNOLOGIES%2C%20LLC%20Arizona,Website not yet cross-checked,,,https://www.angi.com/companylist/us/az/flagstaff/electrical.htm,2026-07-22,platform-professional-integrated-technologies-flagstaff,,,,
317,,Research-only · not ready to call,Prolific Landscape Solutions,Landscaping,Tucson,AZ,,,Angi,Confirmed paid,Angi: Approved advertiser badge (Confirmed paid),Angi · 6 recent quote requests,Research first,"Paid lead-acquisition activity is verified, but the business identity, contact details, website, and Google profile still need to be joined before outreach.",Not yet cross-checked,,0,,https://www.google.com/maps/search/?api=1&query=Prolific%20Landscape%20Solutions%20Arizona,Website not yet cross-checked,,,https://www.angi.com/companylist/us/az/tucson/landscaping.htm,2026-07-22,platform-prolific-landscape-solutions-tucson,,,,
318,,Research-only · not ready to call,Quick Rooter,Plumbing,Tucson,AZ,,,Yelp,Confirmed paid,Yelp: Sponsored result (Confirmed paid),,Research first,"Paid lead-acquisition activity is verified, but the business identity, contact details, website, and Google profile still need to be joined before outreach.",Not yet cross-checked,,0,,https://www.google.com/search?q=Quick%20Rooter%20Tucson%20AZ,Not audited,,https://www.yelp.com/biz/quick-rooter-tucson-5,https://www.yelp.com/search?find_desc=Plumbers&find_loc=Tucson%2C%20AZ,2026-07-21,platform-quick-rooter-tucson,,,,
319,,Research-only · not ready to call,Ram Plumbing Co-Tucson,Plumbing,Tucson,AZ,,,Angi,Confirmed paid,Angi: Approved advertiser badge (Confirmed paid),Angi · 1 recent quote requests,Research first,"Paid lead-acquisition activity is verified, but the business identity, contact details, website, and Google profile still need to be joined before outreach.",Not yet cross-checked,,0,,https://www.google.com/maps/search/?api=1&query=Ram%20Plumbing%20Co-Tucson%20Arizona,Website not yet cross-checked,,,https://www.angi.com/companylist/us/az/tucson/plumbing.htm,2026-07-22,platform-ram-plumbing-tucson-tucson,,,,
320,,Research-only · not ready to call,"Ram Plumbing, Inc.",Plumbing,Tucson,AZ,,,Angi,Confirmed paid,Angi: Approved advertiser badge (Confirmed paid),Angi · 18 recent quote requests,Research first,"Paid lead-acquisition activity is verified, but the business identity, contact details, website, and Google profile still need to be joined before outreach.",Not yet cross-checked,,0,,https://www.google.com/maps/search/?api=1&query=Ram%20Plumbing%2C%20Inc.%20Arizona,Website not yet cross-checked,,,https://www.angi.com/companylist/us/az/tucson/plumbing.htm,2026-07-22,platform-ram-plumbing-tucson,,,,
321,,Research-only · not ready to call,Ramirez & Hijos Painting Inc,Painting,Tucson,AZ,,,Angi,Confirmed paid,Angi: Approved advertiser badge (Confirmed paid),Angi · response 8 hrs · 2 recent quote requests,Research first,"Paid lead-acquisition activity is verified, but the business identity, contact details, website, and Google profile still need to be joined before outreach.",Not yet cross-checked,,0,,https://www.google.com/maps/search/?api=1&query=Ramirez%20%26%20Hijos%20Painting%20Inc%20Arizona,Website not yet cross-checked,,,https://www.angi.com/companylist/us/az/tucson/painting.htm,2026-07-22,platform-ramirez-and-hijos-painting-tucson,,,,
322,,Research-only · not ready to call,"RDR Roofing, LLC",Roofing,Phoenix,AZ,,,Angi,Confirmed paid,Angi: Approved advertiser badge (Confirmed paid),Angi · response 1 day · 22 recent quote requests,Research first,"Paid lead-acquisition activity is verified, but the business identity, contact details, website, and Google profile still need to be joined before outreach.",Not yet cross-checked,,0,,https://www.google.com/maps/search/?api=1&query=RDR%20Roofing%2C%20LLC%20Arizona,Website not yet cross-checked,,,https://www.angi.com/companylist/us/az/phoenix/roofing.htm,2026-07-22,platform-rdr-roofing-phoenix,,,,
323,,Research-only · not ready to call,Re-Bath of Tucson,Kitchen & Bath Remodeling,Tucson,AZ,,,Angi,Confirmed paid,Angi: Approved advertiser badge (Confirmed paid),Angi · 1 recent quote requests,Research first,"Paid lead-acquisition activity is verified, but the business identity, contact details, website, and Google profile still need to be joined before outreach.",Not yet cross-checked,,0,,https://www.google.com/maps/search/?api=1&query=Re-Bath%20of%20Tucson%20Arizona,Website not yet cross-checked,,,https://www.angi.com/companylist/us/az/tucson/kitchen-and-bath-remodeling.htm,2026-07-22,platform-re-bath-of-tucson-tucson,,,,
324,,Research-only · not ready to call,Re-Bath Tucson,Kitchen & Bath Remodeling,Tucson,AZ,,,Angi,Confirmed paid,Angi: Approved advertiser badge (Confirmed paid),Angi · response 40 mins · rate 100% · 8 recent quote requests,Research first,"Paid lead-acquisition activity is verified, but the business identity, contact details, website, and Google profile still need to be joined before outreach.",Not yet cross-checked,,0,,https://www.google.com/maps/search/?api=1&query=Re-Bath%20Tucson%20Arizona,Website not yet cross-checked,,,https://www.angi.com/companylist/us/az/tucson/kitchen-and-bath-remodeling.htm,2026-07-22,platform-re-bath-tucson-tucson,,,,
325,,Research-only · not ready to call,"REC Electric, LLC",Electrical,Prescott,AZ,,,Angi,Confirmed paid,Angi: Approved advertiser badge (Confirmed paid),Angi · response 2 days · 7 recent quote requests,Research first,"Paid lead-acquisition activity is verified, but the business identity, contact details, website, and Google profile still need to be joined before outreach.",Not yet cross-checked,,0,,https://www.google.com/maps/search/?api=1&query=REC%20Electric%2C%20LLC%20Arizona,Website not yet cross-checked,,,https://www.angi.com/companylist/us/az/prescott/electrical.htm,2026-07-22,platform-rec-electric-prescott,,,,
326,,Research-only · not ready to call,"Red Sky Roofing, LLC",Roofing,Tucson,AZ,,,Angi,Confirmed paid,Angi: Approved advertiser badge (Confirmed paid),Angi · response 5 hrs · rate 100% · 19 recent quote requests,Research first,"Paid lead-acquisition activity is verified, but the business identity, contact details, website, and Google profile still need to be joined before outreach.",Not yet cross-checked,,0,,https://www.google.com/maps/search/?api=1&query=Red%20Sky%20Roofing%2C%20LLC%20Arizona,Website not yet cross-checked,,,https://www.angi.com/companylist/us/az/tucson/roofing.htm,2026-07-22,platform-red-sky-roofing-tucson,,,,
327,,Research-only · not ready to call,Reform and Company,Kitchen & Bath Remodeling,Phoenix,AZ,,,Angi,Confirmed paid,Angi: Approved advertiser badge (Confirmed paid),Angi · 5 recent quote requests,Research first,"Paid lead-acquisition activity is verified, but the business identity, contact details, website, and Google profile still need to be joined before outreach.",Not yet cross-checked,,0,,https://www.google.com/maps/search/?api=1&query=Reform%20and%20Company%20Arizona,Website not yet cross-checked,,,https://www.angi.com/companylist/us/az/phoenix/kitchen-and-bath-remodeling.htm,2026-07-22,platform-reform-and-phoenix,,,,
328,,Research-only · not ready to call,Renotight Construction,General Contractor,Phoenix,AZ,,,Angi,Confirmed paid,Angi: Approved advertiser badge (Confirmed paid),Angi · 1 recent quote requests,Research first,"Paid lead-acquisition activity is verified, but the business identity, contact details, website, and Google profile still need to be joined before outreach.",Not yet cross-checked,,0,,https://www.google.com/maps/search/?api=1&query=Renotight%20Construction%20Arizona,Website not yet cross-checked,,,https://www.angi.com/companylist/us/az/phoenix/contractor.htm,2026-07-22,platform-renotight-construction-phoenix,,,,
329,,Research-only · not ready to call,Renuity West,Plumbing,Lake Havasu City,AZ,,,Angi,Confirmed paid,Angi: Approved advertiser badge (Confirmed paid),Angi · 402 recent quote requests,Research first,"Paid lead-acquisition activity is verified, but the business identity, contact details, website, and Google profile still need to be joined before outreach.",Not yet cross-checked,,0,,https://www.google.com/maps/search/?api=1&query=Renuity%20West%20Arizona,Website not yet cross-checked,,,https://www.angi.com/companylist/us/az/lake-havasu-city/plumbing.htm,2026-07-22,platform-renuity-west-lake-havasu-city,,,,
330,,Research-only · not ready to call,Rigo Pest Prevention,Pest Control,Tucson,AZ,,,Angi,Confirmed paid,Angi: Approved advertiser badge (Confirmed paid),Angi · response 5 hrs,Research first,"Paid lead-acquisition activity is verified, but the business identity, contact details, website, and Google profile still need to be joined before outreach.",Not yet cross-checked,,0,,https://www.google.com/maps/search/?api=1&query=Rigo%20Pest%20Prevention%20Arizona,Website not yet cross-checked,,,https://www.angi.com/companylist/us/az/tucson/pest-control.htm,2026-07-22,platform-rigo-pest-prevention-tucson,,,,
331,,Research-only · not ready to call,"ROOF COATING SPECIALIST, INC",Roofing,Tucson,AZ,,,Angi,Confirmed paid,Angi: Approved advertiser badge (Confirmed paid),Angi · 23 recent quote requests,Research first,"Paid lead-acquisition activity is verified, but the business identity, contact details, website, and Google profile still need to be joined before outreach.",Not yet cross-checked,,0,,https://www.google.com/maps/search/?api=1&query=ROOF%20COATING%20SPECIALIST%2C%20INC%20Arizona,Website not yet cross-checked,,,https://www.angi.com/companylist/us/az/tucson/roofing.htm,2026-07-22,platform-roof-coating-specialist-tucson,,,,
332,,Research-only · not ready to call,Roofs Arizona,Roofing,Phoenix,AZ,,,Angi,Confirmed paid,Angi: Approved advertiser badge (Confirmed paid),Angi · 5 recent quote requests,Research first,"Paid lead-acquisition activity is verified, but the business identity, contact details, website, and Google profile still need to be joined before outreach.",Not yet cross-checked,,0,,https://www.google.com/maps/search/?api=1&query=Roofs%20Arizona%20Arizona,Website not yet cross-checked,,,https://www.angi.com/companylist/us/az/phoenix/roofing.htm,2026-07-22,platform-roofs-arizona-phoenix,,,,
333,,Research-only · not ready to call,Roofsavers Locke Roofing,Roofing,Tucson,AZ,,,Angi,Confirmed paid,Angi: Approved advertiser badge (Confirmed paid),Angi · 20 recent quote requests,Research first,"Paid lead-acquisition activity is verified, but the business identity, contact details, website, and Google profile still need to be joined before outreach.",Not yet cross-checked,,0,,https://www.google.com/maps/search/?api=1&query=Roofsavers%20Locke%20Roofing%20Arizona,Website not yet cross-checked,,,https://www.angi.com/companylist/us/az/tucson/roofing.htm,2026-07-22,platform-roofsavers-locke-roofing-tucson,,,,
334,,Research-only · not ready to call,"S & H Contracting, LLC",Roofing,Sierra Vista,AZ,,,Angi,Confirmed paid,Angi: Approved advertiser badge (Confirmed paid),Angi · response 7 hrs · 29 recent quote requests,Research first,"Paid lead-acquisition activity is verified, but the business identity, contact details, website, and Google profile still need to be joined before outreach.",Not yet cross-checked,,0,,https://www.google.com/maps/search/?api=1&query=S%20%26%20H%20Contracting%2C%20LLC%20Arizona,Website not yet cross-checked,,,https://www.angi.com/companylist/us/az/sierra-vista/roofing.htm,2026-07-22,platform-s-and-h-contracting-sierra-vista,,,,
335,,Research-only · not ready to call,"S & M Electric, Inc.",Electrical; HVAC,Prescott,AZ,,,Angi,Confirmed paid,Angi: Approved advertiser badge (Confirmed paid) | Angi: Approved advertiser badge (Confirmed paid),Angi · response 2 days · 47 recent quote requests | Angi · response 2 days · 46 recent quote requests,Research first,"Paid lead-acquisition activity is verified, but the business identity, contact details, website, and Google profile still need to be joined before outreach.",Not yet cross-checked,,0,,https://www.google.com/maps/search/?api=1&query=S%20%26%20M%20Electric%2C%20Inc.%20Arizona,Website not yet cross-checked,,,https://www.angi.com/companylist/us/az/prescott/hvac.htm | https://www.angi.com/companylist/us/az/prescott/electrical.htm,2026-07-22,platform-s-and-m-electric-prescott,,,,
336,,Research-only · not ready to call,Samantha's Executive Cleaning Service's LLC,HVAC,Sierra Vista,AZ,,,Angi,Confirmed paid,Angi: New to Angi advertiser badge (Confirmed paid),,Research first,"Paid lead-acquisition activity is verified, but the business identity, contact details, website, and Google profile still need to be joined before outreach.",Not yet cross-checked,,0,,https://www.google.com/maps/search/?api=1&query=Samantha's%20Executive%20Cleaning%20Service's%20LLC%20Arizona,Website not yet cross-checked,,,https://www.angi.com/companylist/us/az/sierra-vista/hvac.htm,2026-07-22,platform-samantha-s-executive-cleaning-service-s-sierra-vista,,,,
337,,Research-only · not ready to call,"Sand and Sun Electric, LLC",Electrical,Phoenix,AZ,,,Angi,Confirmed paid,Angi: Approved advertiser badge (Confirmed paid),Angi · response 3 hrs,Research first,"Paid lead-acquisition activity is verified, but the business identity, contact details, website, and Google profile still need to be joined before outreach.",Not yet cross-checked,,0,,https://www.google.com/maps/search/?api=1&query=Sand%20and%20Sun%20Electric%2C%20LLC%20Arizona,Website not yet cross-checked,,,https://www.angi.com/companylist/us/az/phoenix/electrical.htm,2026-07-22,platform-sand-and-sun-electric-phoenix,,,,
338,,Research-only · not ready to call,Schwarder Construction LLC,Plumbing,Flagstaff,AZ,,,Angi,Confirmed paid,Angi: Approved advertiser badge (Confirmed paid),Angi · response 12 hrs · 4 recent quote requests,Research first,"Paid lead-acquisition activity is verified, but the business identity, contact details, website, and Google profile still need to be joined before outreach.",Not yet cross-checked,,0,,https://www.google.com/maps/search/?api=1&query=Schwarder%20Construction%20LLC%20Arizona,Website not yet cross-checked,,,https://www.angi.com/companylist/us/az/flagstaff/plumbing.htm,2026-07-22,platform-schwarder-construction-flagstaff,,,,
339,,Research-only · not ready to call,Seneca Painting LLC,Painting,Phoenix,AZ,,,Angi,Confirmed paid,Angi: Approved advertiser badge (Confirmed paid),,Research first,"Paid lead-acquisition activity is verified, but the business identity, contact details, website, and Google profile still need to be joined before outreach.",Not yet cross-checked,,0,,https://www.google.com/maps/search/?api=1&query=Seneca%20Painting%20LLC%20Arizona,Website not yet cross-checked,,,https://www.angi.com/companylist/us/az/phoenix/painting.htm,2026-07-22,platform-seneca-painting-phoenix,,,,
340,,Research-only · not ready to call,Sentri Homes,Roofing,Yuma,AZ,,,Angi,Confirmed paid,Angi: Approved advertiser badge (Confirmed paid) | Angi: Approved advertiser badge (Confirmed paid) | Angi: Approved advertiser badge (Confirmed paid),Angi · 25 recent quote requests | Angi · 25 recent quote requests | Angi · 25 recent quote requests,Research first,"Paid lead-acquisition activity is verified, but the business identity, contact details, website, and Google profile still need to be joined before outreach.",Not yet cross-checked,,0,,https://www.google.com/maps/search/?api=1&query=Sentri%20Homes%20Arizona,Website not yet cross-checked,,,https://www.angi.com/companylist/us/az/yuma/roofing.htm | https://www.angi.com/companylist/us/az/lake-havasu-city/roofing.htm | https://www.angi.com/companylist/us/az/sierra-vista/roofing.htm,2026-07-22,platform-sentri-homes-yuma,,,,
341,,Research-only · not ready to call,Signature Design & Construction LLC,Kitchen & Bath Remodeling,Tucson,AZ,,,Angi,Confirmed paid,Angi: Approved advertiser badge (Confirmed paid),Angi · response 1 day · 4 recent quote requests,Research first,"Paid lead-acquisition activity is verified, but the business identity, contact details, website, and Google profile still need to be joined before outreach.",Not yet cross-checked,,0,,https://www.google.com/maps/search/?api=1&query=Signature%20Design%20%26%20Construction%20LLC%20Arizona,Website not yet cross-checked,,,https://www.angi.com/companylist/us/az/tucson/kitchen-and-bath-remodeling.htm,2026-07-22,platform-signature-design-and-construction-tucson,,,,
342,,Research-only · not ready to call,"Simply Better Plumbing and Drain, Inc.",Plumbing,Mesa,AZ,,,Angi,Confirmed paid,Angi: Approved advertiser badge (Confirmed paid),Angi · response 4 hrs · 10 recent quote requests,Research first,"Paid lead-acquisition activity is verified, but the business identity, contact details, website, and Google profile still need to be joined before outreach.",Not yet cross-checked,,0,,https://www.google.com/maps/search/?api=1&query=Simply%20Better%20Plumbing%20and%20Drain%2C%20Inc.%20Arizona,Website linked on Angi profile · live state not audited,http://simplybetterplumbinganddrain.com/,https://www.angi.com/companylist/us/az/mesa/simply-better-plumbing-and-drain-inc-reviews-1.htm,https://www.angi.com/companylist/us/az/phoenix/plumbing.htm,2026-07-22,platform-simply-better-plumbing-and-drain-mesa,,,,
343,,Research-only · not ready to call,SJ ROOFING LLC,Roofing,Lake Havasu City,AZ,,,Angi,Confirmed paid,Angi: Approved advertiser badge (Confirmed paid),Angi · 27 recent quote requests,Research first,"Paid lead-acquisition activity is verified, but the business identity, contact details, website, and Google profile still need to be joined before outreach.",Not yet cross-checked,,0,,https://www.google.com/maps/search/?api=1&query=SJ%20ROOFING%20LLC%20Arizona,Website not yet cross-checked,,,https://www.angi.com/companylist/us/az/lake-havasu-city/roofing.htm,2026-07-22,platform-sj-roofing-lake-havasu-city,,,,
344,,Research-only · not ready to call,"Skilled Solutions, LLC",HVAC,Cave Creek,AZ,,,Angi,Confirmed paid,Angi: Approved advertiser badge (Confirmed paid),Angi · response 30 mins · 5 recent quote requests,Research first,"Paid lead-acquisition activity is verified, but the business identity, contact details, website, and Google profile still need to be joined before outreach.",Not yet cross-checked,,0,,https://www.google.com/maps/search/?api=1&query=Skilled%20Solutions%2C%20LLC%20Arizona,Website linked on Angi profile · live state not audited,https://acexpertsolutions.com/,https://www.angi.com/companylist/us/az/cave-creek/skilled-solutions-llc-reviews-1.htm,https://www.angi.com/companylist/us/az/phoenix/hvac.htm,2026-07-22,platform-skilled-solutions-cave-creek,,,,
345,,Research-only · not ready to call,Skyline Landscape & Maintenance,Landscaping,Tucson,AZ,,,Angi,Confirmed paid,Angi: Approved advertiser badge (Confirmed paid),,Research first,"Paid lead-acquisition activity is verified, but the business identity, contact details, website, and Google profile still need to be joined before outreach.",Not yet cross-checked,,0,,https://www.google.com/maps/search/?api=1&query=Skyline%20Landscape%20%26%20Maintenance%20Arizona,Website not yet cross-checked,,,https://www.angi.com/companylist/us/az/tucson/landscaping.htm,2026-07-22,platform-skyline-landscape-and-maintenance-tucson,,,,
346,,Research-only · not ready to call,"Skyline Pool and Spas, LLC",Pool & Spa Service,Phoenix,AZ,,,Angi,Confirmed paid,Angi: Approved advertiser badge (Confirmed paid),Angi · response 7 hrs · 2 recent quote requests,Research first,"Paid lead-acquisition activity is verified, but the business identity, contact details, website, and Google profile still need to be joined before outreach.",Not yet cross-checked,,0,,https://www.google.com/maps/search/?api=1&query=Skyline%20Pool%20and%20Spas%2C%20LLC%20Arizona,Website not yet cross-checked,,,https://www.angi.com/companylist/us/az/phoenix/pool-and-spa-service.htm,2026-07-22,platform-skyline-pool-and-spas-phoenix,,,,
347,,Research-only · not ready to call,"Smart Choice Electric, LLC",Electrical,Tucson,AZ,,,Angi,Confirmed paid,Angi: Approved advertiser badge (Confirmed paid),Angi · response 4 days · 5 recent quote requests,Research first,"Paid lead-acquisition activity is verified, but the business identity, contact details, website, and Google profile still need to be joined before outreach.",Not yet cross-checked,,0,,https://www.google.com/maps/search/?api=1&query=Smart%20Choice%20Electric%2C%20LLC%20Arizona,Website not yet cross-checked,,,https://www.angi.com/companylist/us/az/tucson/electrical.htm,2026-07-22,platform-smart-choice-electric-tucson,,,,
348,,Research-only · not ready to call,"Smart Move Moving and Storage, LLC",Moving,Tucson,AZ,,,Angi,Confirmed paid,Angi: Approved advertiser badge (Confirmed paid),Angi · response 10 hrs · rate 87% · 116 recent quote requests,Research first,"Paid lead-acquisition activity is verified, but the business identity, contact details, website, and Google profile still need to be joined before outreach.",Not yet cross-checked,,0,,https://www.google.com/maps/search/?api=1&query=Smart%20Move%20Moving%20and%20Storage%2C%20LLC%20Arizona,Website not yet cross-checked,,,https://www.angi.com/companylist/us/az/tucson/moving.htm,2026-07-22,platform-smart-move-moving-and-storage-tucson,,,,
349,,Research-only · not ready to call,Speck Cleaning,House Cleaning,Phoenix,AZ,,,Angi,Confirmed paid,Angi: Approved advertiser badge (Confirmed paid),Angi · response 2 hrs · rate 95% · 27 recent quote requests,Research first,"Paid lead-acquisition activity is verified, but the business identity, contact details, website, and Google profile still need to be joined before outreach.",Not yet cross-checked,,0,,https://www.google.com/maps/search/?api=1&query=Speck%20Cleaning%20Arizona,Website not yet cross-checked,,,https://www.angi.com/companylist/us/az/phoenix/house-cleaning.htm,2026-07-22,platform-speck-cleaning-phoenix,,,,
350,,Research-only · not ready to call,Sterling Interstate,Moving,Phoenix,AZ,,,Angi,Confirmed paid,Angi: Approved advertiser badge (Confirmed paid),,Research first,"Paid lead-acquisition activity is verified, but the business identity, contact details, website, and Google profile still need to be joined before outreach.",Not yet cross-checked,,0,,https://www.google.com/maps/search/?api=1&query=Sterling%20Interstate%20Arizona,Website not yet cross-checked,,,https://www.angi.com/companylist/us/az/phoenix/moving.htm,2026-07-22,platform-sterling-interstate-phoenix,,,,
351,,Research-only · not ready to call,"Stone Electric, LLC",Electrical,Prescott,AZ,,,Angi,Confirmed paid,Angi: Approved advertiser badge (Confirmed paid) | Angi: Approved advertiser badge (Confirmed paid),Angi · response 8 hrs · rate 93% · 1 recent quote requests | Angi · response 2 days · rate 93% · 1 recent quote requests,Research first,"Paid lead-acquisition activity is verified, but the business identity, contact details, website, and Google profile still need to be joined before outreach.",Not yet cross-checked,,0,,https://www.google.com/maps/search/?api=1&query=Stone%20Electric%2C%20LLC%20Arizona,Website not yet cross-checked,,,https://www.angi.com/companylist/us/az/prescott/electrical.htm | https://www.angi.com/companylist/us/az/lake-havasu-city/electrical.htm,2026-07-22,platform-stone-electric-prescott,,,,
352,,Research-only · not ready to call,"Strive Roofing, LLC",Roofing,Casa Grande,AZ,,,Angi,Confirmed paid,Angi: Approved advertiser badge (Confirmed paid),Angi · response 5 hrs · 2 recent quote requests,Research first,"Paid lead-acquisition activity is verified, but the business identity, contact details, website, and Google profile still need to be joined before outreach.",Not yet cross-checked,,0,,https://www.google.com/maps/search/?api=1&query=Strive%20Roofing%2C%20LLC%20Arizona,Website not yet cross-checked,,,https://www.angi.com/companylist/us/az/casa-grande/roofing.htm,2026-07-22,platform-strive-roofing-casa-grande,,,,
353,,Research-only · not ready to call,Sud sister sparkling solutions,HVAC,Sierra Vista,AZ,,,Angi,Confirmed paid,Angi: New to Angi advertiser badge (Confirmed paid),Angi · 3 recent quote requests,Research first,"Paid lead-acquisition activity is verified, but the business identity, contact details, website, and Google profile still need to be joined before outreach.",Not yet cross-checked,,0,,https://www.google.com/maps/search/?api=1&query=Sud%20sister%20sparkling%20solutions%20Arizona,Website not yet cross-checked,,,https://www.angi.com/companylist/us/az/sierra-vista/hvac.htm,2026-07-22,platform-sud-sister-sparkling-solutions-sierra-vista,,,,
354,,Research-only · not ready to call,Sun Painting LLC,Painting,Tucson,AZ,,,Angi,Confirmed paid,Angi: Approved advertiser badge (Confirmed paid),Angi · 5 recent quote requests,Research first,"Paid lead-acquisition activity is verified, but the business identity, contact details, website, and Google profile still need to be joined before outreach.",Not yet cross-checked,,0,,https://www.google.com/maps/search/?api=1&query=Sun%20Painting%20LLC%20Arizona,Website not yet cross-checked,,,https://www.angi.com/companylist/us/az/tucson/painting.htm,2026-07-22,platform-sun-painting-tucson,,,,
355,,Research-only · not ready to call,Sunco Improvements,Roofing,Phoenix,AZ,,,Angi,Confirmed paid,Angi: Approved advertiser badge (Confirmed paid),Angi · response 4 hrs · rate 96% · 3 recent quote requests,Research first,"Paid lead-acquisition activity is verified, but the business identity, contact details, website, and Google profile still need to be joined before outreach.",Not yet cross-checked,,0,,https://www.google.com/maps/search/?api=1&query=Sunco%20Improvements%20Arizona,Website not yet cross-checked,,,https://www.angi.com/companylist/us/az/phoenix/roofing.htm,2026-07-22,platform-sunco-improvements-phoenix,,,,
356,,Research-only · not ready to call,Sunguard Custom Painting,Painting; Roofing,Phoenix,AZ,,,Angi,Confirmed paid,Angi: Approved advertiser badge (Confirmed paid) | Angi: Approved advertiser badge (Confirmed paid),Angi · 8 recent quote requests | Angi · 8 recent quote requests,Research first,"Paid lead-acquisition activity is verified, but the business identity, contact details, website, and Google profile still need to be joined before outreach.",Not yet cross-checked,,0,,https://www.google.com/maps/search/?api=1&query=Sunguard%20Custom%20Painting%20Arizona,Website not yet cross-checked,,,https://www.angi.com/companylist/us/az/phoenix/painting.htm | https://www.angi.com/companylist/us/az/casa-grande/roofing.htm,2026-07-22,platform-sunguard-custom-painting-phoenix,,,,
357,,Research-only · not ready to call,"Superior Outdoor Specialists, Inc.",Landscaping,Phoenix,AZ,,,Angi,Confirmed paid,Angi: Approved advertiser badge (Confirmed paid),Angi · response 1 day,Research first,"Paid lead-acquisition activity is verified, but the business identity, contact details, website, and Google profile still need to be joined before outreach.",Not yet cross-checked,,0,,https://www.google.com/maps/search/?api=1&query=Superior%20Outdoor%20Specialists%2C%20Inc.%20Arizona,Website not yet cross-checked,,,https://www.angi.com/companylist/us/az/phoenix/landscaping.htm,2026-07-22,platform-superior-outdoor-specialists-phoenix,,,,
358,,Research-only · not ready to call,SUSPIRIUM HOMES - AZ LLC,General Contractor,Phoenix,AZ,,,Angi,Confirmed paid,Angi: Approved advertiser badge (Confirmed paid),Angi · 4 recent quote requests,Research first,"Paid lead-acquisition activity is verified, but the business identity, contact details, website, and Google profile still need to be joined before outreach.",Not yet cross-checked,,0,,https://www.google.com/maps/search/?api=1&query=SUSPIRIUM%20HOMES%20-%20AZ%20LLC%20Arizona,Website not yet cross-checked,,,https://www.angi.com/companylist/us/az/phoenix/contractor.htm,2026-07-22,platform-suspirium-homes-az-phoenix,,,,
359,,Research-only · not ready to call,SWC DESIGN & BUILD INC.,General Contractor,Phoenix,AZ,,,Angi,Confirmed paid,Angi: Approved advertiser badge (Confirmed paid),Angi · response 3 days · 9 recent quote requests,Research first,"Paid lead-acquisition activity is verified, but the business identity, contact details, website, and Google profile still need to be joined before outreach.",Not yet cross-checked,,0,,https://www.google.com/maps/search/?api=1&query=SWC%20DESIGN%20%26%20BUILD%20INC.%20Arizona,Website not yet cross-checked,,,https://www.angi.com/companylist/us/az/phoenix/contractor.htm,2026-07-22,platform-swc-design-and-build-phoenix,,,,
360,,Research-only · not ready to call,"Terrell Development Corp., Inc.",General Contractor,Tucson,AZ,,,Angi,Confirmed paid,Angi: Approved advertiser badge (Confirmed paid),Angi · response 1 day · rate 94%,Research first,"Paid lead-acquisition activity is verified, but the business identity, contact details, website, and Google profile still need to be joined before outreach.",Not yet cross-checked,,0,,https://www.google.com/maps/search/?api=1&query=Terrell%20Development%20Corp.%2C%20Inc.%20Arizona,Website not yet cross-checked,,,https://www.angi.com/companylist/us/az/tucson/contractor.htm,2026-07-22,platform-terrell-development-tucson,,,,
361,,Research-only · not ready to call,THE CUTTING EDGE TREE SERVICE AND LANDSCAPING LLC,Landscaping,Tucson,AZ,,,Angi,Confirmed paid,Angi: Approved advertiser badge (Confirmed paid),Angi · 2 recent quote requests,Research first,"Paid lead-acquisition activity is verified, but the business identity, contact details, website, and Google profile still need to be joined before outreach.",Not yet cross-checked,,0,,https://www.google.com/maps/search/?api=1&query=THE%20CUTTING%20EDGE%20TREE%20SERVICE%20AND%20LANDSCAPING%20LLC%20Arizona,Website not yet cross-checked,,,https://www.angi.com/companylist/us/az/tucson/landscaping.htm,2026-07-22,platform-the-cutting-edge-tree-service-and-landscaping-tucson,,,,
362,,Research-only · not ready to call,"The Move Phoenix, LLC",Moving,Phoenix,AZ,,,Angi,Confirmed paid,Angi: Approved advertiser badge (Confirmed paid),Angi · response 10 hrs,Research first,"Paid lead-acquisition activity is verified, but the business identity, contact details, website, and Google profile still need to be joined before outreach.",Not yet cross-checked,,0,,https://www.google.com/maps/search/?api=1&query=The%20Move%20Phoenix%2C%20LLC%20Arizona,Website not yet cross-checked,,,https://www.angi.com/companylist/us/az/phoenix/moving.htm,2026-07-22,platform-the-move-phoenix-phoenix,,,,
363,,Research-only · not ready to call,The Reno Guys LLC,General Contractor,Tucson,AZ,,,Angi,Confirmed paid,Angi: Approved advertiser badge (Confirmed paid),Angi · 9 recent quote requests,Research first,"Paid lead-acquisition activity is verified, but the business identity, contact details, website, and Google profile still need to be joined before outreach.",Not yet cross-checked,,0,,https://www.google.com/maps/search/?api=1&query=The%20Reno%20Guys%20LLC%20Arizona,Website not yet cross-checked,,,https://www.angi.com/companylist/us/az/tucson/contractor.htm,2026-07-22,platform-the-reno-guys-tucson,,,,
364,,Research-only · not ready to call,"The Solar Store, LLC",Plumbing,Sierra Vista,AZ,,,Angi,Confirmed paid,Angi: Approved advertiser badge (Confirmed paid),Angi · response 1 day · 39 recent quote requests,Research first,"Paid lead-acquisition activity is verified, but the business identity, contact details, website, and Google profile still need to be joined before outreach.",Not yet cross-checked,,0,,https://www.google.com/maps/search/?api=1&query=The%20Solar%20Store%2C%20LLC%20Arizona,Website not yet cross-checked,,,https://www.angi.com/companylist/us/az/sierra-vista/plumbing.htm,2026-07-22,platform-the-solar-store-sierra-vista,,,,
365,,Research-only · not ready to call,"THOMPSON FAMILY PLUMBING AND DRAIN, LLC",Plumbing,Lake Havasu City,AZ,,,Angi,Confirmed paid,Angi: Approved advertiser badge (Confirmed paid),Angi · 6 recent quote requests,Research first,"Paid lead-acquisition activity is verified, but the business identity, contact details, website, and Google profile still need to be joined before outreach.",Not yet cross-checked,,0,,https://www.google.com/maps/search/?api=1&query=THOMPSON%20FAMILY%20PLUMBING%20AND%20DRAIN%2C%20LLC%20Arizona,Website not yet cross-checked,,,https://www.angi.com/companylist/us/az/lake-havasu-city/plumbing.htm,2026-07-22,platform-thompson-family-plumbing-and-drain-lake-havasu-city,,,,
366,,Research-only · not ready to call,"Tiger and Services, LLC",Roofing,Flagstaff,AZ,,,Angi,Confirmed paid,Angi: Approved advertiser badge (Confirmed paid),Angi · response 11 hrs · 8 recent quote requests,Research first,"Paid lead-acquisition activity is verified, but the business identity, contact details, website, and Google profile still need to be joined before outreach.",Not yet cross-checked,,0,,https://www.google.com/maps/search/?api=1&query=Tiger%20and%20Services%2C%20LLC%20Arizona,Website not yet cross-checked,,,https://www.angi.com/companylist/us/az/flagstaff/roofing.htm,2026-07-22,platform-tiger-and-services-flagstaff,,,,
367,,Research-only · not ready to call,"Top Care Air, LLC",HVAC,Tucson,AZ,,,Angi,Confirmed paid,Angi: Approved advertiser badge (Confirmed paid),Angi · 116 recent quote requests,Research first,"Paid lead-acquisition activity is verified, but the business identity, contact details, website, and Google profile still need to be joined before outreach.",Not yet cross-checked,,0,,https://www.google.com/maps/search/?api=1&query=Top%20Care%20Air%2C%20LLC%20Arizona,Website not yet cross-checked,,,https://www.angi.com/companylist/us/az/tucson/hvac.htm,2026-07-22,platform-top-care-air-tucson,,,,
368,,Research-only · not ready to call,"Tribar Construction, LLC",General Contractor,Phoenix,AZ,,,Angi,Confirmed paid,Angi: Approved advertiser badge (Confirmed paid),Angi · response 2 days · 7 recent quote requests,Research first,"Paid lead-acquisition activity is verified, but the business identity, contact details, website, and Google profile still need to be joined before outreach.",Not yet cross-checked,,0,,https://www.google.com/maps/search/?api=1&query=Tribar%20Construction%2C%20LLC%20Arizona,Website not yet cross-checked,,,https://www.angi.com/companylist/us/az/phoenix/contractor.htm,2026-07-22,platform-tribar-construction-phoenix,,,,
369,,Research-only · not ready to call,Trustworthy Affordable Roofing LLC,Roofing,Tucson,AZ,,,Angi,Confirmed paid,Angi: Approved advertiser badge (Confirmed paid),Angi · response 5 hrs · rate 100% · 1 recent quote requests,Research first,"Paid lead-acquisition activity is verified, but the business identity, contact details, website, and Google profile still need to be joined before outreach.",Not yet cross-checked,,0,,https://www.google.com/maps/search/?api=1&query=Trustworthy%20Affordable%20Roofing%20LLC%20Arizona,Website not yet cross-checked,,,https://www.angi.com/companylist/us/az/tucson/roofing.htm,2026-07-22,platform-trustworthy-affordable-roofing-tucson,,,,
370,,Research-only · not ready to call,Two Guys And A Sponge,House Cleaning,Tucson,AZ,,,Angi,Confirmed paid,Angi: Approved advertiser badge (Confirmed paid),,Research first,"Paid lead-acquisition activity is verified, but the business identity, contact details, website, and Google profile still need to be joined before outreach.",Not yet cross-checked,,0,,https://www.google.com/maps/search/?api=1&query=Two%20Guys%20And%20A%20Sponge%20Arizona,Website not yet cross-checked,,,https://www.angi.com/companylist/us/az/tucson/house-cleaning.htm,2026-07-22,platform-two-guys-and-a-sponge-tucson,,,,
371,,Research-only · not ready to call,United Prime Van Lines Corp.,Moving,Tucson,AZ,,,Angi,Confirmed paid,Angi: Approved advertiser badge (Confirmed paid),Angi · response 10 mins · rate 100% · 2 recent quote requests,Research first,"Paid lead-acquisition activity is verified, but the business identity, contact details, website, and Google profile still need to be joined before outreach.",Not yet cross-checked,,0,,https://www.google.com/maps/search/?api=1&query=United%20Prime%20Van%20Lines%20Corp.%20Arizona,Website not yet cross-checked,,,https://www.angi.com/companylist/us/az/tucson/moving.htm,2026-07-22,platform-united-prime-van-lines-tucson,,,,
372,,Research-only · not ready to call,"USA Plumbing and Septic, LLC",Plumbing,Lake Havasu City,AZ,,,Angi,Confirmed paid,Angi: Approved advertiser badge (Confirmed paid),Angi · response 3 hrs · 12 recent quote requests,Research first,"Paid lead-acquisition activity is verified, but the business identity, contact details, website, and Google profile still need to be joined before outreach.",Not yet cross-checked,,0,,https://www.google.com/maps/search/?api=1&query=USA%20Plumbing%20and%20Septic%2C%20LLC%20Arizona,Website not yet cross-checked,,,https://www.angi.com/companylist/us/az/lake-havasu-city/plumbing.htm,2026-07-22,platform-usa-plumbing-and-septic-lake-havasu-city,,,,
373,,Research-only · not ready to call,USA Showers,Plumbing,Casa Grande,AZ,,,Angi,Confirmed paid,Angi: Approved advertiser badge (Confirmed paid),Angi · 252 recent quote requests,Research first,"Paid lead-acquisition activity is verified, but the business identity, contact details, website, and Google profile still need to be joined before outreach.",Not yet cross-checked,,0,,https://www.google.com/maps/search/?api=1&query=USA%20Showers%20Arizona,Website not yet cross-checked,,,https://www.angi.com/companylist/us/az/casa-grande/plumbing.htm,2026-07-22,platform-usa-showers-casa-grande,,,,
374,,Research-only · not ready to call,Valdez Custom Builders LLC,General Contractor,Tucson,AZ,,,Angi,Confirmed paid,Angi: Approved advertiser badge (Confirmed paid),Angi · response 3 days · 15 recent quote requests,Research first,"Paid lead-acquisition activity is verified, but the business identity, contact details, website, and Google profile still need to be joined before outreach.",Not yet cross-checked,,0,,https://www.google.com/maps/search/?api=1&query=Valdez%20Custom%20Builders%20LLC%20Arizona,Website not yet cross-checked,,,https://www.angi.com/companylist/us/az/tucson/contractor.htm,2026-07-22,platform-valdez-custom-builders-tucson,,,,
375,,Research-only · not ready to call,Valentine Plumbing,Plumbing,Tucson,AZ,,,Yelp,Confirmed paid,Yelp: Sponsored result (Confirmed paid),Yelp · response 4 hrs,Research first,"Paid lead-acquisition activity is verified, but the business identity, contact details, website, and Google profile still need to be joined before outreach.",Not yet cross-checked,,0,,https://www.google.com/search?q=Valentine%20Plumbing%20Tucson%20AZ,Not audited,,https://www.yelp.com/biz/valentine-plumbing-tucson-3,https://www.yelp.com/search?find_desc=Plumbers&find_loc=Tucson%2C%20AZ,2026-07-21,platform-valentine-plumbing-tucson,,,,
376,,Research-only · not ready to call,Valenzuela's Cleaning Services,House Cleaning,Tucson,AZ,,,Angi,Confirmed paid,Angi: Approved advertiser badge (Confirmed paid),Angi · 1 recent quote requests,Research first,"Paid lead-acquisition activity is verified, but the business identity, contact details, website, and Google profile still need to be joined before outreach.",Not yet cross-checked,,0,,https://www.google.com/maps/search/?api=1&query=Valenzuela's%20Cleaning%20Services%20Arizona,Website not yet cross-checked,,,https://www.angi.com/companylist/us/az/tucson/house-cleaning.htm,2026-07-22,platform-valenzuela-s-cleaning-services-tucson,,,,
377,,Research-only · not ready to call,Valley Breeze Mechanical LLC,HVAC,Casa Grande,AZ,,,Angi,Confirmed paid,Angi: Approved advertiser badge (Confirmed paid),Angi · response 11 hrs · 9 recent quote requests,Research first,"Paid lead-acquisition activity is verified, but the business identity, contact details, website, and Google profile still need to be joined before outreach.",Not yet cross-checked,,0,,https://www.google.com/maps/search/?api=1&query=Valley%20Breeze%20Mechanical%20LLC%20Arizona,Website not yet cross-checked,,,https://www.angi.com/companylist/us/az/casa-grande/hvac.htm,2026-07-22,platform-valley-breeze-mechanical-casa-grande,,,,
378,,Research-only · not ready to call,"Valley Electrical Services, LLC",Electrical,Casa Grande,AZ,,,Angi,Confirmed paid,Angi: Approved advertiser badge (Confirmed paid),Angi · response 5 hrs · 2 recent quote requests,Research first,"Paid lead-acquisition activity is verified, but the business identity, contact details, website, and Google profile still need to be joined before outreach.",Not yet cross-checked,,0,,https://www.google.com/maps/search/?api=1&query=Valley%20Electrical%20Services%2C%20LLC%20Arizona,Website not yet cross-checked,,,https://www.angi.com/companylist/us/az/casa-grande/electrical.htm,2026-07-22,platform-valley-electrical-services-casa-grande,,,,
379,,Research-only · not ready to call,"Vargas Electric, LLC",Electrical,Tucson,AZ,,,Angi,Confirmed paid,Angi: Approved advertiser badge (Confirmed paid),Angi · response 9 hrs · 1 recent quote requests,Research first,"Paid lead-acquisition activity is verified, but the business identity, contact details, website, and Google profile still need to be joined before outreach.",Not yet cross-checked,,0,,https://www.google.com/maps/search/?api=1&query=Vargas%20Electric%2C%20LLC%20Arizona,Website not yet cross-checked,,,https://www.angi.com/companylist/us/az/tucson/electrical.htm,2026-07-22,platform-vargas-electric-tucson,,,,
380,,Research-only · not ready to call,"Vista Pros Heating & Cooling, Inc.",HVAC,Sierra Vista,AZ,,,Angi,Confirmed paid,Angi: Approved advertiser badge (Confirmed paid),Angi · response 7 hrs · 9 recent quote requests,Research first,"Paid lead-acquisition activity is verified, but the business identity, contact details, website, and Google profile still need to be joined before outreach.",Not yet cross-checked,,0,,https://www.google.com/maps/search/?api=1&query=Vista%20Pros%20Heating%20%26%20Cooling%2C%20Inc.%20Arizona,Website not yet cross-checked,,,https://www.angi.com/companylist/us/az/sierra-vista/hvac.htm,2026-07-22,platform-vista-pros-heating-and-cooling-sierra-vista,,,,
381,,Research-only · not ready to call,Vista SC Painting LLC,Painting,Tucson,AZ,,,Angi,Confirmed paid,Angi: Approved advertiser badge (Confirmed paid),,Research first,"Paid lead-acquisition activity is verified, but the business identity, contact details, website, and Google profile still need to be joined before outreach.",Not yet cross-checked,,0,,https://www.google.com/maps/search/?api=1&query=Vista%20SC%20Painting%20LLC%20Arizona,Website not yet cross-checked,,,https://www.angi.com/companylist/us/az/tucson/painting.htm,2026-07-22,platform-vista-sc-painting-tucson,,,,
382,,Research-only · not ready to call,Wash Away,House Cleaning,Tucson,AZ,,,Angi,Confirmed paid,Angi: Approved advertiser badge (Confirmed paid),Angi · response 6 hrs · rate 96% · 18 recent quote requests,Research first,"Paid lead-acquisition activity is verified, but the business identity, contact details, website, and Google profile still need to be joined before outreach.",Not yet cross-checked,,0,,https://www.google.com/maps/search/?api=1&query=Wash%20Away%20Arizona,Website not yet cross-checked,,,https://www.angi.com/companylist/us/az/tucson/house-cleaning.htm,2026-07-22,platform-wash-away-tucson,,,,
383,,Research-only · not ready to call,"Welch Cleaning Service, Inc.",House Cleaning,Tucson,AZ,,,Angi,Confirmed paid,Angi: Approved advertiser badge (Confirmed paid),Angi · 1 recent quote requests,Research first,"Paid lead-acquisition activity is verified, but the business identity, contact details, website, and Google profile still need to be joined before outreach.",Not yet cross-checked,,0,,https://www.google.com/maps/search/?api=1&query=Welch%20Cleaning%20Service%2C%20Inc.%20Arizona,Website not yet cross-checked,,,https://www.angi.com/companylist/us/az/tucson/house-cleaning.htm,2026-07-22,platform-welch-cleaning-service-tucson,,,,
384,,Research-only · not ready to call,Wildcat Painting Company LLC,Painting,Tucson,AZ,,,Angi,Confirmed paid,Angi: Approved advertiser badge (Confirmed paid),Angi · 11 recent quote requests,Research first,"Paid lead-acquisition activity is verified, but the business identity, contact details, website, and Google profile still need to be joined before outreach.",Not yet cross-checked,,0,,https://www.google.com/maps/search/?api=1&query=Wildcat%20Painting%20Company%20LLC%20Arizona,Website not yet cross-checked,,,https://www.angi.com/companylist/us/az/tucson/painting.htm,2026-07-22,platform-wildcat-painting-tucson,,,,
385,,Research-only · not ready to call,Worker Bee Home Services,Electrical,Sierra Vista,AZ,,,Angi,Confirmed paid,Angi: New to Angi advertiser badge (Confirmed paid),,Research first,"Paid lead-acquisition activity is verified, but the business identity, contact details, website, and Google profile still need to be joined before outreach.",Not yet cross-checked,,0,,https://www.google.com/maps/search/?api=1&query=Worker%20Bee%20Home%20Services%20Arizona,Website not yet cross-checked,,,https://www.angi.com/companylist/us/az/sierra-vista/electrical.htm,2026-07-22,platform-worker-bee-home-services-sierra-vista,,,,
386,,Research-only · not ready to call,"Wurke Bettler Home Services, LLC",HVAC,Prescott,AZ,,,Angi,Confirmed paid,Angi: Approved advertiser badge (Confirmed paid),Angi · response 1 day · rate 89%,Research first,"Paid lead-acquisition activity is verified, but the business identity, contact details, website, and Google profile still need to be joined before outreach.",Not yet cross-checked,,0,,https://www.google.com/maps/search/?api=1&query=Wurke%20Bettler%20Home%20Services%2C%20LLC%20Arizona,Website not yet cross-checked,,,https://www.angi.com/companylist/us/az/prescott/hvac.htm,2026-07-22,platform-wurke-bettler-home-services-prescott,,,,
387,,Research-only · not ready to call,"York Painting & Roofing, LLC",Roofing,Phoenix,AZ,,,Angi,Confirmed paid,Angi: Approved advertiser badge (Confirmed paid),Angi · response 9 hrs · rate 95% · 1 recent quote requests,Research first,"Paid lead-acquisition activity is verified, but the business identity, contact details, website, and Google profile still need to be joined before outreach.",Not yet cross-checked,,0,,https://www.google.com/maps/search/?api=1&query=York%20Painting%20%26%20Roofing%2C%20LLC%20Arizona,Website not yet cross-checked,,,https://www.angi.com/companylist/us/az/phoenix/roofing.htm,2026-07-22,platform-york-painting-and-roofing-phoenix,,,,
388,,Research-only · not ready to call,"Yuma Electric Service, LLC",Electrical,Yuma,AZ,,,Angi,Confirmed paid,Angi: Approved advertiser badge (Confirmed paid),Angi · response 1 day · 1 recent quote requests,Research first,"Paid lead-acquisition activity is verified, but the business identity, contact details, website, and Google profile still need to be joined before outreach.",Not yet cross-checked,,0,,https://www.google.com/maps/search/?api=1&query=Yuma%20Electric%20Service%2C%20LLC%20Arizona,Website not yet cross-checked,,,https://www.angi.com/companylist/us/az/yuma/electrical.htm,2026-07-22,platform-yuma-electric-service-yuma,,,,
389,,Research-only · not ready to call,LIV Fresh Cleaning Services,House cleaning,Tucson,AZ,,,HomeAdvisor / Angi Leads,Likely active lead-buyer,HomeAdvisor / Angi Leads: Active lead-platform signal (Likely active lead-buyer),,Research first,"Paid lead-acquisition activity is verified, but the business identity, contact details, website, and Google profile still need to be joined before outreach.",Not yet cross-checked,,0,,https://www.google.com/maps/search/?api=1&query=LIV%20Fresh%20Cleaning%20Services%20Tucson%20AZ,Owned website surfaced; verify live before outreach,http://www.livfreshcleaning.com/,,https://www.homeadvisor.com/tloc/Tucson-AZ/Maid-Service/,2026-07-21,platform-liv-fresh-cleaning-services-tucson,,,,
